,,,DBN,School Name,School Type,Enrollment,Impact Score,Performance Score,Instruction and Performance - Rating,Safety and School Climate - Rating,Relationships with Families - Rating,Instruction/Learning Environment - School Percent Positive,Advising and Planning - School Percent Positive,Safety - School Percent Positive,School Leadership - School Percent Positive,Student Support - School Percent Positive,Teaching Environment - School Percent Positive,Communication - School Percent Positive,Family Involvement - School Percent Positive,Family-School Trust - School Percent Positive,Average Incoming ELA Proficiency (Based on 5th Grade),Average Incoming Math Proficiency (Based on 5th Grade),Percent Female,Percent Male,Percent Neither Female nor Male,Percent English Language Learners,Percent Students with IEPs,Percentage of students recommended for general ed settings with Special Ed Teacher Support Services (SETSS),Percentage of students recommended for Integrated Co-Teaching (ICT) services,Percentage of students recommended for Special Class (SC) services,Economic Need Index,Percent in Temp Housing,Percent HRA Eligible,Student Percent - Asian,Student Percent - Black,Student Percent - Hispanic,Student Percent - Native American,Student Percent - Native Hawaiian or Pacific Islander,Student Percent - White,Teacher Percent - Asian,Teacher Percent - Black,Teacher Percent - Hispanic,Teacher Percent - Native American,Teacher Percent - Native Hawaiian or Pacific Islander,Teacher Percent - White,Nearby Student Distance (mi),Nearby Student Percent - Asian,Nearby Student Percent - Black,Nearby Student Percent - Hispanic,Nearby Student Percent - Native American,Nearby Student Percent - Native Hawaiian or Pacific Islander,Nearby Student Percent - White,District Percent - Asian,District Percent - Black,District Percent - Hispanic,District Percent - Native American,District Percent - Native Hawaiian or Pacific Islander,District Percent - White,Years of principal experience at this school,Percent of teachers with 3 or more years of experience,Average Student Attendance,Percentage of Students with >90% Attendance,Teacher Attendance Rate,Percentage of students with IEPs receiving all recommended special education programs,Percentage of students with IEPs receiving some recommended special education programs,Percentage of students with IEPs receiving no recommended special education programs,Percentage of students with IEPs receiving all recommended related services,Percentage of students with IEPs receiving some recommended related services,Percentage of students with IEPs receiving no recommended related services
,,,,,,,,,,,,,,,,,,,,,,,,,,,,,,,,,,,,,,,,,,,,,,,,,,,,,,,,,,,,,,,,,,,,,
,,,01M015,P.S. 015 Roberto Clemente,Elementary,172,0.56,0.54,Good,Good,Excellent,0.84,,0.69,0.91,0.91,0.93,0.98,0.96,0.99,,,0.483,0.517,0,0.14,0.256,0,0.227,0.012,0.888,0.343,0.797,0.07,0.227,0.581,0,0.023,0.047,N<5,N<5,N<5,0,0,0.667,0.3,0.094,0.228,0.564,0.004,0.004,0.075,0.065,0.161,0.563,0.006,0.004,0.154,14.1,0.667,0.882,0.483,0.971,1,0,0,0.99,N/A,N/A
,,,01M020,P.S. 020 Anna Silver,Elementary,352,0.28,0.36,Needs Improvement,Good,Excellent,0.82,1,0.68,0.92,0.94,0.92,0.98,0.92,0.98,,,0.511,0.489,0,0.335,0.207,0.043,0.111,0.02,0.865,0.361,0.778,0.153,0.151,0.594,0.014,0,0.06,0.297,N<5,0.216,0,0,0.405,0.7,0.304,0.139,0.366,0.004,0.002,0.134,0.065,0.161,0.563,0.006,0.004,0.154,8.1,0.811,0.864,0.44,0.956,0.85,N/A,N/A,0.98,N/A,N/A
,,,01M034,P.S. 034 Franklin D. Roosevelt,K-8,189,0.52,0.29,Fair,Fair,Good,0.75,0.87,0.5,0.82,0.67,0.84,0.94,0.86,0.93,,,0.45,0.55,0,0.206,0.296,0.011,0.254,0.016,> 95%,0.381,0.868,0.026,0.381,0.561,0,0,0.032,N<5,N<5,0.303,0,0,0.515,0.2,0.082,0.289,0.505,0.003,0.003,0.081,0.172,0.149,0.46,0.005,0.003,0.153,2.1,0.576,0.862,0.425,0.963,1,0,0,0.97,N/A,N/A
,,,01M063,The STAR Academy - P.S.63,Elementary,177,0.36,0.37,Fair,Fair,Good,0.79,,0.76,0.73,0.84,0.78,0.92,0.96,0.92,,,0.492,0.508,0,0.175,0.367,0,0.282,0.051,0.839,0.26,0.774,0.006,0.158,0.74,0,0,0.079,N<5,N<5,N<5,0,0,0.667,0.7,0.244,0.126,0.379,0.004,0.003,0.189,0.065,0.161,0.563,0.006,0.004,0.154,1.1,0.952,0.869,0.433,0.949,0.91,N/A,N/A,0.98,N/A,N/A
,,,01M064,P.S. 064 Robert Simon,Elementary,156,0.42,0.39,Fair,Fair,Excellent,0.8,0.83,0.72,0.83,0.8,0.87,0.94,0.96,0.97,,,0.513,0.487,0,0.167,0.359,0,0.333,0.019,0.922,0.301,0.833,0.006,0.199,0.744,0,0,0.045,0,N<5,N<5,0,0,0.826,0.4,0.111,0.207,0.548,0.004,0.004,0.088,0.065,0.161,0.563,0.006,0.004,0.154,1,0.652,0.886,0.537,0.973,0.96,N/A,N/A,0.97,N/A,N/A
,,,01M110,P.S. 110 Florence Nightingale,Elementary,248,0.64,0.68,Good,Fair,Good,0.78,,0.64,0.8,0.77,0.78,0.91,0.95,0.96,,,0.456,0.544,0,0.016,0.177,0,0.149,0.004,0.709,0.109,0.605,0.121,0.133,0.528,0.004,0.012,0.173,N<5,0,N<5,0,0,0.741,0.3,0.147,0.174,0.494,0.005,0.005,0.121,0.065,0.161,0.563,0.006,0.004,0.154,16.2,0.778,0.917,0.651,0.972,1,0,0,0.95,N/A,N/A
,,,01M134,P.S. 134 Henrietta Szold,Elementary,177,0.29,0.27,Fair,Fair,Excellent,0.74,,0.5,0.81,0.88,0.84,0.97,0.94,0.98,,,0.469,0.531,0,0.271,0.373,0.006,0.215,0.107,> 95%,0.379,0.915,0.045,0.294,0.599,0.006,0.006,0.028,N<5,N<5,N<5,0,0,0.609,0.3,0.238,0.174,0.375,0.006,0.002,0.142,0.065,0.161,0.563,0.006,0.004,0.154,6.2,0.87,0.858,0.381,0.97,0.98,N/A,N/A,1,0,0
,,,01M140,P.S. 140 Nathan Straus,K-8,342,0.45,0.24,Fair,Needs Improvement,Fair,0.61,0.75,0.41,0.72,0.63,0.65,0.89,0.86,0.87,,,0.465,0.535,0,0.307,0.351,0.003,0.202,0.114,0.948,0.415,0.886,0.015,0.149,0.795,0,0,0.032,N<5,N<5,0.167,0,0,0.69,0.5,0.228,0.15,0.453,0.005,0.003,0.118,0.172,0.149,0.46,0.005,0.003,0.153,9.2,0.738,0.808,0.28,0.98,0.96,N/A,N/A,0.98,N/A,N/A
,,,01M142,P.S. 142 Amalia Castro,Elementary,317,0.4,0.39,Fair,Fair,Excellent,0.8,1,0.61,0.87,0.82,0.84,0.98,0.98,0.99,,,0.476,0.524,0,0.192,0.331,0,0.205,0.107,0.929,0.278,0.849,0.003,0.167,0.785,0.009,0,0.028,0.114,0.182,0.227,0,0,0.477,0.5,0.26,0.146,0.432,0.004,0.004,0.104,0.065,0.161,0.563,0.006,0.004,0.154,,0.75,0.866,0.438,0.954,0.95,N/A,N/A,0.98,N/A,N/A
,,,01M184,P.S. 184m Shuang Wen,K-8,682,0.58,0.86,Excellent,Excellent,Good,0.82,0.92,0.78,0.86,0.74,0.84,0.95,0.91,0.96,,,0.494,0.506,0,0.072,0.117,0,0.085,0.001,0.615,0.129,0.471,0.654,0.026,0.132,0.003,0,0.082,0.8,N<5,N<5,N<5,N<5,0.18,0.5,0.34,0.169,0.306,0.006,0.001,0.128,0.172,0.149,0.46,0.005,0.003,0.153,5,0.86,0.965,0.912,0.971,0.93,N/A,N/A,1,0,0
,,,01M188,P.S. 188 The Island School,K-8,417,0.71,0.42,Good,Good,Excellent,1,1,1,0.99,0.99,0.99,1,1,1,,,0.46,0.54,0,0.319,0.293,0.002,0.18,0.094,> 95%,0.552,0.902,0.019,0.245,0.686,0.012,0.01,0.014,N<5,0.216,0.432,0,0,0.189,0.4,0.108,0.234,0.578,0.007,0.004,0.049,0.172,0.149,0.46,0.005,0.003,0.153,10.1,0.757,0.827,0.324,0.96,0.96,N/A,N/A,1,N/A,N/A
,,,01M315,The East Village Community School,Elementary,404,0.51,0.61,Good,Good,Excellent,0.86,0.75,0.85,0.86,0.91,0.9,0.98,0.98,0.97,,,0.5,0.5,0,0.047,0.312,0,0.25,0.027,0.529,0.067,0.45,0.089,0.092,0.403,0.002,0,0.322,0.086,N<5,0.138,0,0,0.724,0.7,0.124,0.101,0.294,0.003,0.002,0.375,0.065,0.161,0.563,0.006,0.004,0.154,10.1,0.81,0.926,0.761,0.973,0.96,N/A,N/A,0.99,N/A,N/A
,,,01M332,University Neighborhood Middle School,Middle,163,0.56,0.45,Good,Good,Excellent,0.8,0.94,0.67,0.93,0.79,0.94,0.97,0.9,0.97,2.56,2.17,0.485,0.515,0,0.166,0.38,0,0.301,0.08,0.936,0.313,0.859,0.025,0.227,0.669,0.006,0.006,0.049,N<5,N<5,0.231,0,0,0.5,0.5,0.37,0.151,0.325,0.005,0.001,0.11,0.07,0.188,0.573,0.006,0.002,0.128,15.9,0.808,0.843,0.407,0.98,0.98,N/A,N/A,0.98,N/A,N/A
,,,01M361,The Children's Workshop School,Elementary,269,0.43,0.49,Fair,Good,Good,0.88,,0.92,0.9,0.99,0.88,0.95,0.95,0.93,,,0.468,0.532,0,0.186,0.23,0.004,0.201,0,0.6,0.257,0.502,0.059,0.082,0.431,0.007,0,0.331,N<5,N<5,0.233,0,0,0.5,0.4,0.092,0.204,0.424,0.003,0.003,0.206,0.065,0.161,0.563,0.006,0.004,0.154,20.2,0.8,0.902,0.61,0.962,0.94,N/A,N/A,0.99,N/A,N/A
,,,01M363,Neighborhood School,Elementary,205,,,,Good,Good,0.87,,0.91,0.83,0.87,0.77,0.92,0.95,0.9,,,0.483,0.512,0.005,0.02,0.302,0,0.288,0,0.532,0.083,0.434,0.059,0.102,0.371,0.02,0.005,0.361,N<5,0.227,N<5,0,0,0.545,0.7,0.244,0.127,0.378,0.004,0.003,0.19,0.065,0.161,0.563,0.006,0.004,0.154,11,0.636,0.902,0.622,0.996,0.95,N/A,N/A,0.99,N/A,N/A
,,,01M364,Earth School,Elementary,176,0.29,0.38,Fair,Good,Excellent,0.8,,0.68,0.88,0.88,0.87,0.99,0.98,0.94,,,0.489,0.511,0,0.045,0.369,0.006,0.301,0.04,0.639,0.142,0.557,0.045,0.085,0.506,0,0,0.244,N<5,N<5,N<5,0,0,0.68,0.5,0.117,0.2,0.535,0.003,0.003,0.1,0.065,0.161,0.563,0.006,0.004,0.154,5.1,1,0.903,0.676,0.955,0.89,0.11,0,0.97,N/A,N/A
,,,01M378,School for Global Leaders,Middle,178,0.49,0.37,Good,Good,Excellent,0.75,0.9,0.73,0.92,0.74,0.94,0.99,0.96,1,2.44,2.21,0.455,0.539,0.006,0.354,0.303,0,0.27,0.017,0.926,0.404,0.82,0.101,0.163,0.64,0.011,0,0.067,0.25,N<5,N<5,0,N<5,0.4,0.7,0.326,0.144,0.393,0.006,0.001,0.103,0.07,0.188,0.573,0.006,0.002,0.128,8.2,0.7,0.884,0.516,0.936,0.96,N/A,N/A,0.87,0,0.13
,,,01M450,East Side Community School,Middle,317,0.49,0.5,Good,Excellent,Excellent,0.82,0.89,0.74,0.91,0.78,0.84,0.97,0.92,0.98,2.76,2.58,0.41,0.59,0,0.022,0.347,0.006,0.293,0.032,0.722,0.131,0.544,0.057,0.205,0.53,0.006,0.003,0.142,0.088,0.191,0.265,0,0,0.397,0.9,0.178,0.139,0.359,0.007,0.001,0.256,0.07,0.188,0.573,0.006,0.002,0.128,23.1,0.794,0.925,0.739,0.967,0.9,N/A,N/A,0.98,0,0.03
,,,01M539,"New Explorations into Science, Technology and Math High School",K-8,1040,0.49,1.06,Excellent,Excellent,Excellent,0.81,0.88,0.82,0.85,0.72,0.85,0.94,0.91,0.97,,,0.518,0.482,0,0.007,0.093,0.026,0.038,0.001,0.189,0.015,0.21,0.417,0.024,0.072,0.002,0.002,0.356,0.204,0.051,0.051,0,0,0.673,3,0.136,0.184,0.343,0.006,0.003,0.268,0.172,0.149,0.46,0.005,0.003,0.153,4.2,0.765,0.955,0.921,0.969,0.96,0.04,0,0.95,0,0.05
,,,01M839,Tompkins Square Middle School,Middle,328,0.52,0.54,Good,Good,Good,0.81,0.92,0.61,0.83,0.74,0.83,0.92,0.92,0.88,2.75,2.55,0.512,0.488,0,0.034,0.363,0,0.332,0.006,0.724,0.149,0.628,0.088,0.165,0.53,0.003,0,0.186,N<5,0.161,N<5,0,0,0.645,0.4,0.12,0.204,0.543,0.012,0.003,0.098,0.07,0.188,0.573,0.006,0.002,0.128,16.1,0.807,0.913,0.676,0.947,0.96,N/A,N/A,1,0,0
,,,02M001,P.S. 001 Alfred E. Smith,Elementary,172,0.45,0.43,Fair,Fair,Excellent,0.76,,0.68,0.77,0.69,0.83,0.95,0.95,0.97,,,0.419,0.581,0,0.291,0.302,0.012,0.203,0.041,0.867,0.192,0.808,0.314,0.238,0.36,0.023,0.006,0.035,0.6,N<5,N<5,0,0,0.24,0.2,0.708,0.075,0.143,0.002,0.002,0.027,0.237,0.065,0.23,0.006,0.002,0.383,0,0.64,0.882,0.505,0.967,0.98,N/A,N/A,0.97,N/A,N/A
,,,02M002,P.S. 002 Meyer London,Elementary,271,0.58,0.64,Good,Good,Excellent,0.85,1,0.82,0.95,0.83,0.95,0.99,0.94,0.97,,,0.458,0.542,0,0.255,0.339,0.011,0.214,0.063,0.891,0.137,0.845,0.498,0.148,0.295,0.007,0,0.048,0.421,N<5,0.132,0,0,0.342,0.1,0.418,0.233,0.267,0.012,0,0.039,0.237,0.065,0.23,0.006,0.002,0.383,8.2,0.974,0.909,0.576,0.962,0.99,N/A,N/A,0.96,N/A,N/A
,,,02M003,P.S. 003 Charrette School,Elementary,498,0.61,0.7,Excellent,Fair,Good,0.78,0.78,0.77,0.59,0.81,0.72,0.93,0.96,0.81,,,0.45,0.55,0,0.082,0.257,0.01,0.139,0.074,0.29,0.046,0.253,0.106,0.052,0.187,0.006,0.002,0.596,0.098,N<5,N<5,0,0,0.804,0.6,0.087,0.031,0.135,0.009,0.002,0.635,0.237,0.065,0.23,0.006,0.002,0.383,6.2,0.863,0.922,0.756,0.974,0.99,N/A,N/A,0.99,N/A,N/A
,,,02M006,P.S. 006 Lillie D. Blake,Elementary,499,0.77,0.88,Excellent,Excellent,Excellent,0.87,,0.86,0.89,0.95,0.89,0.97,0.96,0.94,,,0.513,0.487,0,0.038,0.212,0.048,0.112,0.002,0.101,0.006,0.074,0.168,0.016,0.122,0.002,0,0.631,N<5,N<5,0.146,0,0,0.732,0.2,0.158,0.007,0.136,0.007,0,0.629,0.237,0.065,0.23,0.006,0.002,0.383,18.1,0.707,0.944,0.866,0.963,1,0,0,0.96,0,0.04
,,,02M011,P.S. 011: The Sarah J. Garnet Elementary School,Elementary,724,0.66,0.78,Excellent,Good,Excellent,0.88,,0.77,0.88,0.93,0.89,0.98,0.98,0.97,,,0.477,0.523,0,0.133,0.128,0.019,0.068,0.01,0.421,0.144,0.334,0.149,0.066,0.312,0.003,0,0.401,N<5,N<5,0.13,0,0,0.778,0.4,0.126,0.138,0.344,0.009,0.001,0.326,0.237,0.065,0.23,0.006,0.002,0.383,19.2,0.815,0.919,0.732,0.953,0.92,N/A,N/A,1,0,0
,,,02M033,P.S. 033 Chelsea Prep,Elementary,595,0.54,0.6,Good,,,,,,,,,,,,,,0.482,0.518,0,0.237,0.163,0.005,0.071,0.049,0.588,0.255,0.528,0.18,0.138,0.398,0.01,0.005,0.197,N<5,N<5,0.227,0,0,0.614,0.8,0.102,0.131,0.49,0.01,0.001,0.218,0.237,0.065,0.23,0.006,0.002,0.383,9.2,0.75,0.887,0.61,0.95,0.94,N/A,N/A,0.98,N/A,N/A
,,,02M040,P.S. 040 Augustus Saint-Gaudens,Elementary,519,0.65,0.76,Excellent,Excellent,Excellent,0.83,,0.95,0.82,0.91,0.89,0.98,0.97,0.97,,,0.491,0.509,0,0.029,0.208,0.052,0.127,0.006,0.239,0.027,0.16,0.114,0.029,0.183,0,0.002,0.547,N<5,0,0.189,0,0,0.73,0.2,0.139,0.025,0.147,0.003,0,0.548,0.237,0.065,0.23,0.006,0.002,0.383,0,0.892,0.941,0.842,0.967,0.98,N/A,N/A,0.99,N/A,N/A
,,,02M041,P.S. 041 Greenwich Village,Elementary,407,0.71,0.82,Excellent,Excellent,Excellent,0.9,,0.88,0.87,0.91,0.92,0.97,0.97,0.96,,,0.482,0.518,0,0.029,0.197,0.025,0.147,0.005,0.104,0.025,0.088,0.071,0.022,0.133,0.002,0,0.627,0.229,0,N<5,0,0,0.657,0.4,0.095,0.023,0.148,0.008,0.004,0.601,0.237,0.065,0.23,0.006,0.002,0.383,2.2,0.886,0.938,0.855,0.961,0.98,N/A,N/A,0.98,N/A,N/A
,,,02M042,P.S. 042 Benjamin Altman,Elementary,418,0.61,0.71,Excellent,Excellent,Excellent,0.91,1,0.92,0.98,0.95,0.97,1,0.97,0.99,,,0.471,0.529,0,0.225,0.289,0,0.256,0.01,0.641,0.072,0.569,0.73,0.029,0.096,0.002,0,0.112,0.776,N<5,N<5,0,0,0.138,0.3,0.635,0.061,0.171,0.003,0,0.089,0.237,0.065,0.23,0.006,0.002,0.383,0,0.741,0.947,0.837,0.966,0.96,N/A,N/A,1,0,0
,,,02M051,P.S. 051 Elias Howe,Elementary,399,0.44,0.46,Fair,Fair,Excellent,0.82,,0.76,0.9,0.91,0.89,0.95,0.93,0.97,,,0.461,0.539,0,0.393,0.243,0.008,0.12,0.105,0.748,0.383,0.694,0.078,0.128,0.612,0.008,0.003,0.15,N<5,N<5,N<5,0,0,0.73,0.4,0.154,0.171,0.405,0.005,0.003,0.197,0.237,0.065,0.23,0.006,0.002,0.383,6.2,0.757,0.864,0.434,0.963,0.86,0.14,0,0.98,N/A,N/A
,,,02M059,P.S. 059 Beekman Hill International,Elementary,502,0.68,0.83,Excellent,Excellent,Good,0.85,,0.88,0.88,0.92,0.9,0.95,0.95,0.93,,,0.456,0.544,0,0.086,0.131,0,0.102,0.002,0.118,0.018,0.106,0.235,0.034,0.078,0.006,0,0.586,0.128,N<5,0.154,0,0,0.667,0.3,0.227,0.018,0.087,0.003,0.003,0.582,0.237,0.065,0.23,0.006,0.002,0.383,2.1,0.615,0.933,0.81,0.951,1,0,0,1,0,0
,,,02M077,P.S. 77 Lower Lab School,Elementary,367,0.94,1.1,Excellent,Good,Excellent,0.77,,0.87,0.63,0.81,0.75,0.95,0.99,0.97,,,0.526,0.474,0,0.011,0.076,0.016,0.005,0,0.13,0.003,0.084,0.425,0.003,0.074,0,0.005,0.349,N<5,0,N<5,0,0,0.85,1.6,0.085,0.206,0.376,0.008,0.003,0.269,0.237,0.065,0.23,0.006,0.002,0.383,9.2,0.65,0.954,0.924,0.977,1,0,0,1,0,0
,,,02M089,P.S. 89,Elementary,300,0.72,0.85,Excellent,Excellent,Excellent,0.91,,0.97,0.83,0.94,0.9,0.98,0.92,0.98,,,0.51,0.49,0,0.057,0.203,0.01,0.153,0.003,0.116,0.027,0.077,0.183,0.013,0.123,0.003,0.007,0.507,0.231,N<5,N<5,N<5,N<5,0.731,0.1,0.183,0.008,0.099,0.008,0.015,0.542,0.237,0.065,0.23,0.006,0.002,0.383,26,0.885,0.942,0.868,0.977,0.98,N/A,N/A,1,0,0
,,,02M104,J.H.S. 104 Simon Baruch,Middle,961,0.47,0.82,Excellent,Good,Good,0.75,0.84,0.61,0.8,0.64,0.83,0.91,0.83,0.94,3.5,3.5,0.511,0.488,0.001,0.097,0.137,0.007,0.084,0.029,0.398,0.114,0.339,0.273,0.067,0.23,0.006,0.003,0.332,0.154,N<5,0.123,N<5,N<5,0.677,1.1,0.148,0.116,0.323,0.006,0.002,0.329,0.214,0.094,0.255,0.005,0.003,0.361,10,0.862,0.925,0.749,0.97,0.85,N/A,N/A,0.88,N/A,N/A
,,,02M111,P.S. 111 Adolph S. Ochs,Elementary,362,0.45,0.47,Fair,Fair,Good,0.77,,0.69,0.81,0.93,0.89,0.97,0.91,0.92,,,0.47,0.53,0,0.304,0.224,0.022,0.088,0.072,0.733,0.343,0.652,0.102,0.135,0.552,0,0,0.177,N<5,N<5,0.175,0,0,0.6,0.3,0.075,0.123,0.61,0.006,0.002,0.147,0.237,0.065,0.23,0.006,0.002,0.383,9.2,0.85,0.864,0.48,0.968,0.88,0.12,0,1,N/A,N/A
,,,02M114,East Side Middle School,Middle,430,0.56,0.92,Excellent,Good,Good,0.78,0.81,0.68,0.7,0.68,0.82,0.95,0.94,0.93,3.58,3.69,0.507,0.493,0,0.014,0.258,0,0.23,0.005,0.234,0.016,0.184,0.212,0.056,0.174,0.005,0.002,0.488,N<5,N<5,N<5,0,0,0.75,0.8,0.11,0.174,0.367,0.004,0.003,0.292,0.214,0.094,0.255,0.005,0.003,0.361,1,0.875,0.956,0.93,0.964,0.97,N/A,N/A,0.98,N/A,N/A
,,,02M116,P.S. 116 Mary Lindley Murray,Elementary,341,0.49,0.63,Good,Good,Good,0.77,,0.86,0.84,0.88,0.95,0.96,0.94,0.91,,,0.475,0.525,0,0.308,0.164,0.003,0.12,0.009,0.514,0.326,0.463,0.15,0.106,0.381,0.009,0.003,0.302,0.226,N<5,N<5,0,0,0.645,0.4,0.277,0.106,0.187,0.003,0.003,0.373,0.237,0.065,0.23,0.006,0.002,0.383,0,0.807,0.87,0.549,0.951,0.88,N/A,N/A,0.98,N/A,N/A
,,,02M124,P.S. 124 Yung Wing,Elementary,465,0.7,0.87,Excellent,Good,Good,0.78,0.85,0.75,0.71,0.84,0.8,0.97,0.96,0.92,,,0.449,0.551,0,0.166,0.166,0.002,0.09,0.017,0.557,0.037,0.46,0.86,0.011,0.043,0,0,0.022,0.587,0,N<5,0,0,0.348,0.3,0.807,0.017,0.114,0.004,0,0.016,0.237,0.065,0.23,0.006,0.002,0.383,2.1,0.935,0.964,0.913,0.972,0.98,N/A,N/A,1,0,0
,,,02M126,P.S. 126 Jacob August Riis,K-8,548,0.57,0.73,Good,Good,Good,0.76,0.91,0.6,0.71,0.67,0.75,0.94,0.87,0.96,,,0.462,0.538,0,0.082,0.263,0.004,0.206,0.015,0.763,0.162,0.686,0.56,0.122,0.201,0.002,0.002,0.068,0.158,N<5,0.123,N<5,0,0.632,0.2,0.492,0.186,0.265,0.004,0.004,0.021,0.238,0.083,0.24,0.005,0.003,0.357,8.3,0.825,0.941,0.79,0.959,0.98,N/A,N/A,0.99,N/A,N/A
,,,02M130,P.S. 130 Hernando De Soto,Elementary,563,0.57,0.69,Good,Excellent,Excellent,0.86,0.9,0.89,0.93,0.93,0.97,0.98,0.93,0.97,,,0.442,0.558,0,0.256,0.192,0.041,0.091,0.03,0.608,0.105,0.552,0.769,0.016,0.128,0.002,0.002,0.034,0.688,N<5,N<5,0,0,0.229,0.2,0.766,0.002,0.13,0.007,0,0.042,0.237,0.065,0.23,0.006,0.002,0.383,10.1,0.854,0.945,0.861,0.959,0.84,N/A,N/A,0.97,N/A,N/A
,,,02M131,M.S. 131,Middle,291,0.45,0.46,Fair,Excellent,Good,0.77,0.87,0.65,0.91,0.67,0.91,0.94,0.88,0.95,2.69,2.77,0.457,0.543,0,0.33,0.34,0,0.189,0.127,0.884,0.271,0.849,0.474,0.079,0.378,0.003,0.003,0.048,0.389,N<5,N<5,0,0,0.5,0.4,0.712,0.053,0.156,0,0.001,0.051,0.214,0.094,0.255,0.005,0.003,0.361,6.1,0.75,0.911,0.676,0.969,1,0,0,0.94,N/A,N/A
,,,02M150,P.S. 150,Elementary,215,0.75,0.89,Excellent,Excellent,Excellent,0.94,,0.93,0.96,0.99,0.99,0.98,0.97,0.98,,,0.544,0.456,0,0.051,0.158,0.074,0,0,0.208,0.056,0.135,0.27,0.051,0.181,0.005,0.009,0.377,N<5,0,N<5,0,0,0.769,0.5,0.198,0.027,0.254,0.001,0.001,0.399,0.237,0.065,0.23,0.006,0.002,0.383,3,0.462,0.937,0.823,0.984,1,0,0,1,0,0
,,,02M151,Yorkville Community School,Elementary,299,0.61,0.67,Good,Good,Excellent,0.87,1,0.92,0.9,0.87,0.9,0.97,0.97,0.95,,,0.472,0.528,0,0.047,0.288,0.007,0.214,0.037,0.396,0.03,0.324,0.067,0.134,0.251,0,0,0.465,N<5,0,N<5,0,0,0.912,0.2,0.159,0.037,0.13,0.004,0,0.581,0.237,0.065,0.23,0.006,0.002,0.383,15.2,0.735,0.917,0.717,0.971,1,0,0,0.97,0,0.03
,,,02M158,P.S. 158 Bayard Taylor,Elementary,562,0.66,0.81,Excellent,Excellent,Excellent,0.9,0.75,0.87,0.91,0.97,0.97,0.97,0.94,0.95,,,0.493,0.507,0,0.044,0.192,0.014,0.121,0.004,0.154,0.018,0.109,0.133,0.02,0.112,0.002,0.002,0.66,N<5,0,N<5,0,0,0.872,0.2,0.143,0.022,0.128,0.002,0,0.609,0.237,0.065,0.23,0.006,0.002,0.383,9.5,0.766,0.943,0.869,0.96,0.95,N/A,N/A,1,N/A,N/A
,,,02M167,J.H.S. 167 Robert F. Wagner,Middle,1009,0.56,0.87,Excellent,Good,Fair,0.76,0.88,0.62,0.82,0.66,0.84,0.87,0.83,0.89,3.53,3.58,0.518,0.482,0,0.084,0.165,0.022,0.116,0.012,0.304,0.072,0.241,0.167,0.06,0.189,0.002,0.002,0.519,N<5,0.065,0.104,N<5,N<5,0.779,0.7,0.137,0.022,0.124,0.007,0.003,0.649,0.214,0.094,0.255,0.005,0.003,0.361,20,0.818,0.92,0.758,0.965,0.99,N/A,N/A,0.98,0,0.02
,,,02M177,Yorkville East Middle School,Middle,231,0.69,0.91,Excellent,Excellent,Excellent,0.84,0.87,0.73,0.95,0.74,0.99,0.98,0.91,0.97,3.3,3.29,0.502,0.498,0,0.013,0.247,0.022,0.203,0.004,0.327,0.048,0.268,0.1,0.069,0.247,0.013,0,0.511,N<5,N<5,N<5,N<5,0,0.714,0.8,0.151,0.055,0.168,0.006,0.005,0.55,0.214,0.094,0.255,0.005,0.003,0.361,10.2,0.762,0.94,0.826,0.978,0.98,N/A,N/A,1,0,0
,,,02M183,P.S. 183 Robert L. Stevenson,Elementary,500,0.76,0.87,Excellent,Excellent,Excellent,0.85,,0.93,0.91,0.96,0.87,0.98,0.98,0.98,,,0.482,0.518,0,0.092,0.186,0.012,0.14,0.004,0.115,0.03,0.076,0.2,0.02,0.114,0.002,0.002,0.604,N<5,N<5,N<5,0,0,0.923,0.2,0.21,0.034,0.11,0,0.007,0.56,0.237,0.065,0.23,0.006,0.002,0.383,7.2,0.692,0.948,0.88,0.966,0.96,N/A,N/A,1,0,0
,,,02M198,P.S. 198 Isador E. Ida Straus,Elementary,458,0.66,0.75,Excellent,Good,Excellent,0.83,,0.9,0.92,0.91,0.93,0.97,0.96,0.97,,,0.502,0.498,0,0.092,0.214,0.002,0.146,0.009,0.426,0.068,0.332,0.14,0.066,0.308,0.013,0,0.417,N<5,0,0.146,N<5,0,0.707,0.2,0.153,0.072,0.429,0.004,0,0.296,0.237,0.065,0.23,0.006,0.002,0.383,8,0.732,0.918,0.691,0.976,0.96,N/A,N/A,0.98,N/A,N/A
,,,02M212,P.S. 212 Midtown West,Elementary,285,0.5,0.6,Good,Fair,Excellent,0.84,,0.83,0.91,0.84,0.88,0.97,0.94,0.96,,,0.474,0.526,0,0.235,0.186,0.053,0.091,0.007,0.524,0.228,0.467,0.112,0.067,0.467,0,0,0.26,N<5,N<5,N<5,0,0,0.76,0.5,0.096,0.119,0.583,0.006,0.002,0.154,0.237,0.065,0.23,0.006,0.002,0.383,8.5,0.72,0.861,0.522,0.965,0.98,N/A,N/A,1,0,0
,,,02M217,P.S./I.S. 217 Roosevelt Island,K-8,622,0.49,0.73,Good,Excellent,Good,0.79,0.92,0.67,0.82,0.75,0.88,0.95,0.93,0.94,,,0.535,0.465,0,0.148,0.162,0.003,0.114,0.023,0.306,0.037,0.232,0.32,0.117,0.17,0.002,0.027,0.304,N<5,N<5,0.111,0,0,0.778,0.9,0.191,0.118,0.324,0.007,0.004,0.3,0.238,0.083,0.24,0.005,0.003,0.357,18,0.533,0.931,0.786,0.961,0.86,N/A,N/A,0.95,N/A,N/A
,,,02M225,Ella Baker School,K-8,294,0.44,0.57,Fair,Good,Good,0.8,0.84,0.74,0.71,0.74,0.69,0.96,0.95,0.9,,,0.524,0.473,0.003,0.105,0.269,0.017,0.197,0.007,0.495,0.078,0.388,0.075,0.143,0.381,0.01,0,0.313,N<5,0.156,0.156,0,0,0.5,3.2,0.121,0.153,0.393,0.008,0.003,0.273,0.238,0.083,0.24,0.005,0.003,0.357,7.1,0.719,0.913,0.682,0.96,0.88,0.12,0,0.95,0,0.05
,,,02M234,P.S. 234 Independence School,Elementary,487,0.66,0.78,Excellent,Good,Good,0.87,,0.87,0.78,0.85,0.85,0.95,0.93,0.89,,,0.47,0.53,0,0.029,0.209,0.029,0.156,0.006,0.086,0.012,0.062,0.078,0.014,0.123,0.002,0.002,0.667,N<5,N<5,N<5,0,0,0.786,0.3,0.141,0.008,0.111,0.005,0.013,0.607,0.237,0.065,0.23,0.006,0.002,0.383,6.1,0.714,0.938,0.843,0.963,0.97,N/A,N/A,0.97,0,0.03
,,,02M255,M.S. 255 Salk School of Science,Middle,369,0.56,0.97,Excellent,Excellent,Excellent,0.83,0.86,0.75,0.95,0.72,0.93,0.95,0.9,0.96,3.67,3.7,0.482,0.518,0,0.011,0.211,0.005,0.173,0.003,0.228,0.016,0.171,0.304,0.024,0.111,0.005,0.008,0.461,N<5,0,N<5,0,0,0.821,1.5,0.186,0.12,0.367,0.005,0.002,0.261,0.214,0.094,0.255,0.005,0.003,0.361,22.2,0.786,0.955,0.92,0.961,0.98,N/A,N/A,0.99,N/A,N/A
,,,02M260,The Clinton School,Middle,322,0.48,0.84,Excellent,Good,Fair,0.74,0.8,0.76,0.74,0.67,0.66,0.85,0.81,0.85,3.61,3.57,0.543,0.457,0,0.012,0.236,0.003,0.23,0,0.219,0.025,0.186,0.149,0.037,0.121,0.003,0,0.562,0.119,0.085,0.119,N<5,0,0.627,1.5,0.207,0.115,0.345,0.005,0.002,0.266,0.214,0.094,0.255,0.005,0.003,0.361,13.1,0.848,0.94,0.847,0.964,0.93,0.07,0,0.99,N/A,N/A
,,,02M267,"East Side Elementary School, PS 267",Elementary,364,0.74,0.86,Excellent,Excellent,Excellent,0.93,0.4,0.9,0.92,0.96,0.97,0.97,0.96,0.96,,,0.503,0.497,0,0.082,0.17,0.005,0.135,0,0.151,0.044,0.126,0.179,0.033,0.146,0,0,0.58,N<5,0,N<5,0,0,0.8,0.2,0.253,0.039,0.14,0,0,0.477,0.237,0.065,0.23,0.006,0.002,0.383,14.2,0.84,0.941,0.847,0.958,0.96,N/A,N/A,0.98,N/A,N/A
,,,02M276,Battery Park City School,K-8,792,0.51,0.79,Excellent,Good,Good,0.73,0.74,0.65,0.86,0.65,0.84,0.93,0.92,0.9,,,0.496,0.503,0.001,0.124,0.194,0,0.16,0.006,0.221,0.093,0.188,0.211,0.039,0.246,0,0,0.409,0.121,N<5,N<5,0,0,0.776,0.2,0.219,0.016,0.298,0.002,0,0.37,0.238,0.083,0.24,0.005,0.003,0.357,1,0.914,0.92,0.743,0.962,0.95,N/A,N/A,0.92,N/A,N/A
,,,02M281,The River School,Elementary,440,0.67,0.77,Excellent,Fair,Excellent,0.79,0.26,0.79,0.57,0.76,0.75,0.97,0.97,0.97,,,0.52,0.48,0,0.182,0.157,0.011,0.098,0.007,0.293,0.07,0.259,0.325,0.07,0.202,0.007,0.005,0.334,N<5,0,N<5,0,0,0.8,0.3,0.374,0.052,0.115,0.004,0.004,0.396,0.237,0.065,0.23,0.006,0.002,0.383,10.1,0.571,0.924,0.748,0.959,0.96,N/A,N/A,0.98,N/A,N/A
,,,02M289,I.S. 289,Middle,258,0.54,0.79,Excellent,Good,Good,0.76,0.8,0.66,0.79,0.65,0.75,0.93,0.9,0.94,3.31,3.23,0.527,0.473,0,0.07,0.248,0.039,0.198,0.004,0.449,0.089,0.388,0.422,0.07,0.163,0.004,0.004,0.287,N<5,N<5,N<5,0,0,0.682,1.1,0.407,0.055,0.183,0.001,0.002,0.281,0.214,0.094,0.255,0.005,0.003,0.361,11,0.727,0.951,0.85,0.973,0.89,0.11,0,0.97,N/A,N/A
,,,02M290,P.S. 290 Manhattan New School,Elementary,354,0.73,0.85,Excellent,Excellent,Excellent,0.85,,0.92,0.84,0.94,0.91,0.96,0.96,0.95,,,0.477,0.523,0,0.054,0.192,0.003,0.15,0.003,0.119,0.008,0.102,0.119,0.02,0.124,0.008,0.003,0.607,N<5,N<5,N<5,0,0,0.857,0.2,0.171,0.026,0.108,0.004,0.007,0.565,0.237,0.065,0.23,0.006,0.002,0.383,10.1,0.743,0.949,0.886,0.974,0.94,N/A,N/A,0.99,N/A,N/A
,,,02M297,M.S. 297,Middle,323,0.34,0.5,Fair,Fair,Fair,0.74,0.82,0.55,0.85,0.62,0.91,0.88,0.84,0.84,2.99,2.86,0.523,0.474,0.003,0.232,0.245,0.034,0.18,0.012,0.594,0.276,0.523,0.08,0.111,0.474,0.003,0.003,0.272,N<5,N<5,0.161,0,0,0.677,1.3,0.282,0.067,0.205,0.002,0.002,0.365,0.214,0.094,0.255,0.005,0.003,0.361,1.2,0.936,0.849,0.484,0.973,0.85,N/A,N/A,0.84,0,0.16
,,,02M312,New York City Lab Middle School for Collaborative Studies,Middle,551,0.58,0.96,Excellent,Excellent,Good,0.79,0.82,0.8,0.89,0.69,0.88,0.93,0.86,0.94,3.61,3.75,0.463,0.537,0,0.036,0.212,0.002,0.192,0.002,0.391,0.033,0.321,0.452,0.034,0.149,0,0.002,0.289,0.12,N<5,0.1,N<5,N<5,0.76,1.8,0.184,0.099,0.372,0.003,0.002,0.283,0.214,0.094,0.255,0.005,0.003,0.361,16.1,0.8,0.964,0.935,0.968,1,0,0,0.96,0,0.04
,,,02M340,Sixth Avenue Elementary School,Elementary,255,0.59,0.73,Good,Good,Excellent,0.72,,0.78,0.77,0.78,0.82,0.93,0.97,0.97,,,0.478,0.522,0,0.11,0.235,0,0.18,0.004,0.268,0.098,0.216,0.098,0.043,0.192,0,0.004,0.502,N<5,0,N<5,0,0,0.821,0.3,0.142,0.034,0.123,0.008,0.004,0.552,0.237,0.065,0.23,0.006,0.002,0.383,10.2,0.679,0.924,0.755,0.979,0.98,N/A,N/A,1,0,0
,,,02M343,The Peck Slip School,Elementary,327,0.61,0.75,Good,Good,Good,0.86,,0.83,0.9,1,0.95,0.96,0.95,0.92,,,0.526,0.474,0,0.248,0.162,0.009,0.098,0.021,0.352,0.177,0.251,0.101,0.073,0.355,0,0.006,0.358,N<5,N<5,N<5,0,0,0.615,0.4,0.286,0.161,0.255,0.003,0.006,0.2,0.237,0.065,0.23,0.006,0.002,0.383,0,0.769,0.881,0.591,0.969,0.88,N/A,N/A,1,0,0
,,,02M347,The 47 American Sign Language & English Lower School,K-8,135,0.45,0.37,Fair,Fair,Fair,0.71,0.91,0.65,0.82,0.72,0.63,0.9,0.8,0.94,,,0.467,0.533,0,0.296,0.548,0,0.348,0.081,0.868,0.267,0.815,0.059,0.2,0.563,0.007,0,0.141,N<5,0.13,N<5,0,0,0.739,6.4,0.111,0.221,0.447,0.008,0.003,0.175,0.238,0.083,0.24,0.005,0.003,0.357,2,0.87,0.879,0.531,0.945,0.97,N/A,N/A,0.98,N/A,N/A
,,,02M397,Spruce Street School,K-8,430,0.61,0.81,Excellent,Excellent,Good,0.82,0.86,0.83,0.8,0.74,0.86,0.93,0.9,0.9,,,0.512,0.488,0,0.067,0.184,0.002,0.16,0,0.251,0.06,0.174,0.242,0.06,0.163,0,0,0.416,N<5,N<5,0.125,0,0,0.675,0.3,0.271,0.093,0.174,0.004,0.004,0.328,0.238,0.083,0.24,0.005,0.003,0.357,15.2,0.725,0.926,0.785,0.96,0.91,N/A,N/A,0.97,N/A,N/A
,,,02M407,Institute for Collaborative Education,Middle,193,,,,,,,,,,,,,,,3.46,3.31,0.549,0.451,0,0.005,0.249,0,0.202,0.016,0.391,0.038,0.279,0.067,0.119,0.181,0.005,0,0.513,N<5,N<5,0.242,0,0,0.485,4,0.133,0.175,0.393,0.008,0.003,0.243,0.214,0.094,0.255,0.005,0.003,0.361,12.6,0.818,0.94,0.867,0.952,0.92,0.08,0,0.89,0,0.11
,,,02M408,Professional Performing Arts High School,Middle,96,0.3,0.61,Good,Good,Needs Improvement,0.78,0.75,0.69,0.79,0.64,0.74,0.84,0.83,0.81,3.42,3.14,0.698,0.302,0,0.01,0.292,0.01,0.26,0,0.48,0.06,0.346,0.052,0.229,0.229,0,0,0.354,0.147,0.147,N<5,N<5,N<5,0.676,4.5,0.131,0.183,0.406,0.007,0.003,0.226,0.214,0.094,0.255,0.005,0.003,0.361,1,0.882,0.918,0.727,0.952,0.89,N/A,N/A,0.82,0,0.18
,,,02M413,School of the Future High School,Middle,295,0.41,0.64,Excellent,Good,,0.81,0.71,0.68,0.84,0.67,0.85,,,,3.21,3.12,0.475,0.525,0,0.034,0.305,0.017,0.244,0.014,0.513,0.073,0.414,0.088,0.163,0.251,0.01,0.003,0.431,N<5,0.135,0.135,N<5,N<5,0.712,2.3,0.214,0.117,0.354,0.004,0.002,0.255,0.214,0.094,0.255,0.005,0.003,0.361,17.1,0.789,0.93,0.763,0.97,0.95,N/A,N/A,0.98,N/A,N/A
,,,02M422,Quest to Learn,Middle,207,0.33,0.42,Fair,Fair,Fair,0.69,0.83,0.63,0.74,0.67,0.64,0.87,0.85,0.9,2.7,2.55,0.44,0.56,0,0.15,0.343,0.01,0.271,0.039,0.725,0.232,0.657,0.048,0.217,0.483,0,0.014,0.193,0.102,0.102,0.163,0,0,0.612,4.3,0.147,0.154,0.367,0.006,0.002,0.272,0.214,0.094,0.255,0.005,0.003,0.361,2.9,0.816,0.887,0.57,0.954,0.86,0.14,0,0.88,0,0.12
,,,02M442,"Ballet Tech, NYC Public School for Dance",K-8,115,0.49,0.84,Excellent,Excellent,Excellent,0.83,0.89,0.89,0.93,0.73,0.89,0.96,0.93,0.97,,,0.765,0.235,0,0.009,0.061,0.052,0.009,0,0.479,0.07,0.409,0.165,0.183,0.148,0.009,0,0.409,0,N<5,N<5,0,0,0.6,6.1,0.125,0.205,0.412,0.007,0.003,0.206,0.238,0.083,0.24,0.005,0.003,0.357,0.6,1,0.948,0.906,0.967,1,0,0,1,0,0
,,,02M527,P.S. 527 - East Side School for Social Action,Elementary,391,0.73,0.84,Excellent,Good,Excellent,0.84,,0.72,0.88,0.78,0.89,0.97,0.96,0.97,,,0.476,0.524,0,0.026,0.251,0,0.205,0.003,0.306,0.031,0.21,0.169,0.049,0.171,0,0,0.496,0.214,N<5,N<5,0,0,0.679,0.2,0.096,0.164,0.296,0.002,0,0.357,0.237,0.065,0.23,0.006,0.002,0.383,2,0.75,0.94,0.829,0.97,0.99,N/A,N/A,1,0,0
,,,02M896,Lower Manhattan Community Middle School,Middle,330,0.43,0.7,Excellent,Excellent,Excellent,0.77,0.9,0.76,0.91,0.73,0.89,0.95,0.93,0.98,3.35,3.05,0.518,0.482,0,0.127,0.276,0.015,0.23,0.024,0.515,0.158,0.439,0.245,0.088,0.27,0,0,0.333,0.2,N<5,0.2,N<5,N<5,0.533,1.9,0.282,0.125,0.246,0.004,0.002,0.28,0.214,0.094,0.255,0.005,0.003,0.361,4.8,0.867,0.921,0.742,0.969,0.94,N/A,N/A,0.98,N/A,N/A
,,,02M933,City Knoll Middle School,Middle,171,,,,,,0.58,0.88,0.55,0.72,0.6,0.63,,,,2.18,1.83,0.544,0.456,0,0.444,0.269,0.012,0.158,0.088,0.926,0.602,0.842,0.029,0.193,0.696,0.006,0,0.041,N<5,N<5,0.294,N<5,N<5,0.529,0.5,0.101,0.164,0.513,0.001,0.003,0.188,0.214,0.094,0.255,0.005,0.003,0.361,,0.706,0.795,0.319,0.954,0.78,N/A,N/A,0.84,0,0.16
,,,03M009,P.S. 009 Sarah Anderson,Elementary,482,0.73,0.83,Excellent,Excellent,Excellent,0.91,1,0.94,0.95,0.92,0.94,0.97,0.96,0.98,,,0.51,0.49,0,0.058,0.199,0.004,0.16,0.002,0.184,0.044,0.12,0.079,0.025,0.172,0.004,0.002,0.61,N<5,N<5,0.158,0,0,0.684,0.2,0.096,0.028,0.204,0.006,0,0.557,0.075,0.154,0.352,0.005,0.001,0.35,2,0.842,0.946,0.871,0.964,0.99,N/A,N/A,0.99,N/A,N/A
,,,03M054,J.H.S. 054 Booker T. Washington,Middle,708,0.55,0.92,Excellent,Excellent,Excellent,0.82,0.87,0.79,0.92,0.72,0.87,0.95,0.93,0.96,3.7,3.72,0.516,0.48,0.004,0.02,0.158,0,0.095,0.038,0.296,0.056,0.232,0.113,0.086,0.239,0.001,0.003,0.438,N<5,N<5,0.109,0,0,0.836,1,0.049,0.347,0.384,0.006,0.004,0.167,0.05,0.232,0.369,0.005,0.003,0.281,19.5,0.782,0.945,0.857,0.972,0.99,N/A,N/A,0.96,0,0.04
,,,03M075,P.S. 075 Emily Dickinson,Elementary,477,0.53,0.47,Good,Fair,Good,0.73,0.75,0.76,0.67,0.73,0.63,0.92,0.93,0.94,,,0.486,0.512,0.002,0.241,0.428,0,0.342,0.057,0.67,0.258,0.618,0.034,0.136,0.564,0.004,0.002,0.229,N<5,0.104,0.351,0,0,0.455,1,0.073,0.12,0.314,0.005,0.001,0.41,0.075,0.154,0.352,0.005,0.001,0.35,5.8,0.909,0.882,0.528,0.96,0.99,N/A,N/A,0.98,0,0.02
,,,03M076,P.S. 076 A. Philip Randolph,K-8,242,0.51,0.25,Fair,Good,Good,0.83,1,0.85,0.79,0.84,0.77,0.95,0.89,0.94,,,0.467,0.533,0,0.198,0.264,0.095,0.05,0.099,0.947,0.351,0.901,0.004,0.579,0.326,0.008,0,0.074,N<5,0.577,N<5,N<5,0,0.231,0.5,0.037,0.473,0.332,0.007,0.003,0.111,0.076,0.24,0.351,0.006,0.002,0.269,21.2,0.923,0.877,0.471,0.949,0.91,N/A,N/A,0.95,N/A,N/A
,,,03M084,P.S. 084 Lillian Weber,Elementary,554,0.6,0.65,Good,Excellent,Good,0.9,0.73,0.95,0.9,0.95,0.94,0.95,0.94,0.92,,,0.554,0.446,0,0.146,0.211,0.016,0.078,0.065,0.458,0.166,0.336,0.018,0.101,0.366,0.002,0,0.46,0.113,N<5,0.302,0,0,0.472,0.7,0.073,0.128,0.314,0.005,0.001,0.401,0.075,0.154,0.352,0.005,0.001,0.35,9,0.774,0.926,0.757,0.977,0.97,N/A,N/A,0.98,N/A,N/A
,,,03M087,P.S. 087 William Sherman,Elementary,712,0.69,0.8,Excellent,Good,Excellent,0.9,,0.92,0.88,0.88,0.77,0.97,0.96,0.97,,,0.501,0.499,0,0.08,0.176,0.008,0.139,0.007,0.176,0.056,0.136,0.088,0.028,0.198,0.004,0,0.573,N<5,N<5,0.115,0,0,0.75,0.3,0.097,0.009,0.149,0.006,0,0.61,0.075,0.154,0.352,0.005,0.001,0.35,15.1,0.942,0.925,0.793,0.999,0.94,N/A,N/A,0.98,N/A,N/A
,,,03M145,"P.S. 145, The Bloomingdale School",Elementary,432,0.39,0.33,Fair,Fair,Good,0.75,0.86,0.65,0.82,0.83,0.84,0.93,0.91,0.9,,,0.47,0.528,0.002,0.324,0.255,0.03,0.123,0.074,0.817,0.361,0.757,0.021,0.201,0.505,0.005,0.002,0.241,N<5,0,0.293,0,0,0.585,0.8,0.056,0.247,0.348,0.007,0.002,0.286,0.075,0.154,0.352,0.005,0.001,0.35,10.9,0.659,0.835,0.348,0.982,0.84,0,0.16,0.95,0,0.05
,,,03M149,P.S. 149 Sojourner Truth,K-8,245,0.42,0.28,Fair,Good,Good,0.81,0.85,0.78,0.85,0.77,0.8,0.94,0.88,0.94,,,0.49,0.51,0,0.143,0.335,0.004,0.216,0.094,0.927,0.282,0.873,0.033,0.494,0.433,0.004,0,0.033,N<5,0.515,0.182,N<5,N<5,0.242,0.2,0.057,0.474,0.326,0.006,0.006,0.091,0.076,0.24,0.351,0.006,0.002,0.269,1,0.606,0.865,0.436,0.953,0.97,N/A,N/A,0.98,N/A,N/A
,,,03M163,P.S. 163 Alfred E. Smith,Elementary,488,0.51,0.55,Fair,Fair,Good,0.78,0.86,0.72,0.73,0.78,0.72,0.94,0.92,0.92,,,0.51,0.488,0.002,0.314,0.195,0.012,0.121,0.014,0.713,0.299,0.602,0.059,0.119,0.658,0.004,0,0.129,N<5,N<5,0.273,0,0,0.614,0.9,0.066,0.155,0.337,0.006,0.001,0.368,0.075,0.154,0.352,0.005,0.001,0.35,12.1,0.818,0.842,0.474,0.971,0.88,0.12,0,0.98,N/A,N/A
,,,03M165,P.S. 165 Robert E. Simon,Elementary,401,0.49,0.51,Good,Good,Excellent,0.86,0.42,0.86,0.88,0.92,0.94,0.97,0.96,0.96,,,0.489,0.511,0,0.14,0.214,0.002,0.117,0.057,0.623,0.207,0.529,0.08,0.135,0.499,0.002,0,0.249,N<5,N<5,0.314,N<5,N<5,0.571,0.4,0.049,0.201,0.425,0.005,0.003,0.27,0.075,0.154,0.352,0.005,0.001,0.35,0,0.829,0.892,0.592,0.963,0.99,N/A,N/A,0.97,N/A,N/A
,,,03M166,P.S. 166 The Richard Rodgers School of The Arts and Technology,Elementary,602,0.77,0.9,Excellent,Good,Good,0.8,0.92,0.85,0.54,0.87,0.71,0.95,0.95,0.8,,,0.507,0.493,0,0.048,0.118,0.005,0.075,0.002,0.237,0.056,0.158,0.125,0.037,0.158,0.003,0,0.538,N<5,0,N<5,0,0,0.763,0.3,0.08,0.101,0.292,0.005,0.001,0.44,0.075,0.154,0.352,0.005,0.001,0.35,12,0.658,0.942,0.854,0.963,0.98,N/A,N/A,0.96,N/A,N/A
,,,03M180,P.S. 180 Hugo Newman,K-8,338,0.44,0.38,Fair,Good,Excellent,0.81,0.97,0.66,0.89,0.76,0.89,0.96,0.97,0.95,,,0.512,0.488,0,0.21,0.278,0.033,0.169,0.059,0.843,0.302,0.754,0.015,0.444,0.432,0,0,0.095,0,0.211,0.211,0,0,0.579,0.4,0.039,0.418,0.348,0.007,0.003,0.146,0.076,0.24,0.351,0.006,0.002,0.269,1.1,0.921,0.855,0.468,0.951,0.99,N/A,N/A,0.95,0,0.05
,,,03M185,The Locke School of Arts and Engineering,Elementary,200,0.43,0.4,Fair,Fair,Good,0.78,,0.7,0.74,0.82,0.84,0.96,0.87,0.92,,,0.455,0.545,0,0.095,0.3,0.005,0.185,0.09,0.793,0.155,0.74,0.01,0.315,0.445,0.005,0,0.145,N<5,N<5,0.281,0,0,0.469,0.3,0.032,0.441,0.414,0.012,0.004,0.069,0.075,0.154,0.352,0.005,0.001,0.35,0.6,0.813,0.87,0.486,0.975,0.84,0.16,0,0.95,0,0.05
,,,03M191,The Riverside School for Makers and Artists,K-8,514,0.27,0.13,Needs Improvement,Needs Improvement,Good,0.65,0.82,0.45,0.65,0.6,0.64,0.92,0.95,0.85,,,0.481,0.519,0,0.374,0.202,0,0.136,0.054,0.876,0.451,0.774,0.039,0.216,0.638,0.012,0.002,0.068,0.111,0.2,0.289,0,0,0.333,0.3,0.15,0.232,0.364,0.01,0.003,0.196,0.076,0.24,0.351,0.006,0.002,0.269,5,0.667,0.803,0.295,0.952,0.94,0.06,0,0.99,N/A,N/A
,,,03M199,P.S. 199 Jessie Isador Straus,Elementary,595,0.63,0.76,Excellent,Good,Excellent,0.9,,0.82,0.8,0.85,0.89,0.96,0.97,0.94,,,0.518,0.482,0,0.114,0.188,0.005,0.145,0.015,0.254,0.101,0.202,0.2,0.042,0.183,0.003,0,0.504,N<5,N<5,N<5,0,0,0.818,0.2,0.25,0.015,0.062,0.01,0,0.577,0.075,0.154,0.352,0.005,0.001,0.35,10,0.977,0.922,0.745,0.96,0.92,N/A,N/A,1,N/A,N/A
,,,03M241,STEM Institute of Manhattan,Elementary,125,0.47,0.36,Fair,Needs Improvement,Good,0.68,,0.5,0.8,0.72,0.77,0.89,0.9,0.97,,,0.472,0.528,0,0.376,0.288,0,0.168,0.088,0.937,0.384,0.784,0.032,0.464,0.44,0.016,0,0.032,N<5,0.5,N<5,0,0,N<5,0.5,0.039,0.4,0.342,0.008,0.002,0.171,0.075,0.154,0.352,0.005,0.001,0.35,0,0.875,0.828,0.317,0.96,0.97,N/A,N/A,0.97,N/A,N/A
,,,03M242,P.S. 242 - The Young Diplomats Magnet Academy,Elementary,159,0.36,0.35,Fair,Fair,Excellent,0.77,,0.73,0.8,0.72,0.82,0.98,0.96,0.97,,,0.522,0.472,0.006,0.572,0.119,0,0.082,0.031,0.868,0.528,0.742,0.019,0.308,0.635,0,0,0.013,0,0.333,N<5,0,N<5,N<5,1.8,0.033,0.335,0.498,0.01,0.003,0.094,0.075,0.154,0.352,0.005,0.001,0.35,16.7,0.722,0.813,0.285,0.971,0.88,N/A,N/A,0.97,N/A,N/A
,,,03M243,M.S. 243 Center School,Middle,250,0.5,0.81,Excellent,Excellent,Good,0.9,0.97,0.87,0.98,0.83,0.99,0.94,0.91,0.95,3.46,3.28,0.532,0.468,0,0.004,0.248,0.06,0.164,0,0.235,0.024,0.176,0.076,0.1,0.156,0,0.008,0.588,0,N<5,N<5,0,0,0.667,0.8,0.082,0.074,0.26,0.004,0.002,0.487,0.05,0.232,0.369,0.005,0.003,0.281,1.2,0.833,0.961,0.965,1,0.93,N/A,N/A,0.96,N/A,N/A
,,,03M245,M.S. M245 The Computer School,Middle,365,0.54,0.78,Excellent,Excellent,Excellent,0.84,0.93,0.74,0.94,0.74,0.91,0.98,0.92,0.97,3.33,3.3,0.529,0.471,0,0.033,0.241,0.011,0.211,0,0.35,0.041,0.279,0.036,0.118,0.301,0.011,0,0.438,N<5,N<5,N<5,0,0,0.679,0.7,0.091,0.062,0.245,0.002,0.001,0.506,0.05,0.232,0.369,0.005,0.003,0.281,2,0.857,0.935,0.842,0.981,0.94,N/A,N/A,0.99,N/A,N/A
,,,03M247,M.S. M247 Dual Language Middle School,Middle,207,0.57,0.46,Excellent,Fair,Excellent,0.75,0.94,0.68,0.8,0.7,0.64,0.92,0.91,0.98,2.64,2.33,0.517,0.483,0,0.541,0.184,0,0.169,0,0.907,0.522,0.797,0.01,0.01,0.947,0.005,0.005,0.024,N<5,N<5,0.478,0,0,0.435,2.7,0.084,0.222,0.416,0.007,0.004,0.224,0.05,0.232,0.369,0.005,0.003,0.281,7,0.609,0.889,0.551,0.962,1,0,0,0.86,0,0.14
,,,03M256,Lafayette Academy,Middle,195,0.5,0.64,Good,Good,Excellent,0.87,0.97,0.89,0.93,0.81,0.91,0.97,0.91,0.99,2.97,2.87,0.497,0.503,0,0.21,0.231,0.005,0.164,0.046,0.686,0.262,0.626,0,0.251,0.462,0.005,0,0.241,N<5,N<5,N<5,0,0,0.731,1.1,0.068,0.163,0.33,0.003,0.002,0.36,0.05,0.232,0.369,0.005,0.003,0.281,10.2,0.808,0.851,0.469,0.979,0.93,N/A,N/A,0.94,0,0.06
,,,03M258,Community Action School - MS 258,Middle,141,0.49,0.45,Good,Good,Excellent,0.81,0.94,0.75,0.9,0.82,0.92,0.99,0.97,1,2.48,2.36,0.447,0.553,0,0.213,0.468,0.007,0.326,0.099,0.887,0.312,0.816,0.007,0.312,0.596,0,0,0.071,N<5,N<5,N<5,0,0,0.722,1.7,0.077,0.245,0.378,0.006,0.003,0.242,0.05,0.232,0.369,0.005,0.003,0.281,7.2,0.833,0.874,0.457,0.962,0.98,N/A,N/A,0.99,N/A,N/A
,,,03M291,West End Secondary School,Middle,305,0.53,0.78,Excellent,Good,Fair,0.79,0.83,0.7,0.74,0.69,0.77,0.88,0.88,0.84,3.3,3.25,0.479,0.518,0.003,0.03,0.249,0.01,0.216,0.003,0.343,0.045,0.278,0.085,0.121,0.207,0.003,0.003,0.511,0.111,N<5,0.111,0,0,0.685,1.1,0.114,0.122,0.391,0.002,0.002,0.315,0.05,0.232,0.369,0.005,0.003,0.281,0.4,0.704,0.933,0.797,0.956,0.94,N/A,N/A,0.88,0,0.12
,,,03M333,P.S. 333 Manhattan School for Children,K-8,482,0.43,0.56,Good,Fair,Good,0.72,0.83,0.7,0.72,0.69,0.75,0.94,0.88,0.93,,,0.45,0.55,0,0.139,0.301,0.015,0.139,0.091,0.53,0.16,0.438,0.041,0.16,0.369,0.004,0,0.334,0.104,0.188,N<5,N<5,N<5,0.667,1.1,0.076,0.143,0.302,0.005,0.002,0.4,0.076,0.24,0.351,0.006,0.002,0.269,1.9,0.688,0.871,0.596,0.97,0.96,N/A,N/A,0.97,N/A,N/A
,,,03M334,The Anderson School,K-8,510,0.52,1.06,Excellent,Excellent,Excellent,0.82,0.82,0.78,0.83,0.69,0.83,0.98,0.96,0.95,,,0.502,0.498,0,0,0.094,0.01,0.043,0,0.155,0.014,0.092,0.329,0.033,0.092,0.002,0,0.431,N<5,N<5,N<5,0,0,0.8,1.5,0.121,0.098,0.272,0.005,0.001,0.431,0.076,0.24,0.351,0.006,0.002,0.269,0.1,0.733,0.96,0.955,0.979,1,0,0,0.96,N/A,N/A
,,,03M415,Wadleigh Secondary School for the Performing & Visual Arts,Middle,44,0.44,0.38,Fair,Fair,Good,0.74,0.83,0.68,0.81,0.64,0.75,0.94,0.87,0.91,2.55,2.32,0.636,0.364,0,0.114,0.227,0,0.205,0,0.873,0.176,0.824,0.023,0.523,0.318,0.023,0.068,0.045,N<5,0.342,0.184,N<5,0,0.342,0.9,0.039,0.383,0.44,0.008,0.005,0.096,0.05,0.232,0.369,0.005,0.003,0.281,1.4,0.79,0.876,0.533,0.959,1,0,0,1,0,0
,,,03M421,West Prep Academy,Middle,170,0.5,0.4,Good,Good,Good,0.82,0.9,0.58,0.96,0.69,0.97,0.97,0.8,0.97,2.5,2.43,0.471,0.529,0,0.129,0.371,0.012,0.241,0.1,0.85,0.341,0.812,0.012,0.394,0.506,0,0.012,0.059,N<5,N<5,0.5,0,0,0.308,0.7,0.059,0.291,0.343,0.004,0.003,0.238,0.05,0.232,0.369,0.005,0.003,0.281,10.4,0.923,0.874,0.537,0.933,0.86,N/A,N/A,1,0,0
,,,03M452,P.S. 452,Elementary,319,0.62,0.72,Good,Fair,Good,0.76,0.6,0.69,0.72,0.79,0.8,0.96,0.98,0.92,,,0.533,0.467,0,0.129,0.179,0.003,0.129,0,0.395,0.085,0.332,0.157,0.119,0.282,0.006,0,0.395,0.194,N<5,N<5,0,0,0.548,0.3,0.098,0.195,0.528,0.01,0.004,0.135,0.075,0.154,0.352,0.005,0.001,0.35,14.2,0.936,0.914,0.7,0.959,1,0,0,0.99,N/A,N/A
,,,03M610,Young Women's Leadership School,Middle,92,0.29,0.34,Fair,Good,Fair,0.84,0.89,0.79,0.9,0.78,0.93,0.92,0.73,0.86,2.68,2.36,1,0,0,0.022,0.37,0,0.315,0.022,0.877,0.086,0.793,0.043,0.489,0.446,0,0,0.022,0,0.167,0.278,0,0,0.472,1.7,0.058,0.289,0.425,0.006,0.004,0.176,0.05,0.232,0.369,0.005,0.003,0.281,6.1,0.667,0.894,0.532,0.946,0.91,N/A,N/A,0.89,0,0.11
,,,03M859,Special Music School,K-8,125,0.72,1.13,Excellent,Excellent,,0.82,0.83,0.84,0.85,0.75,0.87,,,,,,0.512,0.488,0,0.024,0.08,0.04,0,0,0.291,0.02,0.236,0.28,0.048,0.104,0,0.016,0.328,N<5,N<5,N<5,0,0,0.583,2.5,0.115,0.161,0.374,0.007,0.003,0.288,0.076,0.24,0.351,0.006,0.002,0.269,14.4,0.75,0.958,0.937,0.977,0.97,N/A,N/A,1,0,0
,,,03M860,Frederick Douglass Academy II Secondary School,Middle,50,0.42,0.3,Fair,Good,Excellent,0.72,0.84,0.64,0.75,0.66,0.69,0.95,0.92,0.97,2.36,2.07,0.42,0.58,0,0.14,0.42,0,0.38,0,0.913,0.239,0.903,0.02,0.56,0.32,0,0,0.1,N<5,0.257,0.257,0,0,0.343,0.9,0.039,0.395,0.424,0.008,0.005,0.097,0.05,0.232,0.369,0.005,0.003,0.281,14.1,0.629,0.933,0.807,0.962,0.59,N/A,N/A,0.92,0,0.08
,,,03M862,Mott Hall II,Middle,377,0.4,0.52,Fair,Fair,Good,0.71,0.94,0.66,0.82,0.7,0.73,0.92,0.91,0.95,2.85,2.78,0.517,0.48,0.003,0.061,0.26,0.005,0.183,0.058,0.676,0.133,0.615,0.034,0.332,0.424,0.005,0,0.17,N<5,N<5,0.276,0,0,0.517,0.9,0.05,0.324,0.363,0.005,0.004,0.201,0.05,0.232,0.369,0.005,0.003,0.281,11.6,0.759,0.903,0.652,0.973,0.96,N/A,N/A,0.98,N/A,N/A
,,,04M007,P.S. 007 Samuel Stern,K-8,378,0.42,0.24,Needs Improvement,Fair,Good,0.69,0.8,0.59,0.8,0.71,0.81,0.94,0.91,0.96,,,0.45,0.55,0,0.275,0.349,0.003,0.172,0.153,> 95%,0.397,0.905,0.011,0.259,0.683,0.016,0.003,0.021,N<5,0.225,0.275,0,0,0.425,0.4,0.027,0.302,0.599,0.011,0.004,0.034,0.045,0.272,0.613,0.01,0.004,0.039,3,0.7,0.812,0.285,0.962,0.99,N/A,N/A,0.89,0.03,0.08
,,,04M012,Tag Young Scholars,K-8,549,0.58,1.03,Excellent,Good,Good,0.79,0.71,0.75,0.78,0.62,0.77,0.94,0.94,0.92,,,0.474,0.526,0,0.024,0.084,0.015,0.027,0,0.335,0.033,0.226,0.461,0.115,0.155,0.007,0.009,0.175,0.25,N<5,0.188,N<5,N<5,0.438,3.4,0.058,0.25,0.512,0.009,0.003,0.141,0.045,0.272,0.613,0.01,0.004,0.039,3.7,0.844,0.956,0.905,0.967,1,0,0,0.84,0,0.16
,,,04M037,River East Elementary,Elementary,197,0.48,0.46,Good,Good,Good,0.89,,0.69,0.93,0.93,0.94,0.95,0.93,0.94,,,0.538,0.462,0,0.188,0.325,0.03,0.193,0.02,0.883,0.264,0.802,0.015,0.269,0.614,0,0.005,0.076,N<5,N<5,N<5,0,0,0.652,0.4,0.02,0.283,0.624,0.01,0.003,0.029,0.024,0.198,0.708,0.012,0.004,0.043,8.2,0.87,0.873,0.443,0.976,0.93,N/A,N/A,0.99,N/A,N/A
,,,04M038,P.S. 38 Roberto Clemente,Elementary,180,0.32,0.26,Fair,Needs Improvement,Good,0.81,,0.55,0.77,0.78,0.73,0.95,0.91,0.94,,,0.533,0.467,0,0.478,0.244,0.028,0.167,0.044,> 95%,0.594,0.872,0.017,0.244,0.672,0,0.006,0.056,N<5,N<5,0.429,0,0,0.286,0.3,0.047,0.254,0.609,0.013,0.005,0.051,0.024,0.198,0.708,0.012,0.004,0.043,11.1,0.524,0.827,0.267,0.947,0.87,N/A,N/A,0.92,N/A,N/A
,,,04M057,James Weldon Johnson,K-8,532,0.39,0.22,Fair,Good,Good,0.76,0.9,0.56,0.85,0.68,0.89,0.94,0.88,0.95,,,0.504,0.496,0,0.316,0.235,0,0.117,0.083,> 95%,0.372,0.887,0.009,0.173,0.793,0.008,0,0.011,N<5,0.214,0.393,N<5,0,0.25,0.3,0.033,0.295,0.605,0.013,0.002,0.032,0.045,0.272,0.613,0.01,0.004,0.039,6.5,0.696,0.87,0.473,0.97,0.97,N/A,N/A,0.98,N/A,N/A
,,,04M072,The Lexington Academy,K-8,449,0.36,0.23,Fair,Fair,Good,0.75,0.91,0.63,0.85,0.73,0.83,0.98,0.84,0.97,,,0.439,0.559,0.002,0.178,0.301,0.013,0.16,0.111,> 95%,0.321,0.895,0.013,0.147,0.793,0.004,0,0.038,0,0.118,0.373,0,0,0.471,0.3,0.053,0.282,0.601,0.011,0.005,0.036,0.045,0.272,0.613,0.01,0.004,0.039,0,0.745,0.847,0.376,0.953,0.98,N/A,N/A,0.99,N/A,N/A
,,,04M083,P.S. 083 Luis Munoz Rivera,Elementary,318,0.66,0.58,Good,Good,Excellent,0.84,,0.84,0.87,0.82,0.89,0.98,0.94,0.96,,,0.491,0.509,0,0.28,0.311,0.009,0.113,0.151,0.927,0.28,0.849,0.063,0.157,0.723,0.009,0.003,0.031,N<5,N<5,0.3,0,0,0.567,0.3,0.058,0.257,0.607,0.012,0.005,0.04,0.024,0.198,0.708,0.012,0.004,0.043,21.1,0.9,0.878,0.521,0.98,0.94,N/A,N/A,0.95,N/A,N/A
,,,04M096,P.S. 096 Joseph Lanzetta,K-8,405,0.44,0.21,Fair,Fair,Good,0.77,0.85,0.62,0.81,0.72,0.76,0.96,0.91,0.93,,,0.452,0.546,0.002,0.432,0.22,0,0.094,0.109,> 95%,0.491,0.886,0.007,0.173,0.783,0.002,0.007,0.025,N<5,0.178,0.244,N<5,N<5,0.533,0.3,0.021,0.268,0.644,0.01,0.004,0.029,0.045,0.272,0.613,0.01,0.004,0.039,5.4,0.756,0.873,0.465,0.966,0.99,N/A,N/A,0.98,N/A,N/A
,,,04M102,P.S. 102 Jacques Cartier,Elementary,200,0.4,0.33,Fair,Needs Improvement,Good,0.68,,0.39,0.71,0.62,0.62,0.94,0.94,0.94,,,0.485,0.515,0,0.46,0.215,0.005,0.105,0.06,0.925,0.48,0.795,0.04,0.29,0.64,0.005,0,0.02,N<5,0.333,N<5,0,0,0.481,0.6,0.04,0.306,0.576,0.012,0.004,0.039,0.024,0.198,0.708,0.012,0.004,0.043,2,0.63,0.839,0.328,0.963,0.88,N/A,N/A,0.98,N/A,N/A
,,,04M108,P.S. 108 Assemblyman Angelo Del Toro Educational Complex,K-8,339,0.46,0.28,Fair,Good,Good,0.79,0.93,0.7,0.87,0.8,0.87,0.95,0.93,0.96,,,0.463,0.537,0,0.289,0.26,0,0.183,0.059,0.945,0.289,0.861,0.027,0.233,0.702,0,0.003,0.027,N<5,0.146,0.341,N<5,N<5,0.415,0.2,0.055,0.347,0.51,0.016,0.006,0.046,0.045,0.272,0.613,0.01,0.004,0.039,,0.878,0.85,0.387,0.964,0.91,N/A,N/A,0.99,N/A,N/A
,,,04M146,P.S. 146 Ann M. Short,Elementary,270,0.52,0.37,Good,Good,Excellent,0.9,,0.87,0.91,0.89,0.92,1,0.97,0.99,,,0.463,0.537,0,0.207,0.493,0,0.226,0.244,> 95%,0.319,0.93,0.03,0.256,0.663,0.026,0,0.015,N<5,0.146,0.293,0,N<5,0.463,0.3,0.074,0.279,0.567,0.008,0.006,0.05,0.024,0.198,0.708,0.012,0.004,0.043,16,0.854,0.879,0.472,0.956,0.94,0.06,0,0.99,N/A,N/A
,,,04M155,P.S. 155 William Paca,Elementary,217,0.37,0.26,Fair,Needs Improvement,Excellent,0.79,,0.67,0.6,0.55,0.49,0.97,0.9,0.98,,,0.507,0.493,0,0.502,0.18,0.009,0.046,0.074,> 95%,0.447,0.931,0,0.083,0.866,0.023,0.023,0.005,N<5,N<5,0.536,0,0,0.357,0.4,0.028,0.281,0.618,0.011,0.003,0.032,0.024,0.198,0.708,0.012,0.004,0.043,0.5,0.607,0.834,0.416,0.97,1,0,0,1,0,0
,,,04M171,P.S. 171 Patrick Henry,K-8,693,0.62,0.83,Excellent,Excellent,Excellent,0.83,0.9,0.65,0.89,0.75,0.97,0.98,0.94,0.96,,,0.541,0.459,0,0.039,0.25,0.046,0.136,0.006,0.816,0.128,0.719,0.084,0.25,0.58,0.012,0.013,0.04,0.111,0.13,0.185,0,0,0.574,0.4,0.055,0.294,0.544,0.011,0.004,0.07,0.045,0.272,0.613,0.01,0.004,0.039,1.1,0.722,0.929,0.766,0.974,0.9,N/A,N/A,0.96,0,0.04
,,,04M182,The Bilingual Bicultural School,Elementary,291,0.63,0.49,Good,Good,Excellent,0.92,,0.92,0.95,0.97,0.98,0.99,0.95,0.99,,,0.515,0.485,0,0.656,0.179,0.003,0.137,0.01,> 95%,0.56,0.804,0.007,0.034,0.945,0.003,0,0.01,N<5,N<5,0.719,N<5,N<5,0.25,1.4,0.055,0.316,0.442,0.01,0.003,0.139,0.024,0.198,0.708,0.012,0.004,0.043,9,0.813,0.869,0.463,0.971,0.81,N/A,N/A,0.96,N/A,N/A
,,,04M206,P.S. 206 Jose Celso Barbosa,K-8,410,0.47,0.31,Fair,Fair,Good,0.71,0.87,0.58,0.78,0.67,0.78,0.93,0.86,0.94,,,0.424,0.576,0,0.246,0.412,0.012,0.298,0.068,0.945,0.263,0.88,0.01,0.193,0.744,0.005,0,0.041,0.065,0.086,0.333,0,0,0.462,0.6,0.026,0.278,0.634,0.009,0.003,0.028,0.045,0.272,0.613,0.01,0.004,0.039,13,0.591,0.857,0.44,0.964,0.96,N/A,N/A,0.95,0,0.05
,,,04M224,M.S. 224 Manhattan East School for Arts & Academics,Middle,176,0.48,0.47,Good,Good,Fair,0.74,0.82,0.66,0.92,0.67,0.91,0.93,0.81,0.88,2.54,2.46,0.528,0.472,0,0.057,0.381,0,0.239,0.102,0.848,0.114,0.784,0.028,0.278,0.563,0.006,0,0.08,0,N<5,N<5,0,0,0.688,1.4,0.076,0.248,0.443,0.009,0.004,0.186,0.022,0.225,0.69,0.011,0,0.031,9.1,0.875,0.894,0.591,0.971,0.85,0.15,0,0.95,0,0.05
,,,04M372,Esperanza Preparatory Academy,Middle,186,0.54,0.39,Good,Fair,Good,0.75,0.84,0.63,0.81,0.71,0.77,0.92,0.82,0.92,2.37,2.22,0.484,0.516,0,0.349,0.296,0,0.215,0.043,0.943,0.337,0.853,0.016,0.21,0.763,0.005,0,0.005,N<5,N<5,0.695,0,0,0.186,0.4,0.054,0.29,0.614,0.005,0.001,0.026,0.022,0.225,0.69,0.011,0,0.031,8.2,0.593,0.887,0.563,0.949,0.84,0.16,0,0.86,0.09,0.05
,,,04M375,Mosaic Preparatory Academy,Elementary,200,0.27,0.21,Fair,Needs Improvement,Excellent,0.68,,0.43,0.69,0.73,0.72,0.98,0.99,1,,,0.55,0.45,0,0.355,0.23,0,0.15,0.06,> 95%,0.485,0.895,0,0.295,0.61,0.035,0,0.045,N<5,N<5,0.333,0,0,0.417,0.2,0.041,0.35,0.544,0.014,0.002,0.029,0.024,0.198,0.708,0.012,0.004,0.043,2.2,0.542,0.806,0.283,0.95,0.9,N/A,N/A,0.92,N/A,N/A
,,,04M377,Renaissance School of the Arts,Middle,150,0.48,0.4,Good,Good,Good,0.84,0.89,0.65,0.88,0.73,0.91,0.94,0.91,0.96,2.62,2.34,0.493,0.507,0,0.187,0.38,0.013,0.267,0.08,0.949,0.34,0.867,0.007,0.287,0.64,0.027,0,0.02,N<5,0.318,0.227,0,0,0.364,0.7,0.041,0.304,0.596,0.008,0.003,0.033,0.022,0.225,0.69,0.011,0,0.031,2.3,0.773,0.871,0.477,0.962,0.98,N/A,N/A,0.97,N/A,N/A
,,,04M497,Central Park East I,Elementary,140,0.38,0.52,Fair,Good,Good,0.87,,0.89,0.94,0.96,0.72,0.97,0.89,0.94,,,0.443,0.557,0,0.029,0.3,0.007,0.243,0,0.584,0.079,0.421,0.057,0.157,0.429,0.007,0.007,0.264,N<5,N<5,N<5,0,0,N<5,0.5,0.043,0.312,0.559,0.013,0.005,0.047,0.024,0.198,0.708,0.012,0.004,0.043,7.3,0.8,0.924,0.752,0.975,0.97,N/A,N/A,0.96,N/A,N/A
,,,04M825,Isaac Newton Middle School for Math & Science,Middle,291,0.43,0.43,Fair,Fair,Excellent,0.74,0.9,0.65,0.86,0.7,0.86,0.98,0.89,0.98,2.56,2.49,0.45,0.55,0,0.186,0.261,0,0.21,0.014,> 95%,0.285,0.893,0.031,0.172,0.746,0.01,0,0.024,0.214,N<5,N<5,0,0,0.536,0.6,0.045,0.277,0.633,0.007,0.002,0.024,0.022,0.225,0.69,0.011,0,0.031,8.2,0.607,0.882,0.534,0.978,0.97,N/A,N/A,0.99,N/A,N/A
,,,04M964,Central Park East II,K-8,403,0.42,0.33,Fair,Fair,Good,0.74,0.89,0.63,0.84,0.75,0.79,0.95,0.95,0.94,,,0.476,0.524,0,0.206,0.328,0,0.315,0.005,0.818,0.218,0.687,0.027,0.288,0.573,0.01,0.002,0.062,0.152,0.174,0.217,0,0,0.391,0.9,0.076,0.239,0.487,0.009,0.003,0.151,0.045,0.272,0.613,0.01,0.004,0.039,20,0.87,0.864,0.451,0.953,0.97,N/A,N/A,0.98,N/A,N/A
,,,05M030,P.S. 030 Hernandez/Hughes,Elementary,153,0.56,0.44,Good,Good,Excellent,0.87,,0.85,0.89,0.91,0.88,0.97,0.96,0.98,,,0.529,0.471,0,0.281,0.346,0.026,0.124,0.157,> 95%,0.399,0.817,0,0.373,0.588,0,0,0.026,N<5,0.364,N<5,0,0,N<5,0.3,0.01,0.435,0.484,0.012,0.002,0.037,0.015,0.531,0.371,0.022,0.003,0.04,5.6,0.909,0.847,0.402,0.942,0.94,N/A,N/A,0.95,0,0.05
,,,05M036,P.S. 036 Margaret Douglas,Elementary,234,0.48,0.39,Fair,Fair,Good,0.8,,0.86,0.68,0.8,0.79,0.96,0.9,0.95,,,0.496,0.504,0,0.248,0.346,0.03,0.12,0.167,0.93,0.278,0.876,0.017,0.329,0.611,0.004,0.009,0.021,N<5,0.484,0.226,N<5,N<5,0.194,0.3,0.053,0.344,0.453,0.007,0.002,0.101,0.015,0.531,0.371,0.022,0.003,0.04,12.2,1,0.851,0.397,0.956,0.98,N/A,N/A,0.99,N/A,N/A
,,,05M046,P.S. 046 Arthur Tappan,K-8,330,0.63,0.35,Good,Good,Excellent,0.79,0.94,0.61,0.85,0.77,0.89,0.99,0.95,1,,,0.448,0.552,0,0.127,0.367,0,0.133,0.2,> 95%,0.218,0.924,0.009,0.467,0.479,0,0,0.036,0,0.386,0.182,0,0,0.386,0.1,0.009,0.51,0.451,0.009,0.002,0.004,0.013,0.534,0.389,0.012,0.003,0.03,9.1,0.886,0.865,0.427,0.944,0.87,N/A,N/A,0.76,N/A,N/A
,,,05M092,P.S. 092 Mary McLeod Bethune,Elementary,173,0.49,0.4,Good,Needs Improvement,Fair,0.77,,0.51,0.69,0.76,0.73,0.92,0.9,0.85,,,0.422,0.578,0,0.133,0.393,0.052,0.052,0.249,> 95%,0.318,> 95%,0.023,0.555,0.364,0.006,0,0.052,N<5,0.588,N<5,0,0,N<5,0.2,0.007,0.545,0.355,0.005,0.005,0.06,0.015,0.531,0.371,0.022,0.003,0.04,2.8,1,0.852,0.371,0.911,0.75,N/A,N/A,0.76,0,0.24
,,,05M123,P.S. 123 Mahalia Jackson,K-8,389,0.38,0.22,Fair,Fair,Good,0.75,0.92,0.57,0.75,0.69,0.82,0.95,0.93,0.94,,,0.47,0.53,0,0.329,0.301,0.013,0.17,0.105,0.931,0.483,0.859,0.005,0.427,0.517,0.008,0.003,0.039,0.133,0.333,0.356,0,0,0.178,0.3,0.011,0.526,0.376,0.008,0.005,0.048,0.013,0.534,0.389,0.012,0.003,0.03,11.5,0.689,0.846,0.406,0.961,0.85,N/A,N/A,0.93,0,0.07
,,,05M125,P.S. 125 Ralph Bunche,Elementary,221,0.61,0.66,Good,Fair,Good,0.79,,0.8,0.75,0.84,0.74,0.94,0.96,0.94,,,0.561,0.439,0,0.104,0.235,0.018,0.163,0.014,0.652,0.113,0.548,0.118,0.281,0.362,0.009,0,0.19,N<5,0.333,0.296,0,0,0.259,0.3,0.056,0.377,0.411,0.007,0.001,0.112,0.015,0.531,0.371,0.022,0.003,0.04,2.7,0.704,0.882,0.579,0.956,0.78,0.22,0,1,0,0
,,,05M129,P.S. 129 John H. Finley,Elementary,165,0.37,0.31,Fair,,Good,,,,,,,0.85,0.86,0.96,,,0.515,0.485,0,0.206,0.339,0.067,0.115,0.109,0.948,0.388,0.903,0,0.461,0.503,0,0,0.024,0,0.556,0.296,0,0,N<5,0.3,0.022,0.44,0.463,0.007,0.003,0.044,0.015,0.531,0.371,0.022,0.003,0.04,25.1,1,0.866,0.421,0.925,0.84,0.16,0,0.97,N/A,N/A
,,,05M133,P.S. 133 Fred R Moore,Elementary,157,0.68,0.49,Excellent,Good,Excellent,0.85,0.86,0.82,0.9,0.85,0.95,0.97,0.94,0.95,,,0.35,0.65,0,0.064,0.535,0.07,0.006,0.427,0.947,0.172,0.93,0.019,0.522,0.395,0.013,0.006,0.045,0.286,0.286,N<5,0,0,0.25,0.3,0.021,0.579,0.305,0.011,0.004,0.049,0.015,0.531,0.371,0.022,0.003,0.04,2.1,0.75,0.889,0.578,0.948,0.96,N/A,N/A,0.99,N/A,N/A
,,,05M148,Eagle Academy for Young Men of Harlem,Middle,56,0.46,0.36,Good,Fair,Fair,0.66,0.85,0.62,0.78,0.68,0.63,0.86,0.83,0.86,2.21,2.06,0,1,0,0.018,0.429,0,0.268,0.107,0.946,0.245,0.824,0.018,0.732,0.214,0.018,0,0,0,0.556,N<5,0,0,0.259,0.5,0.013,0.453,0.467,0.008,0.006,0.036,0.032,0.479,0.372,0.013,0.005,0.071,2.1,0.741,0.864,0.641,0.967,0.86,0.14,0,0.9,0,0.1
,,,05M154,P.S. 154 Harriet Tubman,Elementary,171,0.43,0.33,Fair,Fair,Excellent,0.82,,0.65,0.8,0.83,0.82,0.98,0.97,0.98,,,0.503,0.497,0,0.146,0.298,0.023,0.088,0.152,> 95%,0.275,0.936,0.006,0.62,0.327,0.006,0.006,0.029,0.2,0.36,N<5,0,0,0.28,0.2,0.014,0.592,0.356,0.006,0,0.029,0.015,0.531,0.371,0.022,0.003,0.04,28.1,0.84,0.882,0.497,0.976,0.98,N/A,N/A,0.97,N/A,N/A
,,,05M161,P.S. 161 Pedro Albizu Campos,K-8,571,0.56,0.31,Fair,Fair,Good,0.77,0.9,0.6,0.83,0.73,0.82,0.96,0.89,0.95,,,0.499,0.501,0,0.41,0.289,0.018,0.107,0.151,0.948,0.408,0.846,0.009,0.168,0.799,0.005,0.005,0.014,N<5,0.218,0.527,N<5,N<5,0.218,0.4,0.017,0.331,0.584,0.009,0.003,0.039,0.013,0.534,0.389,0.012,0.003,0.03,3.2,0.746,0.866,0.455,0.969,0.97,N/A,N/A,0.94,0,0.06
,,,05M175,P.S. 175 Henry H Garnet,Elementary,219,0.41,0.36,Fair,Good,Excellent,0.89,1,0.79,0.92,0.91,0.94,0.98,0.93,0.97,,,0.543,0.457,0,0.164,0.265,0.073,0.037,0.105,0.943,0.279,0.922,0.014,0.484,0.402,0.005,0.009,0.073,N<5,0.259,0.222,0,0,0.333,0.2,0.012,0.512,0.384,0.007,0.009,0.058,0.015,0.531,0.371,0.022,0.003,0.04,10.9,0.778,0.9,0.585,0.972,1,0,0,0.96,N/A,N/A
,,,05M194,P.S. 194 Countee Cullen,Elementary,140,0.38,0.27,Fair,Fair,Good,0.79,,0.51,0.7,0.82,0.81,0.96,0.98,0.85,,,0.479,0.521,0,0.15,0.379,0.057,0.15,0.15,> 95%,0.436,0.914,0.007,0.521,0.429,0.014,0,0.007,N<5,0.5,N<5,0,0,N<5,0.1,0.012,0.545,0.386,0.014,0.004,0.022,0.015,0.531,0.371,0.022,0.003,0.04,3.2,0.625,0.871,0.429,0.953,0.76,N/A,N/A,0.96,N/A,N/A
,,,05M197,P.S. 197 John B. Russwurm,Elementary,174,0.41,0.31,Fair,Fair,Excellent,0.8,1,0.82,0.9,0.87,0.89,0.98,0.93,1,,,0.489,0.511,0,0.167,0.374,0.006,0.184,0.132,0.944,0.247,0.902,0,0.529,0.425,0,0,0.023,N<5,0.741,N<5,0,0,N<5,0.2,0.02,0.582,0.298,0.014,0.009,0.045,0.015,0.531,0.371,0.022,0.003,0.04,13.1,0.852,0.812,0.302,0.937,0.88,N/A,N/A,0.95,N/A,N/A
,,,05M200,P.S. 200- The James McCune Smith School,Elementary,249,0.4,0.31,Fair,Fair,Fair,0.78,0.84,0.47,0.74,0.81,0.75,0.91,0.85,0.87,,,0.502,0.498,0,0.072,0.305,0.036,0.108,0.137,> 95%,0.241,0.948,0.004,0.602,0.273,0.068,0.004,0.028,N<5,0.625,0.156,0,0,N<5,0.3,0.014,0.57,0.332,0.031,0.002,0.033,0.015,0.531,0.371,0.022,0.003,0.04,0.1,0.75,0.866,0.481,0.967,0.94,N/A,N/A,0.99,N/A,N/A
,,,05M286,Urban Assembly Academy for Future Leaders,Middle,78,0.51,0.38,Good,Fair,Excellent,0.7,0.85,0.61,0.81,0.73,0.78,0.93,0.93,0.97,2.46,2.3,0.295,0.705,0,0.128,0.5,0.013,0.244,0.231,0.946,0.346,0.897,0,0.462,0.5,0.013,0,0.013,N<5,0.733,0,0,0,N<5,0.8,0.017,0.396,0.486,0.008,0.004,0.067,0.032,0.479,0.372,0.013,0.005,0.071,0.6,0.933,0.875,0.447,0.95,0.95,N/A,N/A,0.95,N/A,N/A
,,,05M318,Thurgood Marshall Academy Lower School,Elementary,150,0.46,0.41,Fair,Fair,Good,0.89,,0.66,0.74,0.9,0.82,0.92,0.93,0.94,,,0.553,0.447,0,0.033,0.22,0.107,0.067,0.007,0.924,0.22,0.893,0,0.713,0.213,0.027,0,0.04,N<5,0.769,N<5,N<5,N<5,N<5,0.4,0.012,0.505,0.405,0.018,0.005,0.039,0.015,0.531,0.371,0.022,0.003,0.04,2.1,0.846,0.861,0.4,0.955,0.96,N/A,N/A,1,0,0
,,,05M362,Columbia Secondary School,Middle,296,0.53,0.81,Excellent,Fair,Fair,0.73,0.81,0.67,0.43,0.64,0.48,0.84,0.86,0.92,3.44,3.43,0.449,0.551,0,0.03,0.203,0,0.152,0.01,0.525,0.061,0.417,0.115,0.193,0.355,0.01,0.003,0.24,0.125,0.104,0.104,0,0,0.646,1.3,0.027,0.397,0.461,0.008,0.005,0.077,0.032,0.479,0.372,0.013,0.005,0.071,1.5,0.75,0.965,0.93,0.956,0.97,N/A,N/A,0.86,N/A,N/A
,,,05M371,School of Earth Exploration and Discovery Harlem (SEED Harlem),Middle,95,0.36,0.21,Fair,Needs Improvement,Needs Improvement,0.55,0.73,0.47,0.54,0.53,0.41,0.72,0.57,0.65,2.21,1.97,0.432,0.568,0,0.095,0.474,0.053,0.2,0.189,0.923,0.263,0.895,0,0.453,0.463,0.032,0,0.021,N<5,0.4,N<5,0,0,N<5,0.6,0.016,0.42,0.477,0.006,0.004,0.057,0.032,0.479,0.372,0.013,0.005,0.071,1.5,0.6,0.852,0.372,0.954,0.9,N/A,N/A,0.99,N/A,N/A
,,,05M499,Frederick Douglass Academy,Middle,146,0.42,0.28,Fair,Fair,Fair,0.66,0.84,0.6,0.66,0.65,0.65,0.83,0.76,0.88,2.33,1.97,0.493,0.507,0,0.034,0.342,0.007,0.158,0.171,> 95%,0.17,0.849,0.007,0.664,0.26,0.027,0.007,0.027,0.121,0.448,0.224,N<5,N<5,0.19,0.3,0.017,0.585,0.337,0.012,0.002,0.037,0.032,0.479,0.372,0.013,0.005,0.071,7.1,0.879,0.898,0.601,0.948,0.49,N/A,N/A,0.97,N/A,N/A
,,,05M514,New Design Middle School,Middle,88,0.44,0.22,Fair,Fair,Good,0.7,0.91,0.61,0.82,0.71,0.76,0.95,0.8,0.92,2.05,2.09,0.375,0.625,0,0.216,0.534,0,0.295,0.227,0.944,0.318,0.875,0,0.455,0.489,0,0,0.057,N<5,0.294,N<5,N<5,N<5,0.471,1.2,0.02,0.421,0.463,0.007,0.005,0.062,0.032,0.479,0.372,0.013,0.005,0.071,6.5,0.824,0.796,0.352,0.965,0.76,N/A,N/A,0.98,N/A,N/A
,,,05M517,Teachers College Community School,K-8,322,0.33,0.5,Fair,,Good,,,,,,,0.93,0.95,0.94,,,0.488,0.512,0,0.099,0.23,0.016,0.152,0.022,0.814,0.202,0.736,0.012,0.441,0.398,0.003,0.012,0.087,0.179,0.179,0.214,0,0,0.429,0.7,0.027,0.425,0.424,0.006,0.004,0.088,0.013,0.534,0.389,0.012,0.003,0.03,9.2,0.643,0.889,0.582,0.937,0.96,N/A,N/A,0.98,N/A,N/A
,,,05M670,Thurgood Marshall Academy for Learning and Social Change,Middle,132,0.54,0.47,Good,Good,Excellent,0.75,0.83,0.62,0.89,0.67,0.84,0.93,0.92,0.98,2.6,2.4,0.417,0.583,0,0.053,0.348,0,0.227,0.083,0.945,0.149,0.864,0,0.553,0.379,0,0.015,0.045,N<5,0.533,0.111,0,0,0.289,0.4,0.011,0.568,0.347,0.005,0.008,0.038,0.032,0.479,0.372,0.013,0.005,0.071,0,0.933,0.867,0.571,0.951,0.57,N/A,N/A,0.88,0,0.12
,,,06M004,P.S. 004 Duke Ellington,Elementary,373,0.53,0.47,Good,Good,Excellent,0.82,1,0.84,0.87,0.9,0.95,0.99,0.97,0.99,,,0.531,0.469,0,0.29,0.247,0.008,0.123,0.08,0.866,0.198,0.775,0.021,0.067,0.869,0.008,0,0.032,N<5,0.146,0.683,0,0,0.122,0.2,0.013,0.1,0.813,0.009,0.002,0.043,0.009,0.082,0.809,0.004,0,0.072,8.8,0.805,0.9,0.608,0.961,0.92,N/A,N/A,0.96,0,0.04
,,,06M005,P.S. 005 Ellen Lurie,Elementary,318,0.42,0.3,Fair,Good,Excellent,0.82,1,0.89,0.88,0.84,0.9,0.97,0.95,0.96,,,0.415,0.585,0,0.393,0.371,0.025,0.157,0.142,0.946,0.242,0.906,0.009,0.063,0.909,0.003,0,0.006,N<5,N<5,0.587,0,0,0.283,0.4,0.006,0.166,0.763,0.006,0.001,0.029,0.009,0.082,0.809,0.004,0,0.072,7.1,0.87,0.877,0.515,0.959,0.95,N/A,N/A,0.97,0,0.03
,,,06M008,P.S. 008 Luis Belliard,Elementary,285,0.46,0.36,Fair,Fair,Excellent,0.86,0.8,0.72,0.78,0.84,0.84,0.97,0.93,0.97,,,0.491,0.509,0,0.421,0.246,0.056,0.084,0.07,0.922,0.189,0.874,0.007,0.021,0.919,0.007,0,0.035,N<5,N<5,0.618,N<5,N<5,0.324,0.2,0.011,0.071,0.864,0.011,0,0.038,0.009,0.082,0.809,0.004,0,0.072,9.7,0.912,0.889,0.56,0.948,0.93,N/A,N/A,0.99,N/A,N/A
,,,06M018,P.S. 018 Park Terrace,K-8,225,0.51,0.28,Fair,Excellent,Excellent,0.91,0.96,0.78,0.92,0.82,0.94,0.98,0.96,1,,,0.511,0.489,0,0.342,0.28,0.089,0.071,0.102,0.924,0.396,0.827,0,0.049,0.929,0,0,0.004,N<5,N<5,0.5,0,0,0.393,0.6,0.006,0.063,0.863,0.002,0.001,0.041,0.009,0.076,0.829,0.004,0.001,0.06,,0.929,0.899,0.581,0.957,0.88,N/A,N/A,1,0,0
,,,06M028,P.S. 028 Wright Brothers,Elementary,335,0.58,0.41,Good,Good,Good,0.81,,0.75,0.8,0.88,0.84,0.94,0.92,0.96,,,0.484,0.516,0,0.519,0.275,0.015,0.134,0.11,0.943,0.358,0.869,0.006,0.125,0.812,0,0.003,0.045,N<5,N<5,0.574,0,0,0.298,0.2,0.015,0.209,0.694,0.003,0.007,0.049,0.009,0.082,0.809,0.004,0,0.072,5.6,0.872,0.895,0.582,0.965,0.92,0.08,0,1,0,0
,,,06M048,P.S. 048 P.O. Michael J. Buczek,Elementary,287,0.43,0.32,Fair,Fair,Good,0.78,,0.89,0.72,0.66,0.69,0.95,0.93,0.94,,,0.425,0.575,0,0.429,0.376,0.017,0.153,0.178,0.893,0.233,0.833,0,0.024,0.923,0,0,0.038,N<5,0.163,0.535,0,0,0.256,0.2,0.013,0.036,0.789,0.003,0,0.128,0.009,0.082,0.809,0.004,0,0.072,0.4,0.814,0.909,0.625,0.961,0.75,0.25,0,0.93,0,0.07
,,,06M052,Harold O. Levy School,Middle,141,0.48,0.26,Good,Good,Excellent,0.84,0.87,0.61,0.93,0.71,0.96,0.99,0.97,0.94,2.08,2.02,0.504,0.496,0,0.461,0.312,0.035,0.099,0.149,0.943,0.326,0.858,0,0.078,0.915,0,0,0.007,N<5,N<5,0.565,N<5,N<5,0.348,0.3,0.005,0.036,0.908,0.001,0.001,0.039,0.008,0.066,0.882,0.003,0,0.034,5,0.913,0.891,0.582,0.943,0.89,N/A,N/A,0.99,N/A,N/A
,,,06M098,P.S. 098 Shorac Kappock,Elementary,218,0.46,0.36,Fair,Good,Excellent,0.77,0.8,0.84,0.72,0.88,0.79,0.96,0.99,0.93,,,0.514,0.486,0,0.385,0.257,0.009,0.151,0.092,0.937,0.33,0.885,0,0.05,0.922,0,0,0.028,N<5,N<5,0.618,N<5,N<5,0.265,0.3,0.007,0.051,0.813,0,0,0.111,0.009,0.082,0.809,0.004,0,0.072,18.2,0.882,0.907,0.589,0.954,0.98,N/A,N/A,1,0,0
,,,06M103,Dos Puentes Elementary School,Elementary,440,0.55,0.48,Good,Excellent,Excellent,0.87,0.86,0.84,0.94,0.97,0.96,0.99,0.96,0.98,,,0.493,0.507,0,0.407,0.223,0.036,0.139,0.007,0.682,0.248,0.582,0.011,0.02,0.743,0,0,0.182,N<5,0,0.75,0,0,0.194,0.3,0.013,0.035,0.834,0.001,0.002,0.092,0.009,0.082,0.809,0.004,0,0.072,11.2,0.75,0.931,0.816,0.98,0.97,N/A,N/A,0.96,0,0.05
,,,06M115,P.S. 115 Alexander Humboldt,Elementary,329,0.48,0.38,Fair,Fair,Excellent,0.74,0.41,0.63,0.73,0.68,0.75,0.96,0.97,0.98,,,0.502,0.498,0,0.343,0.28,0.036,0.14,0.088,0.95,0.228,0.9,0.006,0.018,0.93,0.003,0.003,0.024,0,N<5,0.564,0,0,0.333,0.1,0,0.054,0.921,0.004,0,0.008,0.009,0.082,0.809,0.004,0,0.072,11,0.846,0.893,0.559,0.953,0.89,N/A,N/A,0.98,N/A,N/A
,,,06M128,P.S. 128 Audubon,Elementary,373,0.51,0.44,Good,Good,Excellent,0.82,0.9,0.79,0.87,0.87,0.89,0.97,0.95,0.97,,,0.517,0.483,0,0.322,0.257,0.054,0.024,0.134,0.862,0.255,0.786,0.003,0.046,0.914,0.003,0,0.029,0.111,N<5,0.533,N<5,N<5,0.267,0.3,0.019,0.058,0.847,0.006,0.001,0.046,0.009,0.082,0.809,0.004,0,0.072,6.7,0.956,0.898,0.602,0.952,0.96,N/A,N/A,0.97,N/A,N/A
,,,06M132,P.S. 132 Juan Pablo Duarte,Elementary,176,0.62,0.41,Good,Excellent,Excellent,0.88,0.88,0.9,0.98,0.92,0.97,1,1,1,,,0.472,0.528,0,0.568,0.33,0.011,0.136,0.159,0.929,0.33,0.835,0,0.051,0.926,0.006,0,0.006,0,N<5,0.857,0,0,N<5,0.2,0.006,0.039,0.875,0.001,0.002,0.06,0.009,0.082,0.809,0.004,0,0.072,5.1,0.81,0.934,0.746,0.961,0.98,N/A,N/A,0.99,N/A,N/A
,,,06M143,J.H.S. 143 Eleanor Roosevelt,Middle,188,0.51,0.28,Good,Good,Good,0.86,0.94,0.64,0.94,0.74,0.97,0.96,0.91,0.94,2.43,2.17,0.447,0.553,0,0.612,0.314,0,0.096,0.197,0.913,0.33,0.824,0.005,0.027,0.952,0,0,0.016,N<5,N<5,0.52,N<5,N<5,0.32,0.4,0.001,0.051,0.916,0.001,0.001,0.025,0.008,0.066,0.882,0.003,0,0.034,12.1,1,0.88,0.498,0.957,0.98,N/A,N/A,0.96,N/A,N/A
,,,06M152,P.S. 152 Dyckman Valley,Elementary,377,0.44,0.37,Fair,Good,Excellent,0.8,0.86,0.71,0.83,0.8,0.84,0.99,0.95,0.99,,,0.472,0.528,0,0.276,0.212,0.011,0.103,0.066,0.946,0.273,0.899,0.003,0.053,0.836,0.008,0,0.019,N<5,N<5,0.523,0,0,0.295,0.2,0.005,0.036,0.831,0.005,0.002,0.064,0.009,0.082,0.809,0.004,0,0.072,2.8,0.841,0.913,0.634,0.967,0.91,N/A,N/A,0.98,N/A,N/A
,,,06M153,P.S. 153 Adam Clayton Powell,Elementary,317,0.36,0.32,Fair,Fair,Excellent,0.8,0.7,0.77,0.89,0.81,0.88,0.96,0.93,0.97,,,0.508,0.492,0,0.322,0.221,0.013,0.117,0.06,0.916,0.309,0.823,0.019,0.164,0.738,0.006,0,0.063,N<5,0.211,0.526,N<5,N<5,0.184,0.2,0.014,0.217,0.671,0.007,0,0.073,0.009,0.082,0.809,0.004,0,0.072,4,0.711,0.886,0.541,0.965,0.95,N/A,N/A,1,0,0
,,,06M173,P.S. 173,K-8,496,0.44,0.27,Fair,Fair,Good,0.66,0.9,0.6,0.69,0.62,0.71,0.93,0.93,0.95,,,0.474,0.526,0,0.405,0.2,0.004,0.141,0.038,0.845,0.238,0.758,0.014,0.032,0.903,0.002,0.002,0.036,0.098,N<5,0.392,0,0,0.431,0.2,0.018,0.041,0.837,0.003,0.002,0.069,0.009,0.076,0.829,0.004,0.001,0.06,3.2,0.882,0.881,0.568,0.948,0.88,N/A,N/A,0.99,N/A,N/A
,,,06M178,Professor Juan Bosch Public School,Elementary,246,0.57,0.56,Good,Excellent,Excellent,0.87,1,0.94,0.91,0.94,0.94,0.98,0.98,0.98,,,0.459,0.541,0,0.126,0.354,0.004,0.309,0,0.78,0.102,0.715,0,0.037,0.768,0.004,0,0.138,N<5,N<5,0.514,0,0,0.405,0.2,0.005,0.035,0.853,0.004,0.001,0.059,0.009,0.082,0.809,0.004,0,0.072,4.8,0.811,0.915,0.69,0.965,0.97,N/A,N/A,0.97,0,0.03
,,,06M187,P.S./I.S. 187 Hudson Cliffs,K-8,745,0.56,0.7,Good,Good,Good,0.76,0.87,0.73,0.76,0.7,0.79,0.93,0.93,0.94,,,0.517,0.483,0,0.036,0.221,0.004,0.17,0.019,0.391,0.074,0.333,0.03,0.038,0.472,0.003,0.001,0.377,N<5,0.098,0.311,0,0,0.525,0.3,0.023,0.032,0.561,0.002,0.001,0.316,0.009,0.076,0.829,0.004,0.001,0.06,4.5,0.754,0.927,0.765,0.945,0.81,N/A,N/A,0.98,0,0.02
,,,06M189,P.S. 189,Elementary,378,0.55,0.48,Good,Good,Excellent,0.9,1,0.96,0.9,0.9,0.93,0.98,0.96,0.99,,,0.479,0.521,0,0.331,0.233,0.011,0.101,0.106,0.906,0.167,0.86,0.011,0.042,0.929,0,0,0.013,N<5,0,0.578,0,0,0.333,0.2,0.01,0.043,0.928,0,0,0.015,0.009,0.082,0.809,0.004,0,0.072,3,0.889,0.905,0.63,0.947,0.81,N/A,N/A,0.99,N/A,N/A
,,,06M192,P.S. 192 Jacob H. Schiff,Elementary,203,0.7,0.62,Good,Fair,Good,0.75,0.83,0.79,0.65,0.78,0.64,0.94,0.9,0.97,,,0.478,0.522,0,0.251,0.271,0.074,0.059,0.094,0.904,0.256,0.842,0.01,0.059,0.892,0,0,0.039,N<5,N<5,0.458,0,0,0.292,0.2,0.006,0.133,0.799,0.008,0.002,0.033,0.009,0.082,0.809,0.004,0,0.072,8.2,0.792,0.9,0.584,0.96,0.8,N/A,N/A,1,0,0
,,,06M209,Hamilton Grange Middle School,Middle,308,0.37,0.38,Fair,Good,Excellent,0.8,0.89,0.53,0.82,0.68,0.84,0.97,0.96,0.99,2.62,2.53,0.5,0.5,0,0.175,0.227,0.013,0.192,0.01,0.798,0.172,0.721,0.013,0.11,0.756,0.006,0,0.097,0,N<5,0.576,0,0,0.212,0.7,0.013,0.38,0.535,0.008,0.003,0.045,0.008,0.066,0.882,0.003,0,0.034,10.2,0.697,0.914,0.678,0.973,0.8,N/A,N/A,0.96,N/A,N/A
,,,06M210,P.S./I.S. 210 - Twenty-first Century Academy for Community Leadership,K-8,411,0.53,0.48,Good,Excellent,Good,0.8,0.89,0.67,0.89,0.69,0.89,0.97,0.91,0.96,,,0.491,0.509,0,0.433,0.268,0,0.238,0.002,0.886,0.144,0.808,0.002,0.012,0.954,0,0.024,0.007,N<5,N<5,0.905,0,0,N<5,0.3,0.017,0.228,0.676,0.003,0.004,0.053,0.009,0.076,0.829,0.004,0.001,0.06,0.7,0.857,0.917,0.688,0.954,0.98,N/A,N/A,0.94,0,0.06
,,,06M223,The Mott Hall School,Middle,278,0.57,0.72,Excellent,Excellent,Excellent,0.85,0.95,0.78,0.91,0.79,0.91,0.96,0.95,0.97,3.18,3.12,0.464,0.532,0.004,0.054,0.173,0,0.108,0.04,0.648,0.112,0.576,0.032,0.086,0.687,0.007,0,0.147,N<5,N<5,0.3,0,0,0.5,1,0.014,0.223,0.716,0.005,0.002,0.03,0.008,0.066,0.882,0.003,0,0.034,9.1,0.8,0.945,0.835,0.964,0.55,N/A,N/A,0.88,0,0.12
,,,06M278,Paula Hedbavny School,K-8,290,0.55,0.42,Fair,Good,Good,0.8,0.9,0.69,0.89,0.74,0.91,0.94,0.93,0.96,,,0.548,0.452,0,0.186,0.293,0.003,0.203,0.066,0.698,0.09,0.655,0.003,0.055,0.821,0,0,0.103,N<5,N<5,0.242,N<5,0,0.545,0.5,0.005,0.059,0.866,0.002,0.001,0.043,0.009,0.076,0.829,0.004,0.001,0.06,5,0.97,0.902,0.65,0.961,0.91,N/A,N/A,0.94,0,0.06
,,,06M293,City College Academy of the Arts,Middle,229,0.42,0.44,Fair,Good,Fair,0.77,0.84,0.71,0.79,0.66,0.75,0.87,0.8,0.92,2.62,2.56,0.528,0.472,0,0.14,0.258,0.017,0.218,0.009,0.924,0.147,0.841,0,0.009,0.969,0,0.004,0.017,N<5,0.111,0.356,N<5,0,0.422,0.4,0.009,0.053,0.875,0.002,0.002,0.053,0.008,0.066,0.882,0.003,0,0.034,19.2,0.867,0.907,0.684,0.962,0.98,N/A,N/A,0.93,0,0.07
,,,06M311,Amistad Dual Language School,K-8,396,0.64,0.5,Excellent,Excellent,Excellent,0.85,0.96,0.79,0.93,0.75,0.94,0.97,0.97,0.97,,,0.48,0.52,0,0.343,0.26,0,0.212,0.028,0.812,0.154,0.747,0.003,0.01,0.975,0.005,0,0.003,N<5,0,0.867,0,0,N<5,0.3,0.006,0.038,0.88,0.001,0.002,0.053,0.009,0.076,0.829,0.004,0.001,0.06,8,0.711,0.925,0.712,0.978,0.99,N/A,N/A,0.97,N/A,N/A
,,,06M314,Muscota,Elementary,284,0.62,0.73,Good,Excellent,Excellent,0.89,,0.93,0.96,0.97,0.93,0.98,0.97,0.98,,,0.518,0.482,0,0.063,0.215,0.004,0.194,0.004,0.365,0.035,0.285,0.028,0.021,0.398,0,0,0.454,N<5,N<5,N<5,0,0,0.556,0.5,0.006,0.055,0.824,0.004,0.001,0.074,0.009,0.082,0.809,0.004,0,0.072,2,0.833,0.944,0.86,0.971,0.93,N/A,N/A,0.99,N/A,N/A
,,,06M319,M.S. 319 - Maria Teresa,Middle,234,0.51,0.38,Good,Good,Excellent,0.8,0.92,0.72,0.94,0.74,0.93,0.98,0.85,0.98,2.28,2.23,0.47,0.53,0,0.303,0.312,0.034,0.15,0.09,0.923,0.269,0.855,0,0.017,0.974,0,0,0.009,N<5,N<5,0.679,0,0,0.179,0.4,0.009,0.086,0.873,0.002,0.004,0.019,0.008,0.066,0.882,0.003,0,0.034,2,0.786,0.912,0.668,0.967,0.96,N/A,N/A,0.96,N/A,N/A
,,,06M322,Middle School 322,Middle,228,0.44,0.32,Fair,Fair,Fair,0.68,0.89,0.59,0.74,0.64,0.66,0.84,0.88,0.9,2.33,2.23,0.404,0.596,0,0.395,0.193,0.013,0.105,0.075,0.913,0.368,0.825,0.004,0.031,0.943,0,0,0.009,N<5,N<5,0.464,0,0,0.429,0.3,0.013,0.037,0.899,0,0.002,0.042,0.008,0.066,0.882,0.003,0,0.034,3.9,0.929,0.898,0.571,0.945,0.7,N/A,N/A,0.95,N/A,N/A
,,,06M324,M.S. 324 - Patria Mirabal,Middle,229,0.56,0.38,Good,,Excellent,,,,,,,0.96,0.91,0.96,2.19,2.2,0.428,0.572,0,0.459,0.275,0.009,0.118,0.131,0.906,0.271,0.843,0.009,0.087,0.86,0.004,0,0.039,0,N<5,0.571,0,0,0.321,0.7,0.009,0.167,0.785,0.004,0.001,0.026,0.008,0.066,0.882,0.003,0,0.034,6.7,0.821,0.903,0.646,0.962,0.93,N/A,N/A,0.94,0,0.06
,,,06M328,Community Math & Science Prep,Middle,135,0.58,0.36,Good,Excellent,Good,0.91,1,0.98,0.86,0.92,0.86,0.96,0.89,0.91,2.22,2.17,0.519,0.481,0,0.489,0.333,0.007,0.111,0.215,0.907,0.289,0.822,0.015,0.104,0.867,0,0,0.015,N<5,N<5,0.737,0,0,N<5,0.5,0.012,0.189,0.762,0.004,0.002,0.022,0.008,0.066,0.882,0.003,0,0.034,13.1,0.842,0.925,0.734,0.976,0.93,N/A,N/A,0.97,N/A,N/A
,,,06M346,Community Health Academy of the Heights,Middle,227,0.41,0.32,Fair,Excellent,Excellent,0.83,0.91,0.76,0.91,0.8,0.9,0.98,0.97,0.99,2.36,2.28,0.414,0.586,0,0.308,0.295,0.022,0.185,0.07,0.917,0.189,0.854,0.022,0.101,0.824,0.018,0,0.035,N<5,0.091,0.364,0,0,0.436,0.3,0.018,0.133,0.793,0.004,0.003,0.034,0.008,0.066,0.882,0.003,0,0.034,4.4,0.855,0.894,0.651,0.974,0.95,N/A,N/A,0.94,0,0.06
,,,06M348,Washington Heights Expeditionary Learning School,K-8,474,0.5,0.35,Good,Good,Excellent,0.77,0.89,0.73,0.77,0.74,0.68,0.92,0.95,0.97,,,0.54,0.46,0,0.259,0.255,0.006,0.2,0.023,0.849,0.114,0.826,0.006,0.027,0.901,0,0.004,0.04,N<5,0.063,0.488,0,0,0.388,0.4,0.004,0.06,0.895,0.001,0.001,0.029,0.009,0.076,0.829,0.004,0.001,0.06,1.5,0.775,0.901,0.632,0.962,0.96,N/A,N/A,0.94,N/A,N/A
,,,06M366,Washington Heights Academy,K-8,446,0.73,0.7,Excellent,Excellent,Excellent,0.88,0.93,0.74,0.87,0.8,0.91,1,0.99,1,,,0.54,0.46,0,0.17,0.238,0.047,0.152,0.007,0.867,0.099,0.814,0.007,0.025,0.948,0,0,0.02,N<5,N<5,0.73,N<5,N<5,0.216,0.2,0.006,0.036,0.918,0.001,0.001,0.025,0.009,0.076,0.829,0.004,0.001,0.06,0.1,0.919,0.914,0.652,0.93,0.95,N/A,N/A,0.97,N/A,N/A
,,,06M368,The William Lynch School,Elementary,214,0.53,0.47,Good,Good,Excellent,0.88,0.8,0.84,0.91,0.96,0.92,0.98,0.97,0.99,,,0.449,0.551,0,0.164,0.276,0.033,0.196,0,0.73,0.257,0.589,0.005,0.234,0.509,0,0,0.224,N<5,N<5,0.32,0,0,0.44,0.3,0.012,0.227,0.664,0.004,0.001,0.074,0.009,0.082,0.809,0.004,0,0.072,6.2,0.84,0.896,0.581,0.964,0.93,N/A,N/A,0.98,N/A,N/A
,,,06M513,Castle Bridge School,Elementary,178,0.59,0.63,Good,Good,Excellent,0.88,,0.88,0.91,0.86,0.86,0.95,0.97,0.97,,,0.5,0.494,0.006,0.258,0.36,0,0.315,0.022,0.639,0.084,0.579,0.022,0.067,0.691,0,0,0.18,0,0,0.773,0,0,0.227,0.8,0.011,0.173,0.738,0.005,0.003,0.051,0.009,0.082,0.809,0.004,0,0.072,2.9,0.909,0.926,0.716,0.964,0.93,N/A,N/A,1,0,0
,,,06M528,I.S. 528 Bea Fuller Rodgers School,Middle,235,0.51,0.41,Good,Good,Excellent,0.73,0.96,0.74,0.79,0.74,0.76,0.97,0.93,0.99,2.49,2.4,0.506,0.494,0,0.34,0.217,0.03,0.166,0,0.894,0.23,0.847,0,0.017,0.983,0,0,0,0,N<5,0.412,0,0,0.412,0.4,0.014,0.032,0.821,0.001,0.001,0.116,0.008,0.066,0.882,0.003,0,0.034,9.2,0.882,0.925,0.742,0.967,0.55,0.45,0,0.95,N/A,N/A
,,,07X001,P.S. 001 Courtlandt School,Elementary,364,0.28,0.21,Needs Improvement,Good,Excellent,0.68,,0.51,0.82,0.81,0.8,0.98,0.94,0.97,,,0.459,0.541,0,0.209,0.286,0.022,0.121,0.118,> 95%,0.272,0.934,0.005,0.198,0.764,0,0,0.025,0.136,0.25,0.364,0,0,0.227,0.2,0.003,0.286,0.663,0.01,0,0.02,0.007,0.294,0.659,0.018,0.001,0.012,0.2,0.614,0.907,0.646,0.961,0.99,N/A,N/A,0.98,N/A,N/A
,,,07X005,P.S. 5 Port Morris,K-8,614,0.41,0.26,Fair,Excellent,Good,0.78,0.92,0.57,0.86,0.72,0.89,0.97,0.85,0.98,,,0.467,0.533,0,0.264,0.265,0.003,0.112,0.122,> 95%,0.319,0.901,0.005,0.254,0.723,0,0,0.015,N<5,N<5,0.344,0,0,0.475,0.2,0.01,0.294,0.66,0.012,0.002,0.016,0.006,0.307,0.653,0.011,0.002,0.012,7.1,0.656,0.931,0.756,0.946,0.97,N/A,N/A,0.97,0,0.03
,,,07X018,P.S. 018 John Peter Zenger,Elementary,304,0.37,0.29,Fair,Fair,Excellent,0.64,0.88,0.34,0.59,0.74,0.67,0.96,0.93,0.97,,,0.536,0.464,0,0.26,0.293,0,0.164,0.118,> 95%,0.214,> 95%,0.007,0.276,0.651,0.007,0.007,0.043,N<5,0.222,0.472,0,0,0.194,0.1,0.005,0.33,0.623,0.005,0.002,0.028,0.007,0.294,0.659,0.018,0.001,0.012,2.4,0.833,0.905,0.648,0.979,0.99,N/A,N/A,0.97,N/A,N/A
,,,07X025,P.S. 025 Bilingual School,Elementary,385,0.56,0.44,Good,Good,Good,0.74,0.71,0.64,0.78,0.82,0.81,0.93,0.93,0.95,,,0.447,0.553,0,0.257,0.353,0.055,0.029,0.249,0.939,0.203,0.888,0.008,0.091,0.875,0.013,0,0.013,N<5,N<5,0.545,0,0,0.318,0.2,0.013,0.281,0.66,0.01,0.003,0.025,0.007,0.294,0.659,0.018,0.001,0.012,3.9,0.659,0.926,0.726,0.96,0.99,N/A,N/A,0.98,N/A,N/A
,,,07X029,P.S./M.S. 029 Melrose School,K-8,578,0.49,0.27,Fair,Fair,Fair,0.76,0.93,0.54,0.74,0.73,0.75,0.93,0.85,0.9,,,0.438,0.562,0,0.171,0.285,0.002,0.168,0.095,> 95%,0.199,0.901,0.003,0.318,0.64,0.009,0.002,0.012,0.071,0.314,0.286,0,0,0.3,0.2,0.004,0.393,0.571,0.007,0.003,0.009,0.006,0.307,0.653,0.011,0.002,0.012,6.1,0.814,0.905,0.631,0.957,0.97,N/A,N/A,0.96,0,0.04
,,,07X030,P.S. 030 Wilton,Elementary,328,0.36,0.28,Fair,Good,Good,0.79,1,0.67,0.84,0.78,0.82,0.95,0.92,0.94,,,0.497,0.503,0,0.186,0.311,0.003,0.125,0.155,> 95%,0.262,0.93,0.003,0.207,0.765,0.006,0,0.015,N<5,0.381,0.476,0,0,N<5,0.2,0.005,0.2,0.762,0.008,0.002,0.016,0.007,0.294,0.659,0.018,0.001,0.012,1.2,0.833,0.91,0.667,0.947,0.94,N/A,N/A,0.92,0,0.08
,,,07X031,P.S./M.S. 031 The William Lloyd Garrison,K-8,499,0.34,0.31,Fair,Excellent,Good,0.77,0.89,0.59,0.89,0.69,0.9,0.95,0.87,0.93,,,0.445,0.555,0,0.186,0.331,0.02,0.16,0.13,0.936,0.275,0.886,0.024,0.295,0.649,0.004,0,0.02,N<5,0.259,0.31,0,0,0.379,0.3,0.006,0.405,0.552,0.008,0.001,0.018,0.006,0.307,0.653,0.011,0.002,0.012,4,0.966,0.925,0.728,0.959,0.98,N/A,N/A,0.96,N/A,N/A
,,,07X043,P.S. 043 Jonas Bronck,Elementary,280,0.39,0.36,Fair,Good,Excellent,0.78,0.83,0.59,0.87,0.79,0.8,0.98,0.91,0.97,,,0.493,0.507,0,0.168,0.257,0.004,0.143,0.079,> 95%,0.221,0.932,0.014,0.168,0.793,0.007,0,0.004,0,0.206,0.441,0,0,0.294,0.3,0.008,0.227,0.736,0.003,0,0.015,0.007,0.294,0.659,0.018,0.001,0.012,2.7,0.882,0.924,0.72,0.968,0.94,N/A,N/A,0.88,0,0.12
,,,07X049,P.S. 049 Willis Avenue,Elementary,412,0.63,0.52,Good,Good,Excellent,0.82,0.82,0.68,0.84,0.81,0.84,0.97,0.94,0.97,,,0.447,0.553,0,0.194,0.318,0.027,0.129,0.102,> 95%,0.245,0.893,0.002,0.265,0.704,0.01,0.002,0.01,N<5,0.232,0.375,0,0,0.286,0.2,0.006,0.286,0.677,0.01,0.002,0.01,0.007,0.294,0.659,0.018,0.001,0.012,4,0.804,0.918,0.7,0.959,0.97,N/A,N/A,0.97,0,0.03
,,,07X065,P.S. 065 Mother Hale Academy,Elementary,198,0.39,0.28,Fair,Fair,Excellent,0.75,0.47,0.55,0.74,0.84,0.7,0.95,0.96,0.96,,,0.434,0.566,0,0.222,0.298,0,0.131,0.152,> 95%,0.429,0.874,0,0.318,0.657,0.01,0,0.015,0,0.36,0.28,0,N<5,0.28,0.3,0.001,0.328,0.631,0.008,0.001,0.018,0.007,0.294,0.659,0.018,0.001,0.012,0,0.72,0.932,0.722,0.948,0.98,N/A,N/A,0.97,N/A,N/A
,,,07X154,P.S. 154 Jonathan D. Hyatt,Elementary,191,0.65,0.57,Good,Good,Excellent,0.77,0.85,0.77,0.76,0.8,0.75,0.97,0.94,0.98,,,0.419,0.581,0,0.105,0.314,0.037,0.199,0.016,> 95%,0.267,0.921,0,0.45,0.503,0.01,0.005,0.031,N<5,N<5,0.259,0,0,0.407,0.1,0,0.323,0.627,0.019,0,0.009,0.007,0.294,0.659,0.018,0.001,0.012,12.4,0.889,0.927,0.732,0.979,1,0,0,1,0,0
,,,07X157,P.S. 157 Grove Hill,Elementary,357,0.4,0.36,Fair,Fair,Excellent,0.8,0.91,0.64,0.85,0.76,0.87,0.95,0.92,0.97,,,0.479,0.521,0,0.115,0.297,0.017,0.098,0.137,> 95%,0.168,0.922,0.006,0.179,0.647,0.16,0,0.006,N<5,0.186,0.279,N<5,N<5,0.512,0.2,0.002,0.283,0.623,0.071,0.002,0.008,0.007,0.294,0.659,0.018,0.001,0.012,24.2,0.884,0.884,0.539,0.957,0.99,N/A,N/A,0.96,N/A,N/A
,,,07X161,P.S. 161 Juan Ponce De Leon School,Elementary,250,0.3,0.24,Fair,Fair,Good,0.68,0.9,0.54,0.65,0.72,0.77,0.92,0.88,0.91,,,0.444,0.556,0,0.176,0.32,0.024,0.112,0.136,> 95%,0.212,0.932,0.024,0.2,0.756,0.004,0,0.012,N<5,0.162,0.622,N<5,N<5,0.189,0.2,0.017,0.264,0.678,0.01,0.003,0.025,0.007,0.294,0.659,0.018,0.001,0.012,1.1,0.946,0.896,0.58,0.945,0.98,N/A,N/A,0.94,0,0.06
,,,07X179,P.S. 179,Elementary,156,0.42,0.35,Fair,Good,Excellent,0.82,0.69,0.72,0.85,0.87,0.86,0.97,0.95,0.98,,,0.5,0.5,0,0.218,0.321,0.077,0.09,0.128,> 95%,0.212,0.923,0.013,0.231,0.75,0,0,0.006,N<5,0.214,0.393,0,0,0.214,0.3,0.006,0.265,0.695,0.011,0.001,0.012,0.007,0.294,0.659,0.018,0.001,0.012,0.1,0.821,0.884,0.598,0.963,0.98,N/A,N/A,0.98,N/A,N/A
,,,07X221,South Bronx Preparatory: A College Board School,Middle,247,0.46,0.37,Good,Good,Fair,0.79,0.85,0.7,0.78,0.73,0.75,0.89,0.77,0.9,2.27,2.29,0.474,0.526,0,0.154,0.291,0,0.194,0.085,> 95%,0.186,0.912,0.004,0.263,0.717,0,0,0.016,N<5,0.196,0.196,0,0,0.471,0.4,0.005,0.261,0.711,0.007,0.001,0.011,0.005,0.286,0.681,0.008,0.004,0.012,17.2,0.745,0.928,0.759,0.954,0.99,N/A,N/A,1,0,0
,,,07X223,The Laboratory School of Finance and Technology: X223,Middle,255,0.49,0.54,Good,Excellent,Good,0.78,0.91,0.77,0.89,0.74,0.88,0.92,0.89,0.96,2.78,2.66,0.549,0.451,0,0.09,0.227,0,0.188,0.035,> 95%,0.162,0.888,0,0.184,0.788,0.012,0,0.008,N<5,0.173,0.442,0,0,0.25,0.5,0.005,0.252,0.72,0.007,0.001,0.011,0.005,0.286,0.681,0.008,0.004,0.012,1.2,0.789,0.926,0.737,0.964,0.93,N/A,N/A,0.98,N/A,N/A
,,,07X224,P.S./I.S. 224,Middle,190,0.41,0.29,Fair,Fair,Excellent,0.6,0.89,0.52,0.76,0.64,0.71,0.94,0.88,1,2.29,2.21,0.563,0.437,0,0.168,0.332,0.026,0.163,0.132,> 95%,0.311,0.916,0,0.305,0.626,0.021,0.005,0.032,0,0.346,0.385,0,0,0.192,0.3,0.004,0.228,0.742,0.008,0.001,0.013,0.005,0.286,0.681,0.008,0.004,0.012,1.4,0.808,0.887,0.605,0.942,1,0,0,0.81,0,0.19
,,,07X277,P.S. 277,Elementary,252,0.42,0.39,Fair,Good,Excellent,0.81,0.92,0.53,0.81,0.72,0.76,0.94,0.93,0.99,,,0.504,0.496,0,0.179,0.198,0.004,0.111,0.071,> 95%,0.222,0.909,0.012,0.31,0.655,0.016,0,0.008,N<5,0.29,0.419,0,0,0.194,0.2,0.006,0.339,0.627,0.014,0,0.008,0.007,0.294,0.659,0.018,0.001,0.012,7.3,0.807,0.91,0.685,0.954,1,0,0,0.97,N/A,N/A
,,,07X296,South Bronx Academy for Applied Media,Middle,184,0.45,0.33,Fair,Good,Excellent,0.74,0.89,0.54,0.87,0.7,0.86,0.97,0.9,0.97,2.35,2.23,0.527,0.473,0,0.06,0.364,0.011,0.179,0.163,> 95%,0.245,0.935,0,0.364,0.598,0.016,0,0.016,N<5,0.577,N<5,0,0,0.231,0.6,0.007,0.312,0.652,0.008,0.001,0.013,0.005,0.286,0.681,0.008,0.004,0.012,19.2,0.808,0.93,0.775,0.943,0.97,N/A,N/A,0.97,N/A,N/A
,,,07X298,Academy of Public Relations,Middle,140,0.4,0.24,Fair,Excellent,Excellent,0.88,0.94,0.85,0.81,0.89,0.86,0.96,0.97,0.98,2.21,2,0.421,0.579,0,0.243,0.343,0.014,0.15,0.164,0.922,0.271,0.871,0.014,0.207,0.771,0,0,0,0,N<5,0.6,0,0,N<5,0.5,0.008,0.315,0.648,0.008,0.001,0.014,0.005,0.286,0.681,0.008,0.004,0.012,19.2,0.75,0.921,0.755,0.933,0.98,N/A,N/A,0.96,N/A,N/A
,,,07X343,Academy of Applied Mathematics and Technology,Middle,265,0.59,0.5,Good,Excellent,Excellent,0.82,0.9,0.63,0.91,0.73,0.94,0.97,0.92,0.96,2.54,2.27,0.426,0.574,0,0.075,0.279,0.004,0.158,0.087,0.934,0.211,0.864,0.004,0.317,0.653,0.004,0.008,0.008,0,0.36,0.24,0,0,0.32,0.4,0.004,0.251,0.72,0.008,0.001,0.011,0.005,0.286,0.681,0.008,0.004,0.012,14.6,0.6,0.923,0.745,0.964,1,0,0,0.9,0,0.1
,,,07X359,Concourse Village Elementary School,Elementary,149,1.17,1.03,Excellent,Excellent,Excellent,0.95,1,0.83,0.94,0.94,0.95,0.99,0.97,0.99,,,0.591,0.409,0,0.188,0.268,0,0.248,0,0.843,0.195,0.752,0.013,0.295,0.658,0,0,0.034,N<5,N<5,0.773,0,0,N<5,0.8,0.006,0.317,0.637,0.012,0.002,0.017,0.007,0.294,0.659,0.018,0.001,0.012,11.2,0.818,0.979,0.934,0.988,1,0,0,0.89,0,0.11
,,,07X369,Young Leaders Elementary School,Elementary,161,0.47,0.39,Fair,Good,Excellent,0.8,,0.71,0.93,0.87,0.93,0.98,0.97,0.98,,,0.509,0.491,0,0.149,0.311,0,0.224,0.031,> 95%,0.323,0.944,0,0.199,0.745,0.019,0,0.025,N<5,0.259,0.296,0,0,0.37,0.3,0.008,0.199,0.763,0.007,0.002,0.013,0.007,0.294,0.659,0.018,0.001,0.012,11.1,0.667,0.919,0.705,0.963,0.86,0,0.14,0.95,N/A,N/A
,,,07X500,Hostos-Lincoln Academy of Science,Middle,181,0.42,0.37,Fair,Good,Fair,0.8,0.91,0.72,0.86,0.73,0.84,0.87,0.78,0.9,2.41,2.35,0.525,0.475,0,0.122,0.26,0.006,0.122,0.094,0.925,0.138,0.868,0.017,0.26,0.713,0,0,0.011,0.175,0.3,0.175,0,0,0.35,0.4,0.008,0.306,0.657,0.009,0.001,0.012,0.005,0.286,0.681,0.008,0.004,0.012,20.1,0.875,0.888,0.582,0.96,0.98,N/A,N/A,0.97,N/A,N/A
,,,07X551,The Urban Assembly Bronx Academy of Letters,Middle,140,0.32,0.23,Needs Improvement,Fair,Good,0.71,0.81,0.58,0.82,0.68,0.8,0.92,0.88,0.96,2.34,2.17,0.436,0.564,0,0.164,0.343,0.014,0.214,0.093,> 95%,0.205,> 95%,0,0.336,0.607,0.014,0.007,0.036,N<5,0.161,0.25,0,0,0.464,0.3,0.009,0.323,0.647,0.004,0.001,0.013,0.005,0.286,0.681,0.008,0.004,0.012,4.2,0.714,0.843,0.394,0.959,0.98,N/A,N/A,0.95,0,0.05
,,,07X584,I.S. 584,Middle,158,0.54,0.34,Good,Excellent,Excellent,0.85,0.95,0.7,0.88,0.81,0.85,0.96,0.87,0.98,2.2,2.1,0.5,0.5,0,0.222,0.342,0.006,0.12,0.165,> 95%,0.297,0.899,0.032,0.253,0.696,0,0.006,0.013,N<5,0.4,0.4,0,0,N<5,0.5,0.008,0.296,0.671,0.008,0.001,0.011,0.005,0.286,0.681,0.008,0.004,0.012,7.2,0.75,0.905,0.677,0.946,0.92,N/A,N/A,0.95,N/A,N/A
,,,08X014,P.S. X014 Senator John Calandra,Elementary,627,0.48,0.49,Fair,Fair,Good,0.74,0.77,0.8,0.85,0.8,0.86,0.93,0.92,0.96,,,0.537,0.463,0,0.179,0.242,0.002,0.097,0.108,0.682,0.108,0.62,0.096,0.053,0.663,0.003,0.003,0.163,N<5,N<5,0.239,0,0,0.652,0.5,0.134,0.069,0.662,0.005,0.003,0.12,0.074,0.194,0.663,0.012,0.005,0.041,13.7,0.826,0.9,0.596,0.963,0.94,0.06,0,0.98,N/A,N/A
,,,08X036,P.S. 036 Unionport,Elementary,648,0.4,0.44,Fair,Fair,Excellent,0.8,0.78,0.7,0.82,0.83,0.83,0.96,0.93,0.97,,,0.485,0.515,0,0.184,0.194,0.005,0.082,0.074,0.862,0.134,0.799,0.313,0.094,0.491,0.022,0.002,0.068,N<5,N<5,0.439,0,0,0.439,0.3,0.298,0.116,0.508,0.015,0.009,0.045,0.074,0.194,0.663,0.012,0.005,0.041,3,0.79,0.907,0.632,0.95,0.99,N/A,N/A,0.99,N/A,N/A
,,,08X048,P.S. 048 Joseph R. Drake,Elementary,364,0.38,0.24,Fair,Fair,Good,0.81,,0.62,0.77,0.8,0.82,0.96,0.91,0.94,,,0.434,0.566,0,0.266,0.335,0,0.115,0.192,> 95%,0.374,0.874,0.005,0.198,0.777,0.005,0.003,0.008,N<5,0.212,0.423,0,0,0.269,0.3,0.005,0.246,0.725,0.005,0,0.012,0.074,0.194,0.663,0.012,0.005,0.041,6.1,0.942,0.863,0.459,0.955,0.92,N/A,N/A,0.99,N/A,N/A
,,,08X062,P.S. 062 Inocensio Casanova,Elementary,384,0.41,0.3,Fair,Good,Good,0.75,0.9,0.71,0.85,0.78,0.87,0.96,0.92,0.96,,,0.469,0.531,0,0.167,0.352,0.021,0.096,0.203,0.944,0.198,0.911,0.003,0.141,0.836,0.008,0,0.01,N<5,N<5,0.386,0,0,0.455,0.2,0.01,0.19,0.768,0.008,0,0.02,0.074,0.194,0.663,0.012,0.005,0.041,2.1,0.659,0.905,0.599,0.958,0.99,N/A,N/A,0.99,N/A,N/A
,,,08X069,P.S. 069 Journey Prep School,Elementary,426,0.38,0.37,Fair,Fair,Good,0.8,0.77,0.72,0.74,0.79,0.79,0.95,0.94,0.93,,,0.484,0.516,0,0.169,0.284,0.016,0.148,0.094,0.834,0.129,0.791,0.033,0.185,0.702,0.016,0.031,0.023,N<5,0.2,0.4,0,0,0.3,0.3,0.052,0.21,0.675,0.015,0.015,0.018,0.074,0.194,0.663,0.012,0.005,0.041,4,0.75,0.895,0.573,0.963,0.98,N/A,N/A,1,0,0
,,,08X071,P.S. 071 Rose E. Scala,K-8,1152,0.53,0.48,Fair,Good,Good,0.73,0.85,0.59,0.83,0.63,0.83,0.92,0.9,0.93,,,0.485,0.515,0,0.155,0.224,0.003,0.128,0.071,0.75,0.046,0.694,0.13,0.056,0.619,0.004,0.005,0.173,N<5,0.083,0.24,0,0,0.635,0.3,0.101,0.081,0.672,0.006,0.003,0.124,0.066,0.198,0.669,0.011,0.005,0.043,9.2,0.802,0.918,0.713,0.961,0.97,N/A,N/A,0.99,N/A,N/A
,,,08X072,P.S. 072 Dr. William Dorney,Elementary,533,0.4,0.38,Fair,Fair,Good,0.75,,0.51,0.74,0.69,0.74,0.92,0.93,0.9,,,0.458,0.542,0,0.143,0.261,0.023,0.083,0.122,0.813,0.103,0.771,0.073,0.174,0.683,0.004,0.004,0.056,N<5,N<5,0.295,0,0,0.568,0.5,0.047,0.166,0.722,0.005,0.001,0.053,0.074,0.194,0.663,0.012,0.005,0.041,3,0.886,0.879,0.522,0.955,0.91,N/A,N/A,1,0,0
,,,08X075,P.S. 75 School of Research and Discovery,Elementary,413,0.59,0.5,Good,Fair,Good,0.78,0.75,0.67,0.8,0.73,0.81,0.93,0.92,0.94,,,0.506,0.494,0,0.213,0.262,0.01,0.131,0.097,> 95%,0.199,0.92,0.007,0.242,0.705,0.01,0.002,0.017,N<5,0.133,0.4,N<5,N<5,0.4,0.2,0.007,0.263,0.678,0.011,0.004,0.024,0.074,0.194,0.663,0.012,0.005,0.041,18.1,0.911,0.887,0.539,0.951,1,0,0,0.99,N/A,N/A
,,,08X093,P.S. 093 Albert G. Oliver,Elementary,256,0.41,0.4,Fair,Fair,Good,0.78,1,0.69,0.74,0.77,0.77,0.96,0.91,0.94,,,0.453,0.547,0,0.109,0.234,0,0.148,0.063,0.868,0.18,0.824,0.004,0.363,0.578,0.031,0.012,0.012,N<5,0.212,0.333,0,0,0.394,0.2,0.014,0.316,0.621,0.012,0.01,0.018,0.074,0.194,0.663,0.012,0.005,0.041,12.1,0.667,0.885,0.523,0.964,0.98,N/A,N/A,0.9,0,0.1
,,,08X100,P.S. 100 Isaac Clason,Elementary,390,0.37,0.31,Fair,Good,Excellent,0.85,1,0.72,0.87,0.93,0.91,0.97,0.96,0.95,,,0.513,0.487,0,0.136,0.303,0.015,0.121,0.136,0.93,0.218,0.885,0.028,0.259,0.687,0.003,0,0.01,N<5,N<5,0.205,0,0,0.614,0.2,0.011,0.358,0.59,0.005,0.003,0.011,0.074,0.194,0.663,0.012,0.005,0.041,6.2,0.955,0.9,0.572,0.96,0.97,N/A,N/A,0.99,N/A,N/A
,,,08X101,M.S. X101 Edward R. Byrne,Middle,568,0.55,0.67,Excellent,Good,Good,0.75,0.87,0.59,0.89,0.68,0.9,0.93,0.86,0.92,2.99,2.92,0.452,0.548,0,0.032,0.234,0.012,0.148,0.053,0.631,0.083,0.565,0.106,0.113,0.657,0.005,0.004,0.107,N<5,0.152,0.196,0,0,0.587,0.8,0.066,0.176,0.691,0.009,0.001,0.055,0.062,0.181,0.703,0.012,0.003,0.034,11.8,0.891,0.934,0.803,0.958,0.97,N/A,N/A,1,0,0
,,,08X107,P.S. 107,Elementary,374,0.45,0.35,Fair,Good,Excellent,0.84,1,0.79,0.85,0.92,0.86,0.97,0.92,0.97,,,0.452,0.548,0,0.118,0.377,0.035,0.155,0.168,0.943,0.19,0.901,0,0.291,0.671,0.005,0.003,0.024,N<5,0.333,0.333,N<5,N<5,0.282,0.2,0.012,0.292,0.674,0.005,0,0.012,0.074,0.194,0.663,0.012,0.005,0.041,13.6,0.744,0.862,0.441,0.955,0.98,N/A,N/A,0.99,N/A,N/A
,,,08X119,The Dr. Emmett W. Bassett School,Elementary,506,0.51,0.49,Fair,Good,Excellent,0.79,0.67,0.81,0.87,0.86,0.86,0.98,0.97,0.99,,,0.526,0.474,0,0.292,0.188,0.004,0.085,0.069,0.914,0.134,0.856,0.209,0.087,0.589,0.049,0.022,0.036,N<5,N<5,0.366,0,0,0.537,0.2,0.262,0.075,0.545,0.031,0.023,0.055,0.074,0.194,0.663,0.012,0.005,0.041,1.1,0.878,0.901,0.594,0.96,0.9,0.1,0,0.95,0,0.05
,,,08X123,J.H.S. 123 James M. Kieran,Middle,539,0.46,0.34,Fair,Fair,Excellent,0.78,0.9,0.54,0.89,0.69,0.88,0.97,0.98,0.99,2.42,2.19,0.497,0.503,0,0.341,0.243,0.032,0.134,0.061,0.931,0.289,0.822,0.035,0.158,0.785,0.013,0,0.007,N<5,0.364,0.145,0,0,0.382,0.4,0.016,0.203,0.755,0.011,0.004,0.008,0.062,0.181,0.703,0.012,0.003,0.034,9.5,0.782,0.894,0.615,0.944,0.96,N/A,N/A,0.98,N/A,N/A
,,,08X130,P.S. 130 Abram Stevens Hewitt,Elementary,260,0.52,0.43,Good,Good,Good,0.86,0.83,0.83,0.91,0.92,0.96,0.95,0.93,0.95,,,0.512,0.488,0,0.246,0.238,0.015,0.115,0.085,> 95%,0.292,0.9,0.012,0.169,0.788,0.008,0,0.015,N<5,0.226,0.355,N<5,N<5,0.355,0.2,0.007,0.185,0.766,0.007,0,0.03,0.074,0.194,0.663,0.012,0.005,0.041,1,0.613,0.89,0.526,0.972,0.94,N/A,N/A,0.97,N/A,N/A
,,,08X131,J.H.S. 131 Albert Einstein,Middle,338,0.47,0.4,Fair,Good,Good,0.81,0.91,0.61,0.85,0.74,0.9,0.97,0.91,0.94,2.36,2.26,0.506,0.494,0,0.136,0.24,0.006,0.13,0.074,0.908,0.21,0.846,0.053,0.216,0.678,0.018,0.003,0.021,N<5,0.276,0.172,N<5,N<5,0.414,0.5,0.057,0.265,0.624,0.018,0.006,0.022,0.062,0.181,0.703,0.012,0.003,0.034,11.7,0.759,0.888,0.586,0.965,0.97,N/A,N/A,1,0,0
,,,08X138,P.S. 138 Samuel Randall,Elementary,396,0.4,0.39,Fair,Fair,Good,0.81,1,0.88,0.79,0.85,0.81,0.95,0.94,0.94,,,0.525,0.475,0,0.093,0.159,0.003,0.066,0.073,0.896,0.134,0.856,0.058,0.217,0.684,0.01,0.013,0.013,N<5,0.316,0.289,0,0,0.316,0.3,0.072,0.281,0.593,0.015,0.015,0.015,0.074,0.194,0.663,0.012,0.005,0.041,4.6,0.947,0.883,0.516,0.965,1,0,0,0.97,N/A,N/A
,,,08X140,P.S. X140 The Eagle School,Elementary,322,0.37,0.32,Fair,Fair,Good,0.59,,0.51,0.71,0.67,0.62,0.93,0.91,0.95,,,0.453,0.547,0,0.149,0.252,0,0.081,0.143,> 95%,0.258,0.932,0,0.32,0.652,0.003,0,0.025,0,0.394,0.242,0,0,0.303,0.2,0.004,0.335,0.612,0.018,0.001,0.019,0.074,0.194,0.663,0.012,0.005,0.041,4,0.939,0.888,0.552,0.951,0.89,N/A,N/A,1,0,0
,,,08X146,P.S. 146 Edward Collins,Elementary,263,0.44,0.37,Fair,Fair,Good,0.79,,0.79,0.8,0.82,0.78,0.95,0.91,0.93,,,0.536,0.464,0,0.186,0.278,0.042,0.087,0.118,> 95%,0.236,0.905,0,0.331,0.586,0.011,0,0.057,N<5,0.433,0.367,0,0,N<5,0.2,0.005,0.333,0.611,0.005,0,0.035,0.074,0.194,0.663,0.012,0.005,0.041,7.8,0.833,0.892,0.549,0.972,0.97,N/A,N/A,0.92,N/A,N/A
,,,08X152,P.S. 152 Evergreen,Elementary,619,0.45,0.34,Fair,Fair,Excellent,0.77,,0.74,0.83,0.81,0.83,0.95,0.95,0.98,,,0.504,0.494,0.002,0.477,0.229,0.026,0.1,0.078,> 95%,0.326,0.859,0.006,0.099,0.866,0.008,0.002,0.015,0,0.169,0.305,0,0,0.475,0.2,0.008,0.262,0.694,0.006,0.005,0.017,0.074,0.194,0.663,0.012,0.005,0.041,5.3,0.712,0.901,0.572,0.96,0.98,N/A,N/A,1,0,0
,,,08X182,P.S. 182,Elementary,376,0.38,0.38,Fair,Fair,Good,0.73,0.73,0.64,0.8,0.82,0.9,0.95,0.92,0.95,,,0.457,0.543,0,0.122,0.309,0.061,0.184,0.008,0.892,0.16,0.867,0.053,0.25,0.649,0.005,0.003,0.035,N<5,N<5,0.154,N<5,N<5,0.795,0.5,0.049,0.285,0.612,0.01,0.011,0.02,0.074,0.194,0.663,0.012,0.005,0.041,27.4,0.949,0.895,0.569,0.969,1,0,0,0.98,N/A,N/A
,,,08X269,Bronx Studio School for Writers and Artists,Middle,285,0.35,0.3,Fair,Fair,Excellent,0.67,0.82,0.63,0.76,0.66,0.69,0.94,0.91,0.98,2.42,2.32,0.544,0.456,0,0.14,0.26,0.039,0.098,0.112,0.935,0.17,0.891,0.011,0.158,0.796,0.004,0.004,0.025,N<5,0.135,0.269,N<5,N<5,0.538,0.4,0.009,0.254,0.715,0.006,0.002,0.008,0.062,0.181,0.703,0.012,0.003,0.034,7.1,0.731,0.877,0.536,0.954,0.97,N/A,N/A,0.89,0,0.11
,,,08X301,M.S. 301 Paul L. Dunbar,Middle,169,0.29,0.19,Fair,Good,Good,0.78,0.89,0.6,0.96,0.7,0.97,0.95,0.84,0.95,2.2,2,0.456,0.544,0,0.112,0.361,0.024,0.225,0.095,> 95%,0.355,> 95%,0,0.373,0.568,0.03,0,0.018,N<5,0.455,N<5,0,0,0.364,0.2,0.002,0.401,0.564,0.015,0,0.011,0.062,0.181,0.703,0.012,0.003,0.034,9.2,0.773,0.875,0.565,0.955,0.39,0.61,0,0.84,0,0.16
,,,08X302,M.S. 302 Luisa Dessus Cruz,Middle,319,0.56,0.45,Good,Good,Excellent,0.9,0.96,0.86,0.95,0.9,0.89,0.96,0.93,0.96,2.37,2.2,0.458,0.542,0,0.179,0.288,0.069,0.144,0.069,0.937,0.241,0.884,0.003,0.163,0.809,0,0,0.022,0,0.323,0.613,0,0,N<5,0.3,0.005,0.197,0.77,0,0,0.016,0.062,0.181,0.703,0.012,0.003,0.034,13,0.613,0.9,0.607,0.941,0.98,N/A,N/A,0.9,0,0.1
,,,08X304,P.S. 304 Early Childhood School,Elementary,501,0.56,0.58,Good,Good,Excellent,0.88,1,0.89,0.9,0.9,0.93,0.97,0.96,0.96,,,0.483,0.517,0,0.108,0.315,0.002,0.275,0.03,0.682,0.098,0.623,0.086,0.07,0.737,0.008,0,0.088,N<5,0.114,0.205,0,0,0.591,0.3,0.079,0.082,0.767,0.006,0.006,0.054,0.074,0.194,0.663,0.012,0.005,0.041,5.1,0.727,0.911,0.636,0.964,0.97,N/A,N/A,0.98,N/A,N/A
,,,08X333,The Longwood Academy of Discovery,Elementary,440,0.29,0.21,Needs Improvement,Needs Improvement,Good,0.66,0.5,0.35,0.67,0.64,0.68,0.89,0.91,0.93,,,0.505,0.495,0,0.241,0.334,0.007,0.109,0.202,> 95%,0.216,0.902,0.005,0.236,0.725,0.005,0,0.014,N<5,0.188,0.458,0,0,0.271,0.2,0.006,0.372,0.591,0.008,0,0.016,0.074,0.194,0.663,0.012,0.005,0.041,0.1,0.75,0.879,0.502,0.96,0.94,N/A,N/A,0.98,0,0.02
,,,08X337,The School for Inquiry and Social Justice,Middle,414,0.5,0.43,Good,Good,Good,0.7,0.85,0.6,0.77,0.69,0.78,0.93,0.82,0.93,2.47,2.41,0.505,0.495,0,0.278,0.188,0.014,0.101,0.065,0.907,0.22,0.829,0.036,0.133,0.787,0.024,0.007,0.01,N<5,0.135,0.162,N<5,N<5,0.676,0.4,0.017,0.205,0.753,0.01,0.003,0.008,0.062,0.181,0.703,0.012,0.003,0.034,5,0.892,0.918,0.705,0.944,1,0,0,0.99,N/A,N/A
,,,08X367,"Archimedes Academy for Math, Science and Technology Applications",Middle,199,0.4,0.37,Fair,Fair,Good,0.68,0.77,0.55,0.76,0.63,0.68,0.9,0.76,0.94,2.4,2.43,0.487,0.513,0,0.106,0.266,0.03,0.146,0.065,0.884,0.149,0.869,0.06,0.216,0.658,0.03,0.005,0.025,0.118,0.137,0.216,0,0,0.49,0.6,0.031,0.268,0.661,0.017,0.002,0.016,0.062,0.181,0.703,0.012,0.003,0.034,3,0.745,0.876,0.522,0.964,0.93,N/A,N/A,0.92,0,0.08
,,,08X371,Urban Institute of Mathematics,Middle,376,0.59,0.6,Excellent,Good,Excellent,0.81,0.89,0.59,0.96,0.7,0.96,0.98,0.92,0.99,2.7,2.71,0.444,0.556,0,0.096,0.258,0.003,0.178,0.069,0.737,0.17,0.665,0.061,0.149,0.721,0.008,0.003,0.056,N<5,N<5,0.207,0,0,0.655,0.8,0.064,0.169,0.679,0.009,0.002,0.073,0.062,0.181,0.703,0.012,0.003,0.034,6.9,0.793,0.897,0.627,0.955,0.99,N/A,N/A,1,0,0
,,,08X375,The Bronx Mathematics Preparatory School,Middle,165,0.43,0.35,Fair,Good,Fair,0.79,0.93,0.52,0.88,0.74,0.92,0.92,0.84,0.9,2.43,2.31,0.448,0.552,0,0.164,0.297,0.03,0.127,0.121,0.901,0.23,0.83,0.024,0.291,0.612,0.024,0.006,0.042,N<5,0.375,N<5,0,0,0.375,0.5,0.041,0.247,0.671,0.02,0.001,0.016,0.062,0.181,0.703,0.012,0.003,0.034,8.7,0.75,0.88,0.571,0.951,0.98,N/A,N/A,0.88,N/A,N/A
,,,08X376,Antonia Pantoja Preparatory Academy: A College Board School,Middle,152,0.48,0.43,Good,Good,Good,0.74,0.78,0.6,0.9,0.66,0.91,0.93,0.92,0.96,2.61,2.4,0.546,0.454,0,0.118,0.237,0,0.171,0.059,0.912,0.16,0.894,0.059,0.178,0.743,0,0,0.02,N<5,0.205,0.333,N<5,N<5,0.256,0.6,0.059,0.259,0.633,0.018,0.002,0.021,0.062,0.181,0.703,0.012,0.003,0.034,2.5,0.795,0.89,0.588,0.952,0.86,N/A,N/A,0.96,N/A,N/A
,,,08X392,Bronx Delta School,Elementary,391,0.53,0.54,Good,Fair,Excellent,0.75,0.82,0.67,0.75,0.75,0.72,0.97,0.95,0.96,,,0.465,0.535,0,0.079,0.304,0.003,0.187,0.097,0.751,0.115,0.701,0.051,0.13,0.706,0.005,0,0.105,N<5,N<5,0.196,0,0,0.63,0.6,0.078,0.147,0.689,0.004,0.001,0.075,0.074,0.194,0.663,0.012,0.005,0.041,9.2,0.848,0.889,0.574,0.955,0.98,N/A,N/A,1,N/A,N/A
,,,08X424,Bronx Academy for Multi-Media,Middle,228,0.67,0.44,Excellent,Good,Excellent,0.73,0.9,0.65,0.85,0.76,0.78,0.97,0.92,0.97,2.24,2.01,0.434,0.566,0,0.268,0.338,0.004,0.18,0.14,> 95%,0.355,0.899,0,0.237,0.746,0.009,0,0.004,0,0.259,0.296,0,0,0.333,0.3,0,0.258,0.732,0,0,0.003,0.062,0.181,0.703,0.012,0.003,0.034,6.2,0.556,0.891,0.609,0.965,0.95,N/A,N/A,0.81,0,0.19
,,,08X448,Soundview Academy for Culture and Scholarship,Middle,297,0.31,0.29,Needs Improvement,Needs Improvement,Needs Improvement,0.59,0.79,0.48,0.51,0.61,0.41,0.77,0.84,0.82,2.51,2.39,0.525,0.475,0,0.101,0.306,0.054,0.114,0.125,0.892,0.178,0.852,0.017,0.286,0.68,0.007,0,0.007,N<5,0.313,0.469,0,0,0.156,0.6,0.072,0.255,0.618,0.019,0.006,0.025,0.062,0.181,0.703,0.012,0.003,0.034,15.2,0.594,0.852,0.462,0.955,1,0,0,0.96,N/A,N/A
,,,08X467,Mott Hall Community School,Middle,235,0.46,0.39,Fair,Fair,Excellent,0.73,0.94,0.58,0.81,0.67,0.86,0.96,0.88,0.97,2.44,2.33,0.472,0.528,0,0.213,0.264,0.051,0.123,0.072,0.812,0.174,0.749,0.072,0.162,0.706,0.013,0.009,0.038,0,N<5,N<5,0,0,0.696,0.7,0.064,0.18,0.671,0.01,0.003,0.07,0.062,0.181,0.703,0.012,0.003,0.034,9.3,1,0.876,0.509,0.959,0.91,N/A,N/A,0.98,N/A,N/A
,,,08X562,Pugsley Preparatory Academy,Middle,584,0.41,0.4,Fair,Fair,Fair,0.67,0.87,0.47,0.84,0.57,0.81,0.88,0.75,0.88,2.54,2.62,0.491,0.509,0,0.262,0.212,0.005,0.11,0.084,0.907,0.183,0.854,0.24,0.116,0.546,0.022,0.009,0.062,0.173,0.346,0.154,0,0,0.288,0.3,0.264,0.102,0.527,0.043,0.006,0.057,0.062,0.181,0.703,0.012,0.003,0.034,4.9,0.808,0.886,0.571,0.959,0.99,N/A,N/A,0.95,0,0.05
,,,08X583,P.S. 583,Elementary,404,0.43,0.48,Fair,Good,Excellent,0.91,,0.9,0.95,0.93,0.96,0.99,0.93,0.98,,,0.51,0.49,0,0.171,0.183,0,0.092,0.079,0.884,0.119,0.837,0.428,0.062,0.423,0.022,0.002,0.052,N<5,0.152,0.455,N<5,N<5,0.273,0.3,0.253,0.122,0.521,0.03,0.015,0.049,0.074,0.194,0.663,0.012,0.005,0.041,7.2,0.879,0.902,0.565,0.962,0.98,N/A,N/A,0.99,N/A,N/A
,,,09X004,P.S./M.S. 004 Crotona Park West,K-8,257,1.27,0.84,Excellent,Excellent,Excellent,0.97,1,0.97,0.98,0.96,0.99,0.99,0.9,1,,,0.447,0.553,0,0.16,0.323,0.078,0.008,0.191,> 95%,0.385,0.938,0,0.432,0.549,0,0,0.004,0,0.25,0.25,0,0,0.429,0.4,0.002,0.367,0.603,0.004,0.002,0.01,0.008,0.301,0.661,0.008,0.003,0.012,17.2,0.643,0.897,0.607,0.957,0.73,N/A,N/A,0.97,N/A,N/A
,,,09X011,P.S. 011 Highbridge,Elementary,362,0.35,0.27,Fair,Excellent,Excellent,0.78,1,0.83,0.92,0.89,0.95,0.97,0.94,0.97,,,0.47,0.53,0,0.298,0.232,0.008,0.099,0.102,> 95%,0.326,0.892,0.003,0.26,0.715,0.003,0.006,0.014,0,0.256,0.302,0,0,0.419,0.2,0.002,0.3,0.665,0.012,0.002,0.017,0.008,0.243,0.717,0.008,0.002,0.015,2,0.884,0.916,0.649,0.966,0.96,N/A,N/A,0.98,N/A,N/A
,,,09X022,J.H.S. 022 Jordan L. Mott,Middle,262,0.41,0.3,Fair,Fair,Good,0.7,0.86,0.54,0.68,0.66,0.71,0.92,0.89,0.96,2.33,2.42,0.489,0.511,0,0.344,0.233,0,0.115,0.107,0.949,0.355,0.878,0.008,0.206,0.767,0,0.004,0.015,N<5,0.242,0.424,0,0,0.212,0.4,0.01,0.298,0.668,0.008,0.003,0.009,0.007,0.278,0.693,0.006,0.002,0.01,1.7,0.697,0.888,0.601,0.957,0.95,N/A,N/A,0.84,0,0.16
,,,09X028,P.S. 028 Mount Hope,Elementary,554,0.4,0.31,Fair,,Excellent,,,,,,,0.98,0.95,0.98,,,0.482,0.518,0,0.395,0.3,0.022,0.117,0.148,> 95%,0.289,0.91,0.002,0.162,0.81,0.013,0.005,0.005,N<5,0.241,0.431,0,0,0.293,0.2,0.002,0.24,0.732,0.009,0.003,0.009,0.008,0.243,0.717,0.008,0.002,0.015,3.5,0.948,0.888,0.558,0.952,0.96,N/A,N/A,0.96,N/A,N/A
,,,09X035,P.S. 035 Franz Siegel,Elementary,384,0.33,0.25,Fair,Fair,Good,0.76,1,0.68,0.7,0.61,0.72,0.95,0.89,0.98,,,0.438,0.563,0,0.255,0.273,0.01,0.12,0.089,0.944,0.242,0.904,0.003,0.237,0.727,0.008,0,0.013,N<5,0.256,0.385,0,0,0.179,0.1,0.011,0.252,0.692,0.015,0,0.022,0.008,0.243,0.717,0.008,0.002,0.015,24.1,0.872,0.897,0.599,0.964,0.95,N/A,N/A,1,N/A,N/A
,,,09X042,P.S. 042 Claremont,Elementary,297,0.46,0.34,Fair,Fair,Good,0.72,0.78,0.6,0.64,0.63,0.7,0.99,0.85,0.79,,,0.475,0.525,0,0.313,0.347,0.01,0.189,0.114,> 95%,0.269,0.949,0.003,0.29,0.694,0,0,0.013,N<5,0.282,0.282,0,0,0.385,0.3,0.001,0.414,0.551,0.003,0.001,0.014,0.008,0.243,0.717,0.008,0.002,0.015,2.1,0.641,0.917,0.688,0.962,0.82,0.18,0,0.94,0,0.06
,,,09X053,P.S. 053 Basheer Quisim,Elementary,515,0.44,0.35,Fair,Fair,Good,0.78,1,0.66,0.77,0.78,0.78,0.95,0.91,0.95,,,0.503,0.497,0,0.412,0.192,0.002,0.076,0.091,> 95%,0.268,0.942,0.017,0.239,0.728,0.002,0,0.01,0.083,0.517,0.217,0,0,0.15,0.2,0.008,0.359,0.609,0.007,0.001,0.009,0.008,0.243,0.717,0.008,0.002,0.015,2.2,0.85,0.881,0.509,0.956,0.93,N/A,N/A,0.95,0,0.05
,,,09X055,P.S. 055 Benjamin Franklin,Elementary,414,0.26,0.25,Needs Improvement,Fair,Good,0.81,,0.75,0.8,0.8,0.69,0.93,0.88,0.9,,,0.488,0.51,0.002,0.085,0.278,0.07,0.162,0.017,> 95%,0.169,> 95%,0.005,0.418,0.558,0.002,0,0.017,N<5,0.364,0.341,0,0,0.159,0.2,0.002,0.462,0.498,0.005,0.002,0.03,0.008,0.243,0.717,0.008,0.002,0.015,19.1,0.818,0.882,0.536,0.947,0.92,N/A,N/A,0.96,0,0.04
,,,09X058,P.S. 058,Elementary,269,0.4,0.32,Fair,Good,Fair,0.9,1,0.83,0.85,0.92,0.88,0.9,0.87,0.89,,,0.439,0.561,0,0.387,0.249,0.067,0.03,0.108,> 95%,0.383,0.918,0,0.238,0.732,0.004,0.004,0.022,N<5,0.276,0.483,0,0,N<5,0.3,0.005,0.374,0.587,0.003,0.003,0.018,0.008,0.243,0.717,0.008,0.002,0.015,,0.931,0.888,0.57,0.912,0.98,N/A,N/A,0.98,N/A,N/A
,,,09X063,P.S. 063 Author's Academy,Elementary,346,0.56,0.43,Good,Fair,Excellent,0.74,0.79,0.45,0.8,0.67,0.77,0.97,0.96,0.98,,,0.52,0.48,0,0.251,0.321,0.014,0.159,0.127,> 95%,0.237,0.928,0.009,0.303,0.636,0.009,0,0.035,N<5,0.162,0.405,0,0,0.324,0.2,0.002,0.385,0.564,0.011,0,0.025,0.008,0.243,0.717,0.008,0.002,0.015,20.2,0.757,0.896,0.599,0.945,0.99,N/A,N/A,0.98,N/A,N/A
,,,09X070,P.S. 070 Max Schoenfeld,Elementary,706,0.39,0.32,Fair,Good,Excellent,0.78,0.9,0.65,0.86,0.74,0.84,0.97,0.99,1,,,0.506,0.494,0,0.309,0.229,0.016,0.106,0.096,> 95%,0.348,0.907,0.011,0.193,0.783,0.007,0,0.001,N<5,0.213,0.333,0,0,0.387,0.2,0.01,0.211,0.766,0.004,0,0.003,0.008,0.243,0.717,0.008,0.002,0.015,3.7,0.96,0.905,0.625,0.953,0.98,N/A,N/A,0.99,N/A,N/A
,,,09X073,P.S. 073 Bronx,Elementary,266,0.39,0.34,Fair,Fair,Fair,0.76,0.85,0.73,0.74,0.76,0.84,0.91,0.87,0.88,,,0.481,0.519,0,0.301,0.259,0.03,0.094,0.09,> 95%,0.361,0.91,0,0.256,0.722,0.004,0,0.015,N<5,N<5,0.667,0,0,0.152,0.1,0.016,0.292,0.65,0.016,0.003,0.019,0.008,0.243,0.717,0.008,0.002,0.015,12,0.849,0.885,0.484,0.937,0.84,0.16,0,0.97,N/A,N/A
,,,09X088,P.S. X088 - S. Silverstein Little Sparrow School,Elementary,92,0.52,0.53,Good,Excellent,Good,0.97,,0.93,0.84,1,0.89,0.96,0.94,0.86,,,0.543,0.457,0,0.228,0.076,0.033,0,0.011,0.913,0.196,0.848,0,0.261,0.717,0,0,0.011,N<5,0.5,N<5,0,0,N<5,0.1,0,0.424,0.561,0.003,0.003,0.003,0.008,0.243,0.717,0.008,0.002,0.015,19.7,0.7,0.919,0.716,0.955,1,0,0,1,0,0
,,,09X109,P.S. 109 Sedgwick,Elementary,357,0.28,0.23,Needs Improvement,Fair,Excellent,0.72,0.75,0.56,0.65,0.79,0.68,0.98,0.99,1,,,0.493,0.507,0,0.244,0.244,0.008,0.092,0.109,> 95%,0.3,0.933,0,0.207,0.765,0.003,0,0.014,0,0.171,0.439,0,0,0.366,0.2,0.003,0.342,0.619,0.007,0.001,0.019,0.008,0.243,0.717,0.008,0.002,0.015,12.2,0.805,0.895,0.575,0.947,0.84,0,0.16,0.98,N/A,N/A
,,,09X110,P.S. 110 Theodore Schoenfeld,Elementary,247,0.39,0.34,Fair,Fair,Good,0.72,,0.65,0.7,0.74,0.67,0.94,0.94,0.95,,,0.506,0.494,0,0.215,0.34,0.032,0.126,0.146,0.946,0.291,0.899,0,0.308,0.611,0.004,0,0.073,0,0.241,0.31,0,0,0.448,0.2,0,0.428,0.514,0.007,0.002,0.04,0.008,0.243,0.717,0.008,0.002,0.015,5,0.586,0.889,0.505,0.953,0.96,N/A,N/A,0.97,0,0.03
,,,09X114,P.S. X114 - Luis Llorens Torres Schools,Elementary,412,0.34,0.28,Fair,Fair,Good,0.74,0.83,0.68,0.68,0.66,0.68,0.94,0.88,0.95,,,0.456,0.544,0,0.296,0.306,0.034,0.119,0.126,> 95%,0.282,0.908,0.039,0.175,0.74,0.005,0.005,0.029,N<5,0.333,0.314,0,0,0.255,0.3,0.023,0.258,0.689,0.012,0.005,0.009,0.008,0.243,0.717,0.008,0.002,0.015,2,0.902,0.896,0.607,0.947,0.92,N/A,N/A,0.97,N/A,N/A
,,,09X117,I.S. 117 Joseph H. Wade,Middle,334,0.47,0.3,Fair,Fair,Excellent,0.77,0.88,0.63,0.78,0.73,0.82,0.94,0.94,0.97,2.31,2.19,0.374,0.626,0,0.317,0.287,0.042,0.102,0.135,> 95%,0.284,0.91,0,0.15,0.826,0.012,0,0.012,N<5,0.361,0.361,N<5,N<5,0.222,0.3,0.002,0.262,0.718,0.006,0.002,0.011,0.007,0.278,0.693,0.006,0.002,0.01,1,0.972,0.881,0.558,0.95,0.81,0.19,0,0.93,0,0.07
,,,09X126,P.S. 126 Dr Marjorie H Dunbar,Elementary,439,0.5,0.39,Fair,Fair,Excellent,0.81,1,0.72,0.8,0.82,0.81,0.97,0.97,0.95,,,0.487,0.513,0,0.349,0.267,0.007,0.098,0.144,> 95%,0.351,0.9,0.002,0.237,0.736,0.002,0,0.014,N<5,0.241,0.444,0,0,0.259,0.2,0,0.294,0.679,0.004,0.003,0.013,0.008,0.243,0.717,0.008,0.002,0.015,4.6,0.574,0.887,0.537,0.97,0.89,N/A,N/A,0.97,0,0.03
,,,09X128,Mott Hall III,Middle,308,0.41,0.4,Fair,Fair,Fair,0.65,0.83,0.48,0.83,0.61,0.73,0.89,0.83,0.89,2.56,2.43,0.513,0.487,0,0.078,0.263,0.029,0.169,0.036,> 95%,0.201,0.919,0.01,0.373,0.597,0,0,0.019,N<5,0.25,0.286,0,0,0.321,0.4,0.006,0.395,0.574,0.007,0.002,0.01,0.007,0.278,0.693,0.006,0.002,0.01,4.7,0.536,0.881,0.557,0.943,1,0,0,0.88,0,0.13
,,,09X132,P.S. 132 Garret A. Morgan,Elementary,316,0.32,0.25,Fair,Needs Improvement,Needs Improvement,0.65,0.71,0.48,0.67,0.69,0.65,0.8,0.82,0.83,,,0.453,0.547,0,0.127,0.326,0.016,0.136,0.155,> 95%,0.263,0.921,0,0.424,0.535,0.006,0.003,0.016,N<5,0.41,0.256,N<5,N<5,0.256,0.2,0.002,0.408,0.556,0.005,0.003,0.016,0.008,0.243,0.717,0.008,0.002,0.015,0,0.795,0.882,0.534,0.954,0.96,N/A,N/A,0.96,0,0.04
,,,09X163,P.S. 163 Arthur A. Schomburg,Elementary,248,0.36,0.26,Fair,Fair,Good,0.73,,0.7,0.63,0.75,0.63,0.95,0.91,0.96,,,0.512,0.488,0,0.319,0.214,0.024,0.056,0.117,> 95%,0.258,0.927,0.004,0.363,0.621,0.008,0,0.004,N<5,0.31,0.31,N<5,N<5,0.345,0.1,0.007,0.286,0.672,0.016,0.004,0.011,0.008,0.243,0.717,0.008,0.002,0.015,6,0.897,0.924,0.705,0.949,0.92,N/A,N/A,0.95,N/A,N/A
,,,09X199,P.S. 199X - The Shakespeare School,Elementary,366,0.49,0.38,Good,Excellent,Excellent,0.9,0.88,0.82,0.9,0.95,0.95,0.98,0.92,0.98,,,0.47,0.53,0,0.295,0.281,0.011,0.115,0.134,> 95%,0.361,0.902,0.005,0.246,0.667,0.046,0.008,0.005,N<5,0.125,0.583,N<5,N<5,0.229,0.2,0,0.32,0.614,0.032,0.014,0.009,0.008,0.243,0.717,0.008,0.002,0.015,6.9,0.896,0.906,0.631,0.956,0.96,N/A,N/A,0.97,N/A,N/A
,,,09X204,P.S. 204 Morris Heights,Elementary,530,0.69,0.62,Excellent,Excellent,Excellent,0.92,0.86,0.87,0.96,0.98,0.97,0.99,0.98,1,,,0.462,0.538,0,0.142,0.266,0.03,0.115,0.081,0.945,0.247,0.883,0.008,0.251,0.706,0.011,0.002,0.019,N<5,N<5,0.222,0,0,0.622,0.2,0.004,0.286,0.677,0.009,0.005,0.011,0.008,0.243,0.717,0.008,0.002,0.015,10.1,0.867,0.915,0.677,0.968,0.99,N/A,N/A,0.99,N/A,N/A
,,,09X215,Kappa,Middle,186,0.52,0.45,Good,Good,Good,0.84,0.95,0.56,0.86,0.76,0.96,0.95,0.86,0.95,2.54,2.39,0.5,0.5,0,0.054,0.285,0.005,0.118,0.118,> 95%,0.177,0.914,0,0.462,0.505,0.016,0,0.005,N<5,0.655,N<5,0,0,0.207,0.4,0.005,0.411,0.564,0.005,0.001,0.011,0.007,0.278,0.693,0.006,0.002,0.01,19.2,0.897,0.892,0.609,0.96,1,0,0,0.95,N/A,N/A
,,,09X218,P.S./I.S. 218 Rafael Hernandez Dual Language Magnet School,K-8,837,0.38,0.3,Fair,Fair,Good,0.69,0.81,0.61,0.67,0.66,0.63,0.92,0.91,0.96,,,0.507,0.493,0,0.234,0.192,0.011,0.115,0.002,> 95%,0.198,0.896,0.01,0.045,0.922,0.01,0.002,0.008,N<5,N<5,0.721,0,0,0.147,0.2,0.033,0.213,0.725,0.008,0.005,0.009,0.008,0.301,0.661,0.008,0.003,0.012,10.1,0.765,0.91,0.643,0.957,0.95,N/A,N/A,0.99,N/A,N/A
,,,09X219,I.S. 219 New Venture School,Middle,266,0.42,0.28,Fair,Fair,Excellent,0.71,0.85,0.53,0.72,0.67,0.75,0.95,0.91,1,2.37,2.28,0.496,0.504,0,0.211,0.323,0.004,0.154,0.147,> 95%,0.353,0.91,0.004,0.35,0.632,0.015,0,0,N<5,0.286,0.393,0,0,0.25,0.3,0.005,0.431,0.541,0.006,0.002,0.012,0.007,0.278,0.693,0.006,0.002,0.01,3,0.643,0.899,0.661,0.925,0.67,N/A,N/A,0.98,N/A,N/A
,,,09X229,I.S. 229 Roland Patterson,Middle,182,0.62,0.44,Excellent,Good,Excellent,0.85,0.95,0.72,0.9,0.82,0.93,0.98,0.96,0.99,2.24,2.09,0.478,0.522,0,0.154,0.357,0.016,0.176,0.165,> 95%,0.253,0.901,0.011,0.324,0.648,0.011,0,0,N<5,0.346,0.269,0,0,0.231,0.1,0.004,0.472,0.484,0.016,0,0.008,0.007,0.278,0.693,0.006,0.002,0.01,4.5,0.654,0.908,0.624,0.963,0.91,0.09,0,0.92,0,0.08
,,,09X231,Eagle Academy for Young Men,Middle,122,0.47,0.37,Good,Good,,0.79,0.82,0.59,0.75,0.73,0.83,,,,2.31,2.18,0,1,0,0.049,0.418,0.025,0.221,0.139,0.949,0.149,0.825,0.016,0.484,0.475,0.008,0.016,0,0,0.447,0.342,0,0,0.184,1,0.006,0.283,0.69,0.007,0.002,0.009,0.007,0.278,0.693,0.006,0.002,0.01,9,0.79,0.933,0.854,0.964,0.84,N/A,N/A,0.87,0,0.13
,,,09X232,I.S. 232,Middle,304,0.56,0.39,Good,Good,Good,0.8,0.9,0.62,0.85,0.71,0.8,0.95,0.85,0.96,2.43,2.24,0.444,0.556,0,0.355,0.263,0.016,0.118,0.115,> 95%,0.411,0.862,0.003,0.197,0.789,0,0.007,0.003,N<5,0.25,0.531,0,0,N<5,0.4,0.006,0.28,0.697,0.006,0.002,0.006,0.007,0.278,0.693,0.006,0.002,0.01,7.5,0.688,0.911,0.683,0.936,0.7,0.19,0.11,0.94,N/A,N/A
,,,09X236,P.S. 236 Langston Hughes,Elementary,257,0.43,0.39,Fair,Good,Excellent,0.77,,0.9,0.86,0.87,0.9,0.96,0.95,0.96,,,0.494,0.506,0,0.214,0.237,0.004,0.206,0.008,> 95%,0.268,0.903,0,0.233,0.751,0.004,0.004,0.004,0,0.222,0.259,0,0,0.519,0.1,0.002,0.328,0.637,0.014,0.005,0.002,0.008,0.243,0.717,0.008,0.002,0.015,2.2,0.852,0.904,0.623,0.964,0.94,N/A,N/A,0.99,N/A,N/A
,,,09X241,"Urban Assembly School for Applied Math and Science, The",Middle,233,0.36,0.31,Fair,Good,Good,0.79,0.87,0.69,0.88,0.75,0.8,0.92,0.91,0.96,2.44,2.35,0.532,0.468,0,0.129,0.33,0,0.215,0.077,> 95%,0.154,0.895,0,0.322,0.665,0,0,0.009,N<5,0.222,0.381,0,0,0.333,0.7,0.005,0.321,0.653,0.005,0.002,0.01,0.007,0.278,0.693,0.006,0.002,0.01,6.1,0.667,0.838,0.437,0.956,0.99,N/A,N/A,0.95,N/A,N/A
,,,09X274,The New American Academy at Roberto Clemente State Park,Elementary,355,0.34,0.3,Fair,Good,,0.89,,0.79,0.9,0.86,0.88,,,,,,0.496,0.504,0,0.13,0.332,0.003,0.169,0.121,> 95%,0.313,> 95%,0.006,0.307,0.637,0.014,0.003,0.028,N<5,0.237,0.421,N<5,N<5,0.316,0.1,0,0.45,0.476,0.013,0.003,0.035,0.008,0.243,0.717,0.008,0.002,0.015,0.2,0.921,0.898,0.602,0.95,0.93,0.07,0,0.98,0,0.02
,,,09X294,The Walton Avenue School,Elementary,355,0.42,0.34,Fair,Good,Excellent,0.85,0.86,0.81,0.83,0.91,0.76,0.96,0.94,0.96,,,0.459,0.541,0,0.211,0.301,0.014,0.11,0.149,> 95%,0.304,0.887,0.011,0.152,0.797,0.017,0,0.02,N<5,0.222,0.444,N<5,N<5,0.278,0.2,0.002,0.166,0.808,0.012,0,0.008,0.008,0.243,0.717,0.008,0.002,0.015,4.6,0.889,0.895,0.585,0.958,0.96,N/A,N/A,1,N/A,N/A
,,,09X303,I.S. X303 Leadership & Community Service,Middle,311,0.4,0.33,Fair,Excellent,Excellent,0.82,0.94,0.72,0.94,0.77,0.98,0.98,0.89,0.97,2.53,2.29,0.476,0.524,0,0.167,0.315,0,0.186,0.109,> 95%,0.299,0.897,0.003,0.238,0.752,0,0.003,0.003,N<5,0.25,N<5,0,0,0.357,0.4,0.006,0.284,0.692,0.006,0.002,0.006,0.007,0.278,0.693,0.006,0.002,0.01,6,0.536,0.925,0.766,0.983,0.91,0.09,0,0.94,0,0.06
,,,09X311,Lucero Elementary School,Elementary,294,0.29,0.19,Fair,Good,Excellent,0.87,1,0.78,0.97,0.89,0.95,0.97,0.91,0.97,,,0.469,0.531,0,0.514,0.241,0.01,0.082,0.116,0.943,0.378,0.833,0.003,0.075,0.912,0,0.003,0.003,N<5,0.179,0.571,N<5,N<5,0.179,0.2,0.004,0.162,0.807,0.011,0.001,0.007,0.008,0.243,0.717,0.008,0.002,0.015,2.1,0.75,0.9,0.569,0.962,0.97,N/A,N/A,0.97,0,0.03
,,,09X313,I.S. 313 School of Leadership Development,Middle,158,0.4,0.24,Fair,Fair,Excellent,0.74,0.82,0.57,0.77,0.7,0.73,0.97,0.99,0.99,2.35,2.09,0.449,0.551,0,0.348,0.285,0.006,0.108,0.165,> 95%,0.354,0.93,0.006,0.31,0.639,0.013,0,0.019,N<5,0.389,0.444,0,0,N<5,0.5,0.002,0.317,0.662,0.006,0.001,0.008,0.007,0.278,0.693,0.006,0.002,0.01,1.2,0.833,0.894,0.554,0.968,0.89,N/A,N/A,0.77,0,0.23
,,,09X323,Bronx Writing Academy,Middle,230,0.41,0.3,Fair,Good,Good,0.79,0.9,0.59,0.88,0.71,0.9,0.93,0.93,0.94,2.35,2.26,0.491,0.509,0,0.257,0.278,0.026,0.148,0.104,> 95%,0.365,0.93,0.004,0.239,0.739,0,0,0.013,N<5,0.29,0.323,0,0,0.258,0.4,0.009,0.316,0.649,0.008,0.002,0.011,0.007,0.278,0.693,0.006,0.002,0.01,9.1,0.839,0.905,0.657,0.946,0.87,N/A,N/A,0.93,N/A,N/A
,,,09X324,Bronx Early College Academy for Teaching & Learning,Middle,121,0.38,0.42,Fair,Good,Good,0.75,0.85,0.64,0.81,0.7,0.8,0.97,0.89,0.94,2.63,2.38,0.504,0.496,0,0.182,0.364,0,0.256,0.099,0.93,0.196,0.879,0.008,0.19,0.785,0.008,0,0,0,0.156,0.313,N<5,0,0.469,0.4,0.009,0.329,0.633,0.011,0.003,0.012,0.007,0.278,0.693,0.006,0.002,0.01,13,0.625,0.915,0.664,0.969,0.99,N/A,N/A,0.89,0,0.11
,,,09X327,Comprehensive Model School Project M.S. 327,Middle,304,0.58,0.51,Good,Good,Good,0.8,0.87,0.69,0.9,0.72,0.84,0.92,0.85,0.94,2.51,2.52,0.52,0.48,0,0.168,0.27,0,0.141,0.118,> 95%,0.188,0.899,0.007,0.188,0.783,0,0.007,0.013,N<5,0.236,0.364,0,0,0.273,0.3,0.005,0.232,0.747,0.005,0.002,0.007,0.007,0.278,0.693,0.006,0.002,0.01,10.1,0.764,0.891,0.577,0.949,0.85,0.15,0,0.96,0,0.04
,,,09X328,New Millennium Bronx Academy of the Arts,Middle,147,0.45,0.35,Fair,Good,Excellent,0.77,0.87,0.66,0.81,0.71,0.76,0.95,0.99,0.99,2.48,2.33,0.524,0.476,0,0.163,0.327,0.02,0.156,0.122,> 95%,0.34,0.918,0,0.361,0.626,0.007,0,0.007,0,0.25,0.3,0,0,0.4,0.6,0.009,0.35,0.614,0.009,0.002,0.011,0.007,0.278,0.693,0.006,0.002,0.01,18.2,0.65,0.899,0.655,0.963,0.87,0.13,0,0.85,0,0.15
,,,09X339,I.S. 339,Middle,177,0.55,0.37,Good,Excellent,Good,0.81,0.93,0.63,0.88,0.74,0.93,0.92,0.89,0.89,2.34,2.31,0.469,0.531,0,0.345,0.249,0.034,0.096,0.085,> 95%,0.328,0.898,0,0.26,0.734,0,0,0.006,N<5,0.5,0.357,N<5,N<5,N<5,0.5,0.002,0.331,0.648,0.006,0.001,0.008,0.007,0.278,0.693,0.006,0.002,0.01,13.1,1,0.937,0.778,0.965,0.95,N/A,N/A,0.78,0,0.22
,,,09X361,The Highbridge Green School,Middle,392,0.42,0.34,Fair,Excellent,Good,0.81,0.91,0.67,0.83,0.77,0.88,0.97,0.9,0.94,2.46,2.36,0.477,0.523,0,0.245,0.265,0,0.181,0.069,> 95%,0.237,0.916,0.003,0.209,0.776,0,0,0.013,0,0.342,0.395,0,0,0.237,0.3,0.003,0.275,0.7,0.005,0.003,0.01,0.007,0.278,0.693,0.006,0.002,0.01,11.2,0.553,0.919,0.68,0.962,0.97,N/A,N/A,0.98,N/A,N/A
,,,09X413,Bronx High School for Medical Science,Middle,143,0.39,0.38,Fair,Good,Fair,0.75,0.8,0.62,0.84,0.66,0.83,0.87,0.81,0.83,2.54,2.49,0.545,0.455,0,0.224,0.252,0.098,0.049,0.091,0.926,0.184,0.878,0.021,0.168,0.79,0,0,0.007,N<5,0.195,0.415,N<5,N<5,0.366,0.3,0.004,0.242,0.737,0.004,0.001,0.009,0.007,0.278,0.693,0.006,0.002,0.01,2.8,0.781,0.91,0.752,0.961,0.97,N/A,N/A,1,0,0
,,,09X443,The Family School,Elementary,361,0.66,0.56,Excellent,Good,Excellent,0.89,1,0.75,0.94,0.91,0.97,0.98,0.89,1,,,0.493,0.507,0,0.296,0.352,0.014,0.169,0.122,> 95%,0.227,0.909,0.017,0.266,0.668,0.008,0.017,0.019,N<5,0.239,0.37,0,0,0.261,0.2,0.024,0.296,0.647,0.005,0.001,0.018,0.008,0.243,0.717,0.008,0.002,0.015,9.1,0.87,0.894,0.577,0.955,0.76,N/A,N/A,0.95,0,0.05
,,,09X449,Grant Avenue Elementary School,Elementary,333,0.45,0.29,Fair,Good,Excellent,0.84,0.84,0.73,0.91,0.9,0.89,0.97,0.93,0.96,,,0.483,0.517,0,0.333,0.396,0,0.162,0.219,0.95,0.186,0.922,0.021,0.24,0.664,0.021,0,0.045,N<5,0.167,0.262,N<5,N<5,0.524,0.2,0.008,0.29,0.661,0.011,0,0.019,0.008,0.243,0.717,0.008,0.002,0.015,0.2,0.738,0.896,0.617,0.953,0.94,0.06,0,0.99,N/A,N/A
,,,09X454,Science and Technology Academy: A Mott Hall School,Middle,377,0.68,0.57,Excellent,Good,Good,0.85,0.96,0.69,0.89,0.75,0.91,0.92,0.85,0.93,2.57,2.39,0.477,0.523,0,0.175,0.279,0.05,0.13,0.09,0.936,0.268,0.881,0.027,0.231,0.706,0.008,0.005,0.016,N<5,0.143,0.429,N<5,N<5,0.4,0.4,0.007,0.325,0.638,0.011,0.003,0.013,0.007,0.278,0.693,0.006,0.002,0.01,1,0.514,0.9,0.613,0.965,0.95,N/A,N/A,0.77,N/A,N/A
,,,09X457,Sheridan Academy for Young Leaders,Elementary,374,0.39,0.31,Fair,Needs Improvement,Good,0.74,0.6,0.46,0.53,0.77,0.61,0.95,0.95,0.9,,,0.532,0.468,0,0.281,0.262,0.005,0.096,0.128,> 95%,0.227,0.914,0.032,0.222,0.725,0.003,0.005,0,N<5,N<5,0.412,0,0,0.412,0.2,0.026,0.301,0.636,0.005,0.001,0.02,0.008,0.243,0.717,0.008,0.002,0.015,15.2,0.765,0.892,0.568,0.959,0.95,N/A,N/A,0.91,0,0.09
,,,09X505,"Bronx School for Law, Government and Justice",Middle,253,0.43,0.38,Fair,Good,Fair,0.72,0.85,0.6,0.77,0.67,0.71,0.85,0.84,0.89,2.54,2.31,0.53,0.47,0,0.115,0.241,0,0.103,0.123,0.937,0.151,0.872,0.008,0.198,0.763,0.016,0,0.016,N<5,0.22,0.271,0,0,0.441,0.4,0.009,0.327,0.632,0.012,0.002,0.013,0.007,0.278,0.693,0.006,0.002,0.01,,0.695,0.913,0.675,0.963,0.98,N/A,N/A,0.93,0,0.07
,,,09X555,Mount Eden Children's Academy,Elementary,369,0.52,0.46,Good,Good,Excellent,0.85,0.69,0.68,0.91,0.89,0.91,0.99,0.94,0.99,,,0.493,0.507,0,0.238,0.201,0.057,0,0.095,0.927,0.217,0.864,0,0.182,0.805,0.003,0.003,0.003,N<5,0.194,0.484,N<5,N<5,0.29,0.3,0.006,0.248,0.704,0.023,0.003,0.008,0.008,0.243,0.717,0.008,0.002,0.015,7.7,0.807,0.924,0.723,0.963,0.94,N/A,N/A,0.99,N/A,N/A
,,,09X568,Young Women's Leadership School of the Bronx,Middle,209,0.46,0.46,Good,Excellent,Good,0.74,0.89,0.7,0.91,0.71,0.79,0.94,0.89,0.96,2.65,2.46,1,0,0,0.148,0.172,0.005,0.153,0.005,0.928,0.175,0.843,0.033,0.23,0.689,0.01,0.005,0.029,N<5,N<5,0.25,0,0,0.475,0.4,0.005,0.252,0.725,0.006,0.003,0.008,0.007,0.278,0.693,0.006,0.002,0.01,5.2,0.825,0.916,0.7,0.952,0.7,N/A,N/A,0.89,0,0.11
,,,09X593,South Bronx International Middle School,Middle,158,0.55,0.28,Good,Good,Excellent,0.77,0.92,0.68,0.85,0.72,0.83,0.98,0.95,0.98,2.18,2.03,0.424,0.576,0,0.709,0.177,0,0.108,0.057,> 95%,0.532,0.829,0.006,0.089,0.905,0,0,0,N<5,0.278,0.278,0,0,0.278,0.6,0.009,0.349,0.615,0.009,0.002,0.011,0.007,0.278,0.693,0.006,0.002,0.01,6.2,0.278,0.946,0.812,0.96,1,0,0,1,0,0
,,,09X594,New Pathways Academy,Middle,170,0.53,0.43,Good,Good,Good,0.82,0.89,0.64,0.92,0.76,0.88,0.94,0.84,0.95,2.41,2.4,0.535,0.465,0,0.324,0.306,0,0.135,0.147,> 95%,0.582,0.859,0.006,0.324,0.635,0.018,0,0,N<5,0.286,0.286,0,0,N<5,0.4,0.005,0.377,0.589,0.011,0.001,0.011,0.007,0.278,0.693,0.006,0.002,0.01,6.2,0.524,0.899,0.655,0.948,0.84,0.16,0,0.9,0,0.1
,,,10X003,P.S. 3 Raul Julia Micro Society,K-8,265,0.59,0.32,Good,Excellent,Good,0.78,0.95,0.68,0.84,0.72,0.82,0.93,0.92,0.97,,,0.521,0.479,0,0.147,0.332,0.038,0.087,0.143,0.912,0.109,0.853,0.004,0.257,0.728,0,0,0.004,N<5,0.286,0.25,N<5,N<5,0.357,0.4,0.007,0.261,0.698,0.008,0.003,0.016,0.035,0.138,0.763,0.007,0.003,0.044,21.2,0.821,0.918,0.694,0.957,0.97,N/A,N/A,1,0,0
,,,10X007,Milton Fein School,Elementary,377,0.64,0.65,Good,Excellent,Excellent,0.88,0.86,0.94,0.82,0.92,0.9,0.96,0.96,0.95,,,0.552,0.448,0,0.162,0.138,0.037,0.016,0.058,0.822,0.183,0.753,0.053,0.095,0.714,0.005,0.008,0.09,N<5,N<5,0.313,0,0,0.625,0.3,0.039,0.079,0.759,0,0.002,0.106,0.038,0.129,0.753,0.008,0.003,0.057,7.6,0.938,0.933,0.767,0.982,1,0,0,1,0,0
,,,10X008,P.S. 008 Isaac Varian,Elementary,622,0.38,0.35,Fair,Good,Excellent,0.89,0.9,0.71,0.88,0.89,0.92,0.97,0.94,0.96,,,0.484,0.516,0,0.238,0.223,0.021,0.074,0.105,0.927,0.201,0.879,0.084,0.08,0.77,0.006,0.002,0.053,N<5,N<5,0.262,N<5,0,0.623,0.2,0.08,0.12,0.718,0.007,0.007,0.063,0.038,0.129,0.753,0.008,0.003,0.057,8.9,0.902,0.902,0.625,0.952,0.99,N/A,N/A,1,0,0
,,,10X009,P.S. 9 Ryer Avenue Elementary School,Elementary,472,0.39,0.3,Fair,Fair,Good,0.8,0.81,0.61,0.81,0.72,0.75,0.94,0.81,0.95,,,0.513,0.487,0,0.341,0.271,0.011,0.123,0.108,> 95%,0.292,0.915,0.008,0.155,0.814,0.004,0.004,0.013,N<5,0.182,0.436,0,0,0.309,0.2,0.009,0.217,0.743,0.006,0.003,0.016,0.038,0.129,0.753,0.008,0.003,0.057,1,0.782,0.906,0.633,0.958,0.95,N/A,N/A,0.94,0,0.06
,,,10X015,P.S. X015 Institute for Environmental Learning,K-8,391,0.6,0.44,Good,Fair,Fair,0.73,0.81,0.59,0.53,0.63,0.5,0.9,0.89,0.78,,,0.496,0.504,0,0.171,0.286,0.005,0.199,0.046,0.889,0.151,0.839,0.008,0.09,0.893,0.005,0,0,N<5,0.375,0.25,N<5,N<5,0.35,0.3,0.019,0.137,0.819,0.007,0.001,0.011,0.035,0.138,0.763,0.007,0.003,0.044,5,0.7,0.919,0.71,0.96,0.96,N/A,N/A,0.97,N/A,N/A
,,,10X020,"PS/MS 20 P.O.George J. Werdann, III",K-8,750,0.47,0.25,Fair,Fair,,0.78,0.79,0.61,0.65,0.74,0.81,,,,,,0.453,0.547,0,0.289,0.273,0.009,0.151,0.101,0.934,0.272,0.872,0.06,0.116,0.759,0.017,0.004,0.039,0.121,0.106,0.303,0,0,0.424,0.4,0.127,0.102,0.699,0.012,0.004,0.05,0.035,0.138,0.763,0.007,0.003,0.044,1.1,0.788,0.889,0.558,0.966,0.92,N/A,N/A,0.97,0,0.03
,,,10X023,P.S. 023 The New Children's School,Elementary,335,0.34,0.25,Fair,Good,Excellent,0.73,0.87,0.7,0.84,0.79,0.84,0.94,0.96,0.98,,,0.457,0.543,0,0.26,0.307,0.006,0.101,0.17,> 95%,0.301,0.884,0.009,0.254,0.707,0.012,0,0.012,0,0.146,0.439,0,0,0.415,0.3,0.008,0.303,0.653,0.012,0.004,0.014,0.038,0.129,0.753,0.008,0.003,0.057,15,0.756,0.902,0.611,0.962,0.93,0.07,0,0.98,N/A,N/A
,,,10X024,P.S. 024 Spuyten Duyvil,Elementary,752,0.7,0.8,Excellent,Excellent,Good,0.88,0.79,0.87,0.94,0.93,0.94,0.95,0.94,0.94,,,0.483,0.517,0,0.055,0.198,0.005,0.105,0.059,0.372,0.037,0.294,0.066,0.072,0.461,0.005,0.007,0.339,N<5,0.093,N<5,0,0,0.833,0.4,0.065,0.054,0.464,0.007,0.004,0.35,0.038,0.129,0.753,0.008,0.003,0.057,8,0.963,0.939,0.826,0.955,0.92,N/A,N/A,1,N/A,N/A
,,,10X032,P.S. 032 Belmont,Elementary,501,0.33,0.28,Fair,Good,Excellent,0.86,0.94,0.81,0.91,0.89,0.92,0.96,0.96,0.99,,,0.495,0.505,0,0.21,0.307,0.012,0.192,0.084,> 95%,0.232,0.92,0.002,0.186,0.766,0.018,0.004,0.022,N<5,N<5,0.306,0,0,0.597,0.2,0.003,0.22,0.741,0.006,0.002,0.019,0.038,0.129,0.753,0.008,0.003,0.057,9.5,0.839,0.885,0.542,0.959,0.86,0.14,0,0.99,N/A,N/A
,,,10X033,P.S. 033 Timothy Dwight,Elementary,738,0.35,0.29,Fair,Fair,Good,0.85,0.91,0.52,0.83,0.77,0.82,0.96,0.9,0.94,,,0.527,0.473,0,0.317,0.262,0.022,0.1,0.106,0.95,0.203,0.886,0.012,0.103,0.859,0.012,0.003,0.009,N<5,0.19,0.448,0,0,0.31,0.2,0.009,0.101,0.866,0.014,0,0.006,0.038,0.129,0.753,0.008,0.003,0.057,19.2,0.862,0.887,0.551,0.947,0.93,N/A,N/A,0.92,0,0.08
,,,10X037,P.S. X037 - Multiple Intelligence School,K-8,434,0.51,0.3,Fair,,Good,,,,,,,0.93,0.9,0.9,,,0.449,0.551,0,0.136,0.323,0.009,0.154,0.118,0.911,0.224,0.866,0.012,0.157,0.818,0.005,0,0.007,0,N<5,0.289,0,0,0.579,0.3,0.023,0.118,0.736,0,0.003,0.095,0.035,0.138,0.763,0.007,0.003,0.044,1.1,0.79,0.871,0.48,0.975,0.97,N/A,N/A,0.96,0,0.04
,,,10X045,Thomas C. Giordano Middle School 45,Middle,415,0.42,0.34,Fair,Fair,Excellent,0.72,0.78,0.54,0.59,0.69,0.67,0.98,0.98,0.99,2.34,2.16,0.518,0.482,0,0.219,0.243,0,0.123,0.104,0.947,0.217,0.901,0.014,0.14,0.814,0.01,0.005,0.012,N<5,0.132,0.211,0,0,0.605,0.4,0.004,0.162,0.807,0.004,0,0.017,0.033,0.139,0.777,0.007,0.002,0.037,2,0.868,0.884,0.547,0.963,0.93,N/A,N/A,0.99,N/A,N/A
,,,10X046,P.S. 046 Edgar Allan Poe,Elementary,610,0.4,0.3,Fair,Fair,Good,0.78,0.64,0.5,0.71,0.72,0.77,0.93,0.87,0.94,,,0.492,0.508,0,0.403,0.277,0.02,0.107,0.102,> 95%,0.262,0.902,0.011,0.121,0.833,0.007,0.002,0.02,0,0.164,0.492,0,0,0.295,0.1,0.003,0.173,0.787,0.002,0.002,0.02,0.038,0.129,0.753,0.008,0.003,0.057,15.8,0.82,0.917,0.687,0.952,0.9,N/A,N/A,0.97,0,0.03
,,,10X051,The Bronx STEM and Arts Academy,Elementary,110,0.31,0.3,Fair,Good,Excellent,0.88,1,0.91,0.88,0.86,0.87,0.99,0.96,0.99,,,0.555,0.445,0,0.164,0.282,0,0.173,0.027,> 95%,0.173,0.918,0.009,0.236,0.718,0.018,0,0.018,N<5,N<5,N<5,0,0,0.385,0.2,0.004,0.239,0.716,0.008,0.002,0.019,0.038,0.129,0.753,0.008,0.003,0.057,9.2,0.692,0.916,0.678,0.933,1,0,0,0.97,N/A,N/A
,,,10X054,P.S./I.S. 54,Elementary,310,0.28,0.25,Fair,Good,Good,0.88,0.67,0.71,0.78,0.95,0.84,0.97,0.93,0.94,,,0.506,0.494,0,0.19,0.248,0.026,0.071,0.097,0.948,0.265,0.916,0.013,0.171,0.784,0.006,0.013,0.013,N<5,N<5,0.586,0,0,0.31,0.2,0.014,0.258,0.691,0.007,0.007,0.021,0.038,0.129,0.753,0.008,0.003,0.057,2,0.759,0.905,0.67,0.93,0.95,N/A,N/A,1,0,0
,,,10X056,P.S. 056 Norwood Heights,Elementary,626,0.4,0.4,Fair,Excellent,Excellent,0.94,1,0.92,0.97,0.98,0.98,0.98,0.9,0.99,,,0.482,0.518,0,0.222,0.264,0.019,0.112,0.086,0.907,0.227,0.84,0.182,0.072,0.644,0.008,0.006,0.07,N<5,N<5,0.143,0,0,0.714,0.1,0.09,0.074,0.733,0.009,0.004,0.072,0.038,0.129,0.753,0.008,0.003,0.057,9.2,0.878,0.896,0.593,0.951,0.94,0.06,0,0.99,N/A,N/A
,,,10X059,P.S. 059 The Community School of Technology,Elementary,345,0.35,0.24,Fair,Good,Excellent,0.9,0.82,0.75,0.89,0.88,0.9,0.96,0.99,0.97,,,0.467,0.533,0,0.229,0.342,0.003,0.133,0.177,> 95%,0.278,0.928,0.003,0.345,0.629,0.006,0,0.014,0,N<5,0.351,0,0,0.486,0.2,0.004,0.304,0.658,0.009,0.004,0.016,0.038,0.129,0.753,0.008,0.003,0.057,13,0.892,0.888,0.537,0.961,0.99,N/A,N/A,0.98,N/A,N/A
,,,10X077,Bedford Park Elementary School,Elementary,431,0.29,0.29,Fair,Good,Excellent,0.81,1,0.77,0.85,0.81,0.84,0.96,0.96,0.97,,,0.513,0.487,0,0.36,0.211,0.007,0.093,0.077,0.89,0.165,0.812,0.162,0.063,0.671,0.012,0.005,0.084,N<5,N<5,0.682,0,0,0.182,0.2,0.179,0.093,0.611,0.008,0.006,0.091,0.038,0.129,0.753,0.008,0.003,0.057,10.2,0.841,0.89,0.571,0.973,0.9,N/A,N/A,0.97,N/A,N/A
,,,10X080,J.H.S. 080 The Mosholu Parkway,Middle,609,0.48,0.33,Good,Good,Good,0.84,0.92,0.68,0.91,0.77,0.88,0.95,0.87,0.95,2.33,2.16,0.455,0.545,0,0.342,0.22,0.057,0.048,0.097,0.933,0.3,0.854,0.059,0.107,0.793,0.015,0.002,0.025,N<5,0.114,0.682,N<5,0,0.136,0.4,0.073,0.12,0.746,0.012,0.007,0.038,0.033,0.139,0.777,0.007,0.002,0.037,1.9,0.5,0.889,0.578,0.958,0.99,N/A,N/A,0.96,N/A,N/A
,,,10X081,P.S. 081 Robert J. Christen,Elementary,700,0.58,0.67,Excellent,Excellent,Excellent,0.89,0.96,0.9,0.88,0.94,0.93,0.98,0.96,0.97,,,0.483,0.517,0,0.073,0.203,0.02,0.101,0.066,0.436,0.041,0.409,0.053,0.079,0.48,0.006,0.003,0.321,N<5,N<5,0.16,0,0,0.78,0.5,0.044,0.085,0.439,0.012,0.002,0.363,0.038,0.129,0.753,0.008,0.003,0.057,12,0.84,0.929,0.754,0.965,0.98,N/A,N/A,0.98,N/A,N/A
,,,10X085,P.S. 085 Great Expectations,Elementary,605,0.36,0.3,Fair,Fair,Good,0.78,0.85,0.51,0.68,0.76,0.76,0.94,0.9,0.93,,,0.466,0.534,0,0.278,0.226,0.008,0.104,0.088,> 95%,0.225,0.914,0.005,0.284,0.686,0.01,0.002,0.005,N<5,0.141,0.328,0,0,0.484,0.1,0,0.361,0.615,0.012,0,0.007,0.038,0.129,0.753,0.008,0.003,0.057,5.5,0.703,0.906,0.641,0.959,0.99,N/A,N/A,1,N/A,N/A
,,,10X086,P.S. 086 Kingsbridge Heights,Elementary,1137,0.56,0.46,Good,Excellent,Excellent,0.91,1,0.83,0.91,0.95,0.95,0.98,0.94,0.98,,,0.482,0.518,0,0.335,0.269,0.033,0.097,0.104,0.94,0.254,0.871,0.031,0.06,0.874,0.006,0.002,0.019,0.043,N<5,0.44,0,0,0.491,0.3,0.027,0.086,0.85,0.003,0.003,0.026,0.038,0.129,0.753,0.008,0.003,0.057,12.7,0.845,0.904,0.638,0.949,0.97,N/A,N/A,0.96,0,0.04
,,,10X091,P.S. 091 Bronx,Elementary,358,0.48,0.35,Fair,Fair,Excellent,0.74,1,0.7,0.73,0.86,0.76,0.97,0.95,0.99,,,0.503,0.497,0,0.441,0.313,0.006,0.159,0.128,> 95%,0.372,0.908,0.034,0.115,0.813,0.02,0,0.017,N<5,0.122,0.488,N<5,N<5,0.366,0.1,0.025,0.143,0.795,0.009,0,0.014,0.038,0.129,0.753,0.008,0.003,0.057,14.2,0.781,0.901,0.576,0.967,0.93,N/A,N/A,0.89,N/A,N/A
,,,10X094,P.S. 094 Kings College School,Elementary,815,0.24,0.2,Fair,Fair,Good,0.76,1,0.61,0.71,0.77,0.71,0.95,0.9,0.93,,,0.503,0.497,0,0.297,0.249,0.007,0.137,0.076,0.94,0.227,0.872,0.099,0.109,0.744,0.017,0.001,0.023,N<5,0.16,0.494,N<5,N<5,0.333,0.2,0.079,0.116,0.753,0.008,0.003,0.029,0.038,0.129,0.753,0.008,0.003,0.057,3,0.864,0.905,0.613,0.966,0.96,0.04,0,0.98,0,0.02
,,,10X095,P.S. 095 Sheila Mencher,K-8,862,0.46,0.34,Fair,,Excellent,,,,,,,0.97,0.94,0.97,,,0.486,0.514,0,0.208,0.222,0.009,0.106,0.079,0.913,0.249,0.864,0.05,0.142,0.753,0.006,0.003,0.035,0.061,0.122,0.268,0,0,0.537,0.4,0.024,0.195,0.698,0.005,0.004,0.057,0.035,0.138,0.763,0.007,0.003,0.044,17.2,0.842,0.899,0.606,0.961,0.94,N/A,N/A,0.96,0,0.04
,,,10X118,J.H.S. 118 William W. Niles,Middle,504,0.43,0.45,Fair,Fair,Good,0.74,0.92,0.58,0.67,0.67,0.73,0.92,0.89,0.92,2.86,2.71,0.486,0.514,0,0.179,0.206,0.004,0.093,0.099,0.936,0.256,0.877,0.179,0.179,0.565,0.034,0.004,0.032,N<5,0.203,0.237,0,0,0.475,0.8,0.004,0.26,0.713,0.007,0.002,0.01,0.033,0.139,0.777,0.007,0.002,0.037,2.2,0.797,0.896,0.613,0.957,0.96,N/A,N/A,1,0,0
,,,10X141,Riverdale / Kingsbridge Academy (Middle School / High School 141),Middle,690,0.43,0.59,Good,Good,Good,0.76,0.82,0.62,0.78,0.65,0.82,0.9,0.86,0.91,3.33,3.23,0.448,0.552,0,0.087,0.196,0.004,0.12,0.054,0.536,0.089,0.483,0.075,0.093,0.561,0.001,0.003,0.235,N<5,0.13,0.21,0,0,0.58,0.7,0.071,0.06,0.626,0,0.002,0.204,0.033,0.139,0.777,0.007,0.002,0.037,17.2,0.87,0.942,0.838,0.976,0.81,N/A,N/A,0.98,0,0.02
,,,10X159,P.S. 159 Luis Munoz Marin Biling,Elementary,139,0.36,0.3,Fair,Excellent,Excellent,0.92,1,0.93,0.9,0.96,0.95,0.97,0.95,0.96,,,0.59,0.41,0,0.252,0.259,0.094,0.115,0,> 95%,0.201,0.942,0,0.115,0.878,0.007,0,0,N<5,N<5,0.769,N<5,N<5,N<5,0.2,0.003,0.366,0.601,0.011,0.005,0.008,0.038,0.129,0.753,0.008,0.003,0.057,3,0.923,0.929,0.753,0.958,1,0,0,1,0,0
,,,10X205,P.S. 205 Fiorello LaGuardia,Elementary,537,0.45,0.36,Fair,Good,Good,0.84,0.9,0.69,0.81,0.88,0.86,0.95,0.87,0.93,,,0.492,0.508,0,0.281,0.285,0.004,0.136,0.114,> 95%,0.21,0.922,0.006,0.13,0.803,0.007,0.004,0.047,N<5,N<5,0.311,0,0,0.59,0.2,0.007,0.178,0.771,0.005,0.002,0.026,0.038,0.129,0.753,0.008,0.003,0.057,8,0.869,0.901,0.617,0.953,0.88,0.05,0.07,0.98,0,0.02
,,,10X206,I.S. 206 Ann Mersereau,Middle,225,0.52,0.35,Good,Good,Excellent,0.82,0.88,0.7,0.81,0.78,0.91,0.98,0.98,0.98,2.26,2.14,0.484,0.516,0,0.373,0.302,0,0.098,0.204,> 95%,0.409,0.893,0.004,0.116,0.858,0.004,0,0.018,N<5,N<5,0.429,0,0,0.333,0.2,0.012,0.146,0.821,0.002,0.002,0.016,0.033,0.139,0.777,0.007,0.002,0.037,8,0.905,0.911,0.665,0.941,0.97,N/A,N/A,0.85,0,0.15
,,,10X207,P.S. 207,Elementary,315,0.41,0.39,Fair,Excellent,Good,0.95,1,0.97,0.96,0.96,0.98,0.95,0.93,0.95,,,0.479,0.521,0,0.254,0.219,0,0.165,0.022,0.906,0.289,0.825,0.038,0.089,0.806,0.003,0,0.06,N<5,N<5,0.455,0,0,0.424,0.2,0.025,0.106,0.827,0.003,0,0.036,0.038,0.129,0.753,0.008,0.003,0.057,8,0.788,0.905,0.574,0.953,0.93,N/A,N/A,1,0,0
,,,10X225,Theatre Arts Production Company School,Middle,95,0.45,0.45,Good,Fair,Good,0.74,0.81,0.64,0.81,0.68,0.77,0.9,0.89,0.95,2.79,2.39,0.611,0.389,0,0.084,0.263,0.011,0.179,0.053,0.932,0.145,0.9,0,0.211,0.768,0.011,0,0.011,0.089,0.179,0.179,0,0,0.482,0.6,0.008,0.222,0.748,0.006,0.002,0.011,0.033,0.139,0.777,0.007,0.002,0.037,12.5,0.875,0.882,0.604,0.946,0.94,N/A,N/A,0.97,N/A,N/A
,,,10X226,P.S. 226,Elementary,272,0.53,0.45,Good,Excellent,Excellent,0.9,1,0.83,0.89,0.86,0.93,0.97,0.95,0.96,,,0.467,0.533,0,0.353,0.206,0.074,0,0.11,> 95%,0.158,0.912,0.004,0.158,0.816,0.004,0,0.015,N<5,N<5,0.5,0,0,0.433,0.2,0.012,0.232,0.737,0.008,0,0.012,0.038,0.129,0.753,0.008,0.003,0.057,22.1,0.433,0.928,0.734,0.963,0.94,N/A,N/A,1,0,0
,,,10X228,Jonas Bronck Academy,Middle,266,0.38,0.49,Fair,Excellent,Good,0.8,0.83,0.63,0.89,0.7,0.94,0.94,0.9,0.96,2.91,2.75,0.534,0.466,0,0.075,0.188,0,0.147,0.026,0.903,0.156,0.859,0.056,0.158,0.741,0.008,0.008,0.026,0.172,0.172,0.31,0,0,0.345,0.5,0.011,0.175,0.784,0.007,0.002,0.014,0.033,0.139,0.777,0.007,0.002,0.037,12,0.586,0.934,0.806,0.993,0.98,N/A,N/A,1,0,0
,,,10X243,West Bronx Academy for the Future,Middle,253,0.25,0.24,Needs Improvement,Fair,Good,0.62,0.8,0.5,0.73,0.59,0.61,0.87,0.84,0.93,2.48,2.26,0.542,0.458,0,0.182,0.261,0.004,0.166,0.071,> 95%,0.166,0.906,0.012,0.146,0.822,0,0.004,0.016,N<5,0.245,0.377,0,0,0.321,0.5,0.005,0.215,0.751,0.005,0.003,0.015,0.033,0.139,0.777,0.007,0.002,0.037,20.2,0.849,0.927,0.766,0.949,0.9,N/A,N/A,0.96,0,0.04
,,,10X244,The New School for Leadership and Journalism,Middle,585,0.59,0.47,Excellent,Excellent,Excellent,0.86,0.96,0.68,0.92,0.76,0.92,0.98,0.94,0.99,2.45,2.22,0.497,0.503,0,0.217,0.217,0.007,0.109,0.075,0.921,0.27,0.86,0.01,0.082,0.88,0.002,0,0.024,0,0.176,0.353,0,0,0.451,0.4,0.013,0.102,0.858,0.003,0,0.024,0.033,0.139,0.777,0.007,0.002,0.037,10.4,0.843,0.915,0.707,0.955,0.98,N/A,N/A,0.99,N/A,N/A
,,,10X246,P.S. 246 Poe Center,Elementary,483,0.4,0.34,Fair,Fair,Excellent,0.85,0.6,0.59,0.85,0.8,0.87,0.99,0.95,0.99,,,0.441,0.559,0,0.371,0.217,0.023,0.099,0.058,> 95%,0.17,0.913,0.01,0.089,0.857,0,0,0.041,N<5,N<5,0.453,0,0,0.396,0.2,0.019,0.138,0.795,0.005,0.005,0.031,0.038,0.129,0.753,0.008,0.003,0.057,7.1,0.83,0.903,0.579,0.953,0.95,N/A,N/A,0.96,0,0.04
,,,10X254,I.S. 254,Middle,473,0.48,0.34,Good,Good,Good,0.78,0.94,0.5,0.83,0.67,0.79,0.91,0.89,0.93,2.37,2.09,0.482,0.518,0,0.247,0.285,0.011,0.156,0.106,> 95%,0.273,0.901,0.008,0.131,0.818,0.011,0.002,0.021,N<5,0.167,0.429,0,0,0.262,0.4,0.006,0.211,0.758,0.006,0.002,0.012,0.033,0.139,0.777,0.007,0.002,0.037,6.1,0.762,0.908,0.686,0.964,0.96,N/A,N/A,0.92,0,0.08
,,,10X279,"P.S. 279 Captain Manuel Rivera, Jr.",K-8,695,0.57,0.41,Good,Excellent,Excellent,0.9,0.95,0.73,0.96,0.81,0.98,0.98,0.92,0.96,,,0.506,0.494,0,0.227,0.245,0.017,0.109,0.096,> 95%,0.308,0.917,0.022,0.154,0.807,0.004,0.001,0.009,N<5,0.136,0.333,0,0,0.424,0.2,0.02,0.165,0.796,0.005,0.005,0.006,0.035,0.138,0.763,0.007,0.003,0.044,12,0.924,0.927,0.71,0.964,0.99,N/A,N/A,1,0,0
,,,10X280,P.S./M.S. 280 Mosholu Parkway,K-8,701,0.51,0.36,Fair,Good,Good,0.79,0.92,0.65,0.83,0.74,0.88,0.94,0.89,0.89,,,0.478,0.522,0,0.204,0.277,0,0.165,0.084,0.94,0.262,0.862,0.061,0.088,0.783,0.006,0.023,0.031,0,N<5,0.318,0,0,0.606,0.2,0.084,0.092,0.753,0.007,0.019,0.038,0.035,0.138,0.763,0.007,0.003,0.044,17.5,0.818,0.888,0.549,0.948,0.97,N/A,N/A,0.98,N/A,N/A
,,,10X291,P.S. 291,Elementary,361,0.57,0.48,Good,Excellent,Excellent,0.92,0.95,0.86,0.94,0.94,0.96,0.98,0.99,0.99,,,0.479,0.521,0,0.277,0.269,0.022,0.075,0.139,0.933,0.235,0.886,0.006,0.075,0.895,0.003,0,0.011,N<5,N<5,0.294,N<5,N<5,0.618,0.2,0.012,0.107,0.855,0.002,0,0.014,0.038,0.129,0.753,0.008,0.003,0.057,,0.941,0.902,0.622,0.935,0.98,N/A,N/A,0.99,N/A,N/A
,,,10X306,P.S. 306,Elementary,435,0.38,0.34,Fair,Fair,Good,0.81,,0.64,0.83,0.71,0.82,0.95,0.87,0.96,,,0.497,0.503,0,0.189,0.193,0.002,0.099,0.064,> 95%,0.278,0.917,0.002,0.276,0.708,0.007,0,0.002,0,0.256,0.436,0,0,0.282,0.2,0.011,0.332,0.625,0.014,0.008,0.002,0.038,0.129,0.753,0.008,0.003,0.057,14.9,0.897,0.909,0.641,0.952,0.76,N/A,N/A,0.96,N/A,N/A
,,,10X308,Bronx Dance Academy School,Middle,274,0.64,0.51,Excellent,Fair,Good,0.81,0.95,0.61,0.74,0.69,0.88,0.94,0.88,0.92,2.44,2.25,0.701,0.299,0,0.128,0.186,0.007,0.099,0.066,0.909,0.201,0.85,0.015,0.153,0.796,0.007,0.004,0.011,N<5,N<5,N<5,0,0,0.579,0.7,0.053,0.204,0.69,0.013,0.007,0.025,0.033,0.139,0.777,0.007,0.002,0.037,16.9,0.842,0.902,0.62,0.966,0.96,N/A,N/A,0.95,N/A,N/A
,,,10X310,P.S. 310 Marble Hill,Elementary,386,0.45,0.37,Fair,Fair,Good,0.83,0.92,0.64,0.71,0.83,0.84,0.96,0.95,0.91,,,0.513,0.487,0,0.231,0.262,0.023,0.158,0.065,> 95%,0.251,0.909,0.005,0.106,0.868,0.005,0.003,0.003,N<5,N<5,0.395,N<5,N<5,0.512,0.2,0.003,0.146,0.822,0.006,0.002,0.012,0.038,0.129,0.753,0.008,0.003,0.057,3,0.791,0.893,0.585,0.942,0.93,N/A,N/A,0.99,N/A,N/A
,,,10X315,P.S. 315 Lab School,K-8,190,0.54,0.41,Good,Good,Excellent,0.86,0.92,0.67,0.89,0.78,0.92,0.97,0.97,0.98,,,0.563,0.437,0,0.263,0.2,0.037,0.111,0.021,0.917,0.132,0.889,0.011,0.084,0.884,0,0,0.016,N<5,N<5,0.412,0,0,0.471,0.7,0.022,0.111,0.828,0.004,0.002,0.026,0.035,0.138,0.763,0.007,0.003,0.044,13,0.882,0.907,0.613,0.957,0.97,N/A,N/A,1,0,0
,,,10X331,The Bronx School of Young Leaders,Middle,353,0.51,0.41,Good,Good,Good,0.81,0.93,0.55,0.94,0.72,0.96,0.96,0.84,0.96,2.46,2.29,0.507,0.493,0,0.164,0.241,0,0.076,0.133,0.95,0.249,0.904,0.008,0.241,0.739,0.008,0,0.003,N<5,0.194,0.333,0,0,0.278,0.2,0.006,0.318,0.655,0.008,0.004,0.008,0.033,0.139,0.777,0.007,0.002,0.037,16.1,0.75,0.908,0.638,0.968,0.97,N/A,N/A,0.94,0,0.06
,,,10X340,P.S. 340,Elementary,570,0.45,0.36,Fair,Good,Excellent,0.86,0.91,0.73,0.91,0.92,0.93,0.98,0.93,0.98,,,0.481,0.519,0,0.33,0.319,0,0.151,0.133,0.933,0.218,0.868,0.025,0.082,0.853,0.002,0.004,0.025,N<5,N<5,0.328,0,0,0.531,0.3,0.025,0.089,0.851,0.003,0.003,0.024,0.038,0.129,0.753,0.008,0.003,0.057,10,0.953,0.904,0.635,0.949,0.96,N/A,N/A,0.98,N/A,N/A
,,,10X342,International School for Liberal Arts,Middle,135,0.61,0.37,Excellent,Excellent,Good,0.8,0.9,0.71,0.91,0.74,0.86,0.96,0.88,0.95,2.11,2.09,0.393,0.607,0,0.615,0.126,0,0.104,0.022,> 95%,0.407,0.87,0,0,1,0,0,0,N<5,N<5,0.652,0,0,0.174,0.4,0.027,0.102,0.843,0.004,0.001,0.02,0.033,0.139,0.777,0.007,0.002,0.037,4.6,0.717,0.927,0.789,0.941,0.81,N/A,N/A,0.92,N/A,N/A
,,,10X344,Ampark Neighborhood,Elementary,279,0.57,0.61,Good,Good,Excellent,0.87,,0.83,0.78,0.92,0.87,0.98,0.95,0.98,,,0.48,0.52,0,0.047,0.312,0.004,0.179,0.093,0.577,0.05,0.502,0.05,0.1,0.616,0.011,0.007,0.125,N<5,0.192,0.192,N<5,N<5,0.5,0.3,0.021,0.096,0.796,0.009,0,0.057,0.038,0.129,0.753,0.008,0.003,0.057,2.7,0.962,0.928,0.733,0.963,1,0,0,0.97,N/A,N/A
,,,10X360,P.S. 360,Elementary,278,0.34,0.3,Fair,Good,Excellent,0.88,1,0.87,0.9,0.93,0.91,0.98,0.91,0.96,,,0.464,0.536,0,0.259,0.18,0.011,0.094,0.058,0.931,0.158,0.896,0.011,0.086,0.885,0,0,0.014,N<5,N<5,0.313,N<5,N<5,0.594,0.2,0.01,0.081,0.881,0.002,0,0.022,0.038,0.129,0.753,0.008,0.003,0.057,3.1,1,0.905,0.625,0.937,0.98,N/A,N/A,0.94,0,0.06
,,,10X363,Academy For Personal Leadership And Excellence,Middle,742,0.45,0.35,Fair,Good,Good,0.8,0.91,0.68,0.88,0.73,0.87,0.94,0.85,0.95,2.41,2.28,0.469,0.531,0,0.295,0.265,0.008,0.146,0.097,0.947,0.275,0.889,0.015,0.121,0.841,0.003,0.001,0.018,N<5,0.138,0.413,N<5,0,0.4,0.3,0.005,0.179,0.797,0.002,0.002,0.013,0.033,0.139,0.777,0.007,0.002,0.037,14.2,0.85,0.891,0.6,0.955,0.94,0.06,0,0.95,0,0.05
,,,10X368,In-Tech Academy (M.S. / High School 368),Middle,425,0.45,0.41,Good,Good,Good,0.77,0.88,0.69,0.8,0.68,0.77,0.9,0.82,0.93,2.62,2.5,0.478,0.522,0,0.174,0.238,0.007,0.146,0.075,0.874,0.173,0.8,0.016,0.071,0.852,0.007,0.002,0.04,N<5,0.233,0.342,0,0,0.329,0.6,0.032,0.088,0.745,0.003,0.001,0.113,0.033,0.139,0.777,0.007,0.002,0.037,3,0.904,0.918,0.718,0.962,0.8,N/A,N/A,0.97,0,0.03
,,,10X382,"Elementary School for Math, Science, and Technology",Elementary,226,,,,,,0.7,0.85,0.71,0.73,0.71,0.74,0.87,0.86,0.91,,,0.442,0.558,0,0.319,0.27,0,0.15,0.093,> 95%,0.323,0.92,0.013,0.212,0.765,0.004,0,0,N<5,0.217,0.217,0,0,0.391,0.1,0.011,0.179,0.788,0.006,0.006,0.008,0.038,0.129,0.753,0.008,0.003,0.057,,0.826,0.928,0.712,0.959,0.92,N/A,N/A,0.96,N/A,N/A
,,,10X386,School for Environmental Citizenship,Elementary,332,0.48,0.42,Good,Good,Good,0.83,0.67,0.74,0.87,0.9,0.88,0.96,0.91,0.96,,,0.551,0.449,0,0.265,0.181,0.009,0.127,0.018,> 95%,0.226,0.907,0.003,0.114,0.855,0.003,0.009,0.012,N<5,N<5,0.45,N<5,N<5,0.45,0.1,0.011,0.175,0.794,0.005,0.005,0.007,0.038,0.129,0.753,0.008,0.003,0.057,10.8,0.975,0.929,0.731,0.955,0.98,N/A,N/A,1,0,0
,,,10X390,M.S. 390,Middle,334,0.5,0.39,Good,Good,Good,0.73,0.83,0.54,0.74,0.73,0.68,0.88,0.94,0.96,2.47,2.29,0.497,0.503,0,0.243,0.269,0.009,0.177,0.066,> 95%,0.368,0.895,0,0.189,0.796,0,0.003,0.012,0,0.139,0.528,0,0,0.278,0.3,0.012,0.246,0.72,0.009,0.005,0.007,0.033,0.139,0.777,0.007,0.002,0.037,1.9,0.778,0.915,0.725,0.941,0.99,N/A,N/A,0.86,0,0.14
,,,10X391,The Angelo Patri Middle School,Middle,362,0.48,0.3,Good,Excellent,Excellent,0.81,0.9,0.62,0.9,0.71,0.93,0.98,0.94,0.99,2.27,2.07,0.517,0.483,0,0.39,0.276,0.03,0.116,0.11,> 95%,0.318,0.878,0.003,0.199,0.785,0.011,0,0,N<5,0.317,0.293,N<5,0,0.293,0.3,0.005,0.256,0.72,0.009,0.002,0.006,0.033,0.139,0.777,0.007,0.002,0.037,5.3,0.829,0.909,0.694,0.964,0.88,N/A,N/A,0.97,N/A,N/A
,,,10X396,P.S. 396,Elementary,193,0.55,0.43,Good,Good,Excellent,0.79,0.71,0.63,0.84,0.91,0.89,0.97,0.96,0.97,,,0.472,0.528,0,0.285,0.394,0.031,0.269,0.078,> 95%,0.269,0.896,0.01,0.238,0.725,0.016,0,0.01,N<5,N<5,0.239,0,0,0.696,0.2,0.019,0.186,0.774,0.014,0,0.006,0.038,0.129,0.753,0.008,0.003,0.057,13.8,0.804,0.927,0.771,0.958,1,0,0,1,0,0
,,,10X447,Creston Academy,Middle,414,0.49,0.39,Good,Good,Excellent,0.76,0.88,0.64,0.88,0.68,0.88,0.95,0.92,0.98,2.46,2.3,0.495,0.505,0,0.292,0.198,0.007,0.157,0.014,> 95%,0.278,0.884,0.002,0.126,0.86,0.002,0.002,0.007,0,0.205,0.59,0,0,0.205,0.3,0.01,0.174,0.803,0.003,0.001,0.007,0.033,0.139,0.777,0.007,0.002,0.037,1.2,0.821,0.92,0.718,0.954,0.99,N/A,N/A,0.99,N/A,N/A
,,,11X016,P.S. 016 Wakefield,Elementary,314,0.27,0.28,Fair,Good,Excellent,0.89,1,0.75,0.87,0.87,0.87,0.94,0.95,0.97,,,0.548,0.452,0,0.268,0.146,0,0.073,0.035,0.9,0.338,0.841,0.038,0.325,0.538,0.057,0.003,0.019,0,0.435,N<5,0,0,0.478,0.3,0.039,0.393,0.477,0.042,0.009,0.027,0.081,0.409,0.414,0.014,0.006,0.065,4.6,0.783,0.898,0.579,0.961,0.91,N/A,N/A,0.97,N/A,N/A
,,,11X019,P.S. 019 Judith K. Weiss,K-8,648,0.47,0.55,Good,Good,Excellent,0.77,0.84,0.63,0.86,0.65,0.91,0.96,0.93,0.96,,,0.485,0.515,0,0.097,0.154,0.003,0.114,0.005,0.536,0.057,0.505,0.035,0.069,0.37,0.015,0,0.466,0,N<5,0.143,0,0,0.755,0.2,0.046,0.04,0.375,0.009,0,0.47,0.104,0.363,0.417,0.012,0.004,0.088,0,0.714,0.939,0.835,0.964,0.94,N/A,N/A,0.96,0,0.04
,,,11X021,P.S. 021 Philip H. Sheridan,Elementary,479,0.47,0.43,Fair,Fair,Excellent,0.73,0.87,0.59,0.79,0.75,0.85,0.97,0.91,0.96,,,0.457,0.543,0,0.125,0.248,0.015,0.104,0.094,0.922,0.269,0.883,0.023,0.482,0.397,0.015,0.029,0.029,N<5,0.405,N<5,0,0,0.432,0.3,0.013,0.5,0.433,0.018,0.01,0.018,0.081,0.409,0.414,0.014,0.006,0.065,22.2,0.865,0.886,0.545,0.966,0.97,N/A,N/A,0.82,0,0.18
,,,11X041,P.S. 041 Gun Hill Road,Elementary,621,0.33,0.32,Fair,Good,Excellent,0.86,1,0.67,0.89,0.88,0.88,0.98,0.98,0.99,,,0.467,0.533,0,0.143,0.219,0.01,0.118,0.063,0.932,0.187,0.879,0.011,0.44,0.502,0.021,0.003,0.021,N<5,0.367,0.163,0,0,0.408,0.3,0.013,0.391,0.551,0.013,0.005,0.024,0.081,0.409,0.414,0.014,0.006,0.065,6,0.776,0.887,0.547,0.949,0.98,N/A,N/A,1,0,0
,,,11X068,P.S. 068 Bronx,Elementary,479,0.58,0.51,Good,Good,Excellent,0.82,1,0.75,0.88,0.88,0.88,0.97,0.95,0.96,,,0.447,0.553,0,0.044,0.342,0,0.177,0.152,0.786,0.138,0.735,0.015,0.639,0.284,0.013,0.002,0.029,N<5,0.262,0.185,0,0,0.523,0.4,0.008,0.666,0.273,0.016,0.003,0.014,0.081,0.409,0.414,0.014,0.006,0.065,8.1,0.877,0.898,0.62,0.961,0.96,N/A,N/A,0.96,0,0.04
,,,11X076,P.S. 076 The Bennington School,Elementary,617,0.48,0.46,Fair,Fair,Good,0.73,1,0.66,0.83,0.78,0.81,0.93,0.89,0.92,,,0.454,0.546,0,0.245,0.222,0.006,0.107,0.083,0.883,0.138,0.831,0.049,0.324,0.535,0.005,0.008,0.071,N<5,0.224,0.138,0,0,0.569,0.3,0.045,0.34,0.536,0.006,0.005,0.05,0.081,0.409,0.414,0.014,0.006,0.065,7,0.586,0.901,0.568,0.962,0.89,N/A,N/A,0.97,N/A,N/A
,,,11X078,P.S. 078 Anne Hutchinson,Elementary,569,0.38,0.34,Fair,Fair,Good,0.84,0.81,0.77,0.81,0.85,0.86,0.92,0.92,0.92,,,0.462,0.538,0,0.104,0.239,0.007,0.116,0.093,0.899,0.211,0.842,0.018,0.592,0.344,0.007,0.004,0.032,0,0.48,N<5,0,0,0.42,0.3,0.009,0.689,0.26,0.004,0.003,0.024,0.081,0.409,0.414,0.014,0.006,0.065,3,0.92,0.881,0.52,0.937,0.98,N/A,N/A,0.99,N/A,N/A
,,,11X083,P.S. 083 Donald Hertz,K-8,1513,0.46,0.48,Fair,Excellent,Good,0.79,0.89,0.58,0.88,0.68,0.94,0.95,0.9,0.94,,,0.459,0.541,0,0.231,0.211,0.02,0.116,0.058,0.821,0.114,0.768,0.104,0.05,0.447,0.011,0.003,0.374,N<5,0.066,0.156,0,0,0.746,0.3,0.127,0.068,0.464,0.012,0.004,0.314,0.104,0.363,0.417,0.012,0.004,0.088,11,0.812,0.93,0.743,0.964,0.97,N/A,N/A,0.98,0,0.02
,,,11X087,P.S. 087 Bronx,Elementary,302,0.37,0.4,Fair,Good,Good,0.77,0.5,0.81,0.83,0.73,0.84,0.95,0.9,0.94,,,0.49,0.51,0,0.079,0.175,0.017,0.043,0.109,0.829,0.103,0.788,0.026,0.55,0.325,0.066,0,0.01,0,0.524,N<5,0,0,N<5,0.3,0.018,0.646,0.274,0.024,0.008,0.012,0.081,0.409,0.414,0.014,0.006,0.065,3.5,0.952,0.909,0.683,0.967,0.97,N/A,N/A,0.97,N/A,N/A
,,,11X089,P.S. 089 Bronx,K-8,1161,0.61,0.46,Good,Good,Good,0.79,0.91,0.57,0.85,0.71,0.89,0.93,0.87,0.93,,,0.499,0.501,0,0.211,0.189,0.014,0.113,0.048,0.877,0.102,0.823,0.072,0.201,0.53,0.002,0.003,0.188,N<5,0.075,0.172,0,0,0.699,0.3,0.097,0.215,0.524,0.006,0.006,0.137,0.104,0.363,0.417,0.012,0.004,0.088,14.1,0.817,0.897,0.588,0.964,1,N/A,N/A,0.98,N/A,N/A
,,,11X096,P.S. 096 Richard Rodgers,Elementary,823,0.68,0.69,Excellent,Good,Excellent,0.85,0.96,0.86,0.85,0.88,0.89,0.97,0.92,0.98,,,0.479,0.521,0,0.139,0.2,0.001,0.114,0.067,0.898,0.151,0.849,0.026,0.18,0.615,0.006,0.011,0.149,N<5,0.11,0.11,0,0,0.74,0.2,0.045,0.138,0.631,0.007,0.007,0.159,0.081,0.409,0.414,0.014,0.006,0.065,5,0.753,0.913,0.723,0.958,0.98,N/A,N/A,1,N/A,N/A
,,,11X097,P.S. 097 Bronx,Elementary,498,0.45,0.48,Fair,Good,Excellent,0.77,,0.96,0.69,0.81,0.8,0.97,0.97,0.97,,,0.51,0.49,0,0.116,0.241,0.006,0.175,0.046,0.771,0.06,0.731,0.211,0.189,0.434,0.016,0.008,0.131,N<5,N<5,0.189,0,0,0.698,0.3,0.222,0.228,0.415,0.015,0.015,0.095,0.081,0.409,0.414,0.014,0.006,0.065,18.1,0.755,0.913,0.66,0.968,0.97,N/A,N/A,1,N/A,N/A
,,,11X103,P.S. 103 Hector Fontanez,Elementary,776,0.46,0.45,Fair,Good,Good,0.85,0.96,0.75,0.88,0.87,0.91,0.96,0.91,0.95,,,0.505,0.495,0,0.223,0.224,0.01,0.13,0.059,0.936,0.242,0.857,0.008,0.312,0.599,0.028,0.004,0.039,N<5,0.091,0.212,0,0,0.621,0.3,0.016,0.423,0.492,0.025,0.008,0.03,0.081,0.409,0.414,0.014,0.006,0.065,14.3,0.955,0.891,0.54,0.963,1,0,0,0.99,N/A,N/A
,,,11X105,P.S. 105 Sen Abraham Bernstein,Elementary,608,0.31,0.27,Fair,Fair,Good,0.82,0.89,0.89,0.9,0.81,0.87,0.94,0.88,0.96,,,0.488,0.512,0,0.331,0.207,0.012,0.127,0.048,0.914,0.215,0.855,0.125,0.097,0.632,0.008,0.005,0.123,N<5,0.13,0.188,0,0,0.638,0.2,0.102,0.14,0.654,0.006,0.001,0.089,0.081,0.409,0.414,0.014,0.006,0.065,18.1,0.928,0.887,0.484,0.957,0.97,N/A,N/A,0.99,N/A,N/A
,,,11X106,P.S. 106 Parkchester,Elementary,788,0.41,0.44,Fair,Good,Good,0.8,0.87,0.79,0.86,0.82,0.87,0.95,0.9,0.95,,,0.481,0.519,0,0.156,0.273,0.013,0.115,0.121,0.887,0.166,0.825,0.414,0.228,0.306,0.016,0.003,0.022,N<5,0.132,0.303,0,0,0.513,0.2,0.366,0.224,0.36,0.019,0.002,0.019,0.081,0.409,0.414,0.014,0.006,0.065,32.3,0.908,0.905,0.608,0.956,0.98,N/A,N/A,0.98,N/A,N/A
,,,11X108,P.S. 108 Philip J. Abinanti,Elementary,503,0.6,0.68,Good,Excellent,Excellent,0.88,1,0.93,0.9,0.95,0.95,0.97,0.93,0.96,,,0.487,0.513,0,0.135,0.189,0.006,0.151,0.012,0.675,0.044,0.636,0.151,0.044,0.368,0.002,0,0.419,0,N<5,N<5,0,0,0.784,0.4,0.184,0.039,0.359,0,0,0.409,0.081,0.409,0.414,0.014,0.006,0.065,3,0.919,0.94,0.836,0.949,0.95,N/A,N/A,0.96,N/A,N/A
,,,11X111,P.S. 111 Seton Falls,Elementary,370,0.31,0.29,Needs Improvement,Needs Improvement,Excellent,0.5,,0.55,0.58,0.34,0.52,0.86,0.98,0.98,,,0.454,0.546,0,0.054,0.276,0.027,0.114,0.1,0.935,0.219,0.87,0.008,0.554,0.403,0.003,0,0.024,N<5,0.333,0.262,N<5,0,0.357,0.4,0.003,0.552,0.419,0.009,0.002,0.009,0.081,0.409,0.414,0.014,0.006,0.065,3,0.929,0.853,0.41,0.946,1,0,0,0.99,N/A,N/A
,,,11X112,P.S. 112 Bronxwood,Elementary,343,0.35,0.32,Fair,Fair,Good,0.78,0.81,0.7,0.78,0.78,0.79,0.94,0.91,0.95,,,0.461,0.539,0,0.105,0.318,0.009,0.137,0.149,> 95%,0.12,0.939,0.006,0.411,0.548,0.015,0.006,0.012,N<5,0.35,0.275,0,0,0.3,0.2,0.002,0.413,0.561,0.009,0.002,0.007,0.081,0.409,0.414,0.014,0.006,0.065,7,0.8,0.887,0.51,0.952,0.95,N/A,N/A,0.96,0,0.04
,,,11X121,P.S. 121 Throop,Elementary,540,0.41,0.42,Fair,Fair,Good,0.77,0.88,0.75,0.75,0.78,0.83,0.94,0.92,0.93,,,0.491,0.509,0,0.054,0.237,0.006,0.12,0.081,0.815,0.119,0.767,0.117,0.439,0.38,0.007,0.017,0.033,N<5,0.178,0.111,N<5,N<5,0.667,0.4,0.143,0.326,0.426,0.018,0.013,0.069,0.081,0.409,0.414,0.014,0.006,0.065,5,0.889,0.9,0.627,0.96,0.99,N/A,N/A,0.89,0,0.11
,,,11X127,J.H.S. 127 The Castle Hill,Middle,790,0.47,0.47,Good,Good,Fair,0.78,0.92,0.59,0.87,0.71,0.86,0.87,0.78,0.91,2.64,2.49,0.446,0.554,0,0.186,0.2,0.009,0.141,0.039,0.843,0.186,0.754,0.296,0.199,0.454,0.013,0.011,0.024,0.088,0.265,0.324,0,0,0.279,0.3,0.269,0.232,0.449,0.012,0.009,0.021,0.072,0.463,0.405,0.014,0.004,0.036,3.6,0.838,0.921,0.712,0.953,0.99,N/A,N/A,0.97,0,0.03
,,,11X144,J.H.S. 144 Michelangelo,Middle,402,0.55,0.46,Good,Good,Good,0.82,0.91,0.62,0.87,0.75,0.87,0.94,0.87,0.95,2.45,2.28,0.438,0.562,0,0.127,0.226,0.007,0.104,0.104,0.822,0.159,0.761,0.075,0.453,0.41,0.002,0,0.05,N<5,0.235,N<5,0,0,0.618,1.1,0.066,0.495,0.36,0.007,0.003,0.064,0.072,0.463,0.405,0.014,0.004,0.036,9.2,0.794,0.913,0.671,0.96,1,0,0,0.97,N/A,N/A
,,,11X153,P.S. 153 Helen Keller,Elementary,444,0.52,0.57,Good,Fair,Good,0.68,,0.58,0.59,0.68,0.66,0.95,0.96,0.93,,,0.462,0.538,0,0.032,0.187,0.002,0.119,0.043,0.7,0.079,0.583,0.097,0.599,0.257,0.016,0.002,0.011,N<5,0.2,0.125,N<5,N<5,0.625,0.3,0.009,0.678,0.256,0.01,0.01,0.019,0.081,0.409,0.414,0.014,0.006,0.065,3,0.925,0.93,0.769,0.952,0.88,N/A,N/A,0.99,N/A,N/A
,,,11X160,P.S. 160 Walt Disney,Elementary,268,0.37,0.38,Fair,Good,Good,0.8,0.92,0.71,0.74,0.76,0.82,0.95,0.91,0.91,,,0.485,0.515,0,0.052,0.22,0.007,0.153,0.022,0.658,0.101,0.616,0.011,0.664,0.284,0.011,0.004,0.019,N<5,0.29,0.226,N<5,N<5,0.452,0.1,0.004,0.757,0.205,0.004,0.004,0.021,0.081,0.409,0.414,0.014,0.006,0.065,20.2,0.807,0.926,0.753,0.957,0.98,N/A,N/A,0.94,0,0.06
,,,11X169,Baychester Academy,Elementary,298,0.62,0.58,Good,Good,Excellent,0.85,1,0.76,0.89,0.9,0.94,0.98,0.94,0.98,,,0.51,0.49,0,0.091,0.228,0.037,0.03,0.107,0.791,0.094,0.732,0.017,0.678,0.282,0,0.003,0.013,0,0.308,N<5,0,0,0.615,0.7,0.009,0.616,0.338,0.008,0.002,0.014,0.081,0.409,0.414,0.014,0.006,0.065,5.6,1,0.912,0.649,0.967,0.93,N/A,N/A,0.96,N/A,N/A
,,,11X175,P.S. 175 City Island,K-8,254,0.53,0.53,Fair,Excellent,Good,0.83,0.85,0.7,0.96,0.75,0.97,0.95,0.93,0.92,,,0.504,0.496,0,0.063,0.236,0.024,0.165,0.008,0.504,0.055,0.496,0.055,0.114,0.476,0.016,0,0.311,N<5,N<5,0,0,0,0.87,0.3,0.065,0.08,0.457,0.007,0,0.348,0.104,0.363,0.417,0.012,0.004,0.088,5,0.913,0.92,0.704,0.975,0.91,N/A,N/A,1,0,0
,,,11X178,P.S. 178 - Dr. Selman Waksman,Elementary,280,0.41,0.4,Fair,Fair,Good,0.77,,0.69,0.82,0.63,0.68,0.9,0.9,0.96,,,0.479,0.521,0,0.086,0.286,0.014,0.132,0.1,0.755,0.143,0.707,0.011,0.6,0.311,0.014,0.029,0.025,N<5,0.176,0.206,0,0,0.559,0.3,0.009,0.679,0.255,0.01,0.01,0.019,0.081,0.409,0.414,0.014,0.006,0.065,2.1,0.735,0.92,0.701,0.954,0.91,N/A,N/A,0.98,N/A,N/A
,,,11X180,M.S. 180 Dr. Daniel Hale Williams,Middle,745,0.42,0.43,Fair,Fair,Good,0.72,0.91,0.52,0.69,0.67,0.72,0.91,0.86,0.9,2.65,2.49,0.513,0.487,0,0.027,0.255,0.012,0.136,0.095,0.755,0.094,0.67,0.011,0.662,0.294,0.011,0.001,0.011,N<5,0.455,0.167,N<5,0,0.348,1,0.026,0.631,0.301,0.006,0.001,0.029,0.072,0.463,0.405,0.014,0.004,0.036,8,0.818,0.912,0.673,0.961,0.97,N/A,N/A,0.98,N/A,N/A
,,,11X181,I.S. 181 Pablo Casals,Middle,553,0.59,0.61,Excellent,Excellent,Good,0.84,0.92,0.61,0.88,0.72,0.92,0.96,0.89,0.95,2.79,2.58,0.512,0.488,0,0.069,0.239,0.004,0.11,0.103,0.745,0.146,0.667,0.09,0.524,0.315,0.016,0.007,0.031,N<5,0.298,0.088,0,0,0.561,1.4,0.03,0.602,0.325,0.007,0.002,0.029,0.072,0.463,0.405,0.014,0.004,0.036,0.7,0.895,0.919,0.697,0.969,0.96,N/A,N/A,0.92,0,0.08
,,,11X189,Cornerstone Academy for Social Action,Elementary,250,0.37,0.34,Fair,Fair,Fair,0.75,1,0.53,0.84,0.77,0.75,0.9,0.85,0.9,,,0.536,0.464,0,0.18,0.244,0.008,0.084,0.136,0.916,0.244,0.864,0.032,0.368,0.552,0.012,0.004,0.012,N<5,0.231,0.308,N<5,0,0.346,0.4,0.002,0.517,0.426,0.012,0.005,0.015,0.081,0.409,0.414,0.014,0.006,0.065,13.2,0.846,0.883,0.507,0.964,0.91,N/A,N/A,0.98,N/A,N/A
,,,11X194,P.S./M.S. 194,K-8,1168,0.5,0.4,Fair,Good,Good,0.75,0.84,0.63,0.67,0.72,0.73,0.93,0.88,0.95,,,0.491,0.509,0,0.199,0.186,0.014,0.09,0.073,0.89,0.153,0.808,0.339,0.065,0.527,0.016,0.003,0.038,0.064,0.064,0.213,0,0,0.606,0.3,0.28,0.088,0.549,0.014,0.005,0.053,0.104,0.363,0.417,0.012,0.004,0.088,3,0.883,0.91,0.663,0.948,0.98,N/A,N/A,0.97,N/A,N/A
,,,11X287,North Bronx School of Empowerment,Middle,380,0.44,0.28,Fair,Fair,Needs Improvement,0.68,0.82,0.46,0.72,0.62,0.66,0.86,0.72,0.77,2.36,2.11,0.442,0.558,0,0.229,0.245,0,0.129,0.092,0.923,0.311,0.876,0.029,0.447,0.461,0.032,0.003,0.029,N<5,0.5,0.147,0,0,0.265,0.6,0.016,0.552,0.4,0.012,0.002,0.014,0.072,0.463,0.405,0.014,0.004,0.036,10.1,0.882,0.872,0.568,0.958,0.84,0.16,0,0.97,N/A,N/A
,,,11X326,Bronx Green Middle School,Middle,371,0.48,0.45,Good,Good,Good,0.8,0.87,0.7,0.87,0.79,0.88,0.96,0.83,0.94,2.49,2.42,0.482,0.518,0,0.229,0.183,0.008,0.111,0.051,0.903,0.199,0.863,0.062,0.226,0.612,0.005,0,0.092,N<5,0.28,0.28,N<5,N<5,0.4,0.6,0.067,0.214,0.596,0.005,0.003,0.11,0.072,0.463,0.405,0.014,0.004,0.036,13.9,0.96,0.896,0.589,0.949,0.81,0.19,0,0.91,0,0.09
,,,11X355,Bronx Alliance Middle School,Middle,211,0.46,0.36,Fair,Fair,Good,0.68,0.88,0.45,0.8,0.64,0.79,0.94,0.89,0.94,2.31,2.18,0.464,0.536,0,0.047,0.289,0.009,0.209,0.066,0.848,0.175,0.791,0.024,0.626,0.332,0.009,0,0.009,N<5,0.667,N<5,N<5,N<5,0.238,0.6,0.007,0.638,0.33,0.009,0.002,0.008,0.072,0.463,0.405,0.014,0.004,0.036,6.7,0.762,0.9,0.637,0.918,0.95,N/A,N/A,0.98,N/A,N/A
,,,11X357,Young Voices Academy of the Bronx,Elementary,345,0.41,0.45,Fair,Good,Good,0.88,,0.9,0.87,0.93,0.93,0.96,0.94,0.92,,,0.519,0.481,0,0.209,0.194,0.009,0.11,0.038,0.832,0.177,0.788,0.099,0.055,0.696,0.009,0.003,0.13,0,N<5,0.414,0,0,0.414,0.1,0.111,0.118,0.624,0.007,0,0.136,0.081,0.409,0.414,0.014,0.006,0.065,11.2,0.931,0.92,0.692,0.965,1,0,0,0.99,N/A,N/A
,,,11X370,Leaders of Tomorrow,Middle,382,0.46,0.36,Fair,Fair,Good,0.74,0.89,0.54,0.8,0.67,0.76,0.89,0.8,0.94,2.42,2.3,0.469,0.531,0,0.173,0.249,0.008,0.144,0.084,0.888,0.241,0.83,0.018,0.448,0.484,0.021,0,0.016,N<5,0.5,N<5,0,0,0.375,0.6,0.015,0.546,0.406,0.012,0.002,0.014,0.072,0.463,0.405,0.014,0.004,0.036,6.2,0.938,0.902,0.621,0.961,0.73,0.27,0,0.99,N/A,N/A
,,,11X462,Cornerstone Academy for Social Action Middle School (CASA),Middle,122,0.44,0.41,Fair,Fair,,0.68,0.89,0.5,0.81,0.66,0.85,,,,2.51,2.46,0.492,0.508,0,0.123,0.27,0.025,0.197,0.008,0.907,0.131,0.836,0.008,0.508,0.443,0.008,0,0.033,N<5,0.333,0.333,N<5,N<5,0.278,0.6,0.01,0.643,0.312,0.009,0.003,0.017,0.072,0.463,0.405,0.014,0.004,0.036,0.2,0.833,0.875,0.538,0.974,0.93,N/A,N/A,0.86,N/A,N/A
,,,11X468,Pelham Academy of Academics and Community Engagement,Middle,284,0.45,0.51,Fair,Good,Excellent,0.78,0.91,0.61,0.87,0.68,0.92,0.96,0.91,0.98,2.85,2.76,0.493,0.507,0,0.148,0.222,0.004,0.137,0.056,0.888,0.194,0.845,0.056,0.134,0.651,0.004,0,0.151,0,0.292,0.25,0,0,0.375,0.4,0.054,0.205,0.62,0.003,0.004,0.11,0.072,0.463,0.405,0.014,0.004,0.036,3,0.75,0.896,0.639,0.957,0.94,N/A,N/A,1,0,0
,,,11X481,The STEAM Bridge School,Elementary,272,0.61,0.66,Excellent,Good,Good,0.88,,0.93,0.89,0.91,0.85,0.97,0.91,0.94,,,0.504,0.496,0,0.261,0.125,0,0.096,0.011,0.852,0.096,0.79,0.173,0.129,0.463,0.004,0.007,0.21,0,0.318,0.227,0,0,0.455,0.2,0.101,0.112,0.566,0.011,0.006,0.196,0.081,0.409,0.414,0.014,0.006,0.065,8.6,0.727,0.92,0.681,0.951,0.93,N/A,N/A,1,0,0
,,,11X483,The Matilda Avenue School,Elementary,241,0.31,0.33,Fair,Excellent,Excellent,0.96,,0.98,1,0.97,0.99,1,1,1,,,0.539,0.461,0,0.12,0.17,0.083,0.062,0.004,0.89,0.261,0.83,0.037,0.494,0.386,0.029,0.012,0.037,N<5,N<5,N<5,0,0,0.6,0.3,0.037,0.406,0.463,0.05,0.006,0.028,0.081,0.409,0.414,0.014,0.006,0.065,9.2,0.6,0.906,0.598,0.983,1,0,0,1,0,0
,,,11X498,P.S./M.S. 11X498 - Van Nest Academy,K-8,601,0.48,0.44,Fair,Good,Good,0.77,0.88,0.64,0.72,0.68,0.78,0.96,0.94,0.93,,,0.481,0.519,0,0.121,0.228,0.002,0.163,0.038,0.789,0.085,0.73,0.11,0.08,0.599,0.002,0,0.188,0,N<5,0.191,N<5,0,0.681,0.5,0.183,0.175,0.445,0.013,0.005,0.167,0.104,0.363,0.417,0.012,0.004,0.088,14.2,0.745,0.937,0.786,0.963,0.83,0.17,0,0.96,N/A,N/A
,,,11X529,One World Middle School at Edenwald,Middle,336,0.47,0.48,Good,Excellent,Good,0.85,0.94,0.61,0.95,0.75,0.96,0.95,0.9,0.93,2.75,2.58,0.554,0.446,0,0.057,0.241,0.018,0.208,0,0.829,0.14,0.777,0.018,0.577,0.363,0.03,0.006,0.003,N<5,0.25,0.275,0,0,0.375,0.6,0.007,0.639,0.329,0.01,0.002,0.008,0.072,0.463,0.405,0.014,0.004,0.036,13.2,0.75,0.919,0.72,0.959,1,0,0,0.99,N/A,N/A
,,,11X532,Baychester Middle School,Middle,287,0.47,0.37,Good,,,,,,,,,,,,2.41,2.24,0.488,0.512,0,0.059,0.282,0.01,0.167,0.098,0.866,0.174,0.819,0.017,0.582,0.324,0.049,0.003,0.01,N<5,0.52,N<5,0,0,0.28,0.8,0.009,0.651,0.307,0.012,0.002,0.013,0.072,0.463,0.405,0.014,0.004,0.036,13.2,0.64,0.892,0.57,0.965,0.7,0.3,0,0.93,N/A,N/A
,,,11X556,Bronx Park Middle School,Middle,336,0.43,0.41,Fair,Good,Fair,0.81,0.91,0.63,0.86,0.74,0.9,0.91,0.74,0.9,2.66,2.48,0.449,0.551,0,0.161,0.22,0,0.152,0.042,0.892,0.167,0.851,0.063,0.188,0.628,0.003,0.009,0.101,N<5,0.188,0.344,0,0,0.344,0.5,0.066,0.202,0.612,0.005,0.003,0.107,0.072,0.463,0.405,0.014,0.004,0.036,7.2,0.688,0.894,0.528,0.956,0.82,N/A,N/A,0.95,N/A,N/A
,,,11X566,Pelham Gardens Middle School,Middle,294,0.49,0.38,Fair,Good,Good,0.8,0.95,0.6,0.94,0.74,0.94,0.95,0.86,0.95,2.46,2.27,0.5,0.5,0,0.133,0.272,0,0.156,0.099,0.81,0.146,0.748,0.041,0.527,0.374,0.003,0,0.051,N<5,0.423,N<5,0,0,0.462,1,0.067,0.501,0.355,0.007,0.004,0.061,0.072,0.463,0.405,0.014,0.004,0.036,5,0.962,0.903,0.669,0.971,0.99,N/A,N/A,0.97,N/A,N/A
,,,11X567,Linden Tree Elementary School,Elementary,301,0.29,0.29,Fair,Fair,Excellent,0.72,0.57,0.61,0.54,0.67,0.57,0.96,0.92,0.97,,,0.445,0.555,0,0.365,0.229,0.007,0.15,0.017,0.901,0.249,0.837,0.276,0.133,0.528,0.01,0.003,0.04,N<5,N<5,0.31,0,0,0.517,0.3,0.291,0.198,0.445,0.015,0.002,0.039,0.081,0.409,0.414,0.014,0.006,0.065,3,0.793,0.917,0.632,0.938,0.9,N/A,N/A,0.99,N/A,N/A
,,,12X006,P.S. 006 West Farms,Elementary,378,0.35,0.31,Fair,Fair,Good,0.86,,0.82,0.75,0.92,0.85,0.96,0.91,0.95,,,0.495,0.505,0,0.18,0.23,0.005,0.122,0.069,> 95%,0.291,0.929,0.003,0.246,0.733,0.005,0,0.011,N<5,0.27,0.243,0,0,0.432,0.3,0.003,0.326,0.643,0.005,0,0.012,0.041,0.224,0.702,0.011,0.002,0.013,0.4,0.973,0.885,0.528,0.94,0.94,N/A,N/A,0.99,N/A,N/A
,,,12X044,P.S. 044 David C. Farragut,Elementary,174,0.49,0.42,Fair,Fair,Good,0.67,,0.48,0.66,0.79,0.64,0.93,0.91,0.94,,,0.511,0.489,0,0.259,0.184,0.006,0.149,0.011,> 95%,0.397,0.902,0.006,0.328,0.649,0,0.006,0.011,N<5,0.227,N<5,N<5,N<5,0.591,0.1,0.003,0.303,0.662,0.007,0,0.014,0.041,0.224,0.702,0.011,0.002,0.013,12.9,0.818,0.893,0.537,0.962,0.91,N/A,N/A,0.97,N/A,N/A
,,,12X047,P.S. 047 John Randolph,Elementary,830,0.37,0.34,Fair,Good,Good,0.81,1,0.72,0.84,0.79,0.87,0.93,0.85,0.95,,,0.48,0.52,0,0.342,0.183,0.002,0.084,0.071,0.918,0.167,0.858,0.152,0.159,0.636,0.02,0.008,0.016,0,0.194,0.179,0,0,0.597,0.3,0.192,0.104,0.659,0.015,0.006,0.015,0.041,0.224,0.702,0.011,0.002,0.013,20.7,0.97,0.911,0.682,0.941,0.98,N/A,N/A,1,0,0
,,,12X057,P.S. 057 Crescent,Elementary,333,0.26,0.21,Fair,Fair,Excellent,0.81,0.89,0.43,0.83,0.82,0.84,0.98,1,1,,,0.489,0.511,0,0.162,0.303,0.006,0.168,0.096,> 95%,0.27,0.919,0.009,0.297,0.649,0.015,0,0.021,0,0.297,0.189,0,0,0.514,0.2,0.011,0.31,0.644,0.009,0.002,0.013,0.041,0.224,0.702,0.011,0.002,0.013,1,0.946,0.898,0.562,0.959,0.95,N/A,N/A,0.99,N/A,N/A
,,,12X061,P.S. 061 Francisco Oller,Elementary,175,0.5,0.43,Fair,Good,Excellent,0.87,0.88,0.86,0.9,0.89,0.89,0.95,0.94,0.98,,,0.474,0.526,0,0.166,0.257,0,0.246,0,> 95%,0.24,0.914,0,0.183,0.783,0.006,0,0.023,0,0.25,0.333,0,0,0.417,0.2,0,0.325,0.632,0.014,0,0.029,0.041,0.224,0.702,0.011,0.002,0.013,7,0.792,0.917,0.725,0.957,1,0,0,0.98,N/A,N/A
,,,12X066,P.S. 066 School of Higher Expectations,Elementary,392,0.65,0.59,Good,Fair,Excellent,0.77,1,0.62,0.78,0.8,0.82,0.98,0.95,0.98,,,0.513,0.485,0.003,0.194,0.212,0,0.12,0.069,> 95%,0.276,0.895,0.01,0.26,0.707,0.01,0.003,0.005,N<5,0.122,0.408,N<5,N<5,0.429,0.2,0.004,0.305,0.66,0.01,0.001,0.008,0.041,0.224,0.702,0.011,0.002,0.013,8.1,0.898,0.907,0.614,0.958,0.93,N/A,N/A,0.97,N/A,N/A
,,,12X067,P.S. 067 Mohegan School,Elementary,269,0.72,0.63,Excellent,Excellent,Excellent,0.92,1,0.88,0.93,0.94,0.96,0.98,0.89,0.98,,,0.509,0.491,0,0.152,0.208,0.007,0.082,0.086,> 95%,0.283,0.903,0.004,0.253,0.703,0.011,0,0.007,N<5,N<5,0.344,0,0,0.406,0.2,0.004,0.321,0.653,0.004,0.002,0.008,0.041,0.224,0.702,0.011,0.002,0.013,12.1,0.5,0.92,0.704,0.966,0.98,N/A,N/A,1,0,0
,,,12X098,J.H.S. 098 Herman Ridder,Middle,110,,,,,,,,,,,,0.94,0.9,0.95,2.13,2,0.482,0.518,0,0.436,0.2,0,0.173,0.018,0.915,0.409,0.755,0.018,0.264,0.7,0,0.009,0,N<5,0.5,N<5,0,0,N<5,0.8,0.007,0.324,0.64,0.01,0.002,0.012,0.014,0.244,0.709,0.013,0.003,0.014,,0.833,0.893,0.637,0.955,0.94,N/A,N/A,0.92,N/A,N/A
,,,12X129,M.S. 129 Academy for Independent Learning and Leadership,Middle,246,0.63,0.46,Excellent,Fair,Good,0.77,0.93,0.55,0.81,0.69,0.82,0.92,0.86,0.91,2.36,2.17,0.492,0.508,0,0.138,0.305,0.053,0.11,0.13,> 95%,0.28,0.894,0.004,0.28,0.663,0.02,0.004,0.024,N<5,0.414,0.379,0,0,N<5,0.3,0.004,0.328,0.643,0.011,0.001,0.01,0.014,0.244,0.709,0.013,0.003,0.014,5.1,0.793,0.903,0.644,0.957,0.97,N/A,N/A,1,0,0
,,,12X134,P.S. 134 George F. Bristow,Elementary,380,0.29,0.23,Fair,Fair,Good,0.71,0.54,0.48,0.8,0.79,0.79,0.95,0.88,0.97,,,0.468,0.532,0,0.168,0.318,0.026,0.163,0.095,> 95%,0.247,0.934,0.005,0.384,0.571,0.005,0,0.024,N<5,0.351,0.432,0,0,0.135,0.2,0.007,0.386,0.572,0.007,0,0.009,0.041,0.224,0.702,0.011,0.002,0.013,6.1,0.865,0.906,0.599,0.946,0.9,N/A,N/A,0.98,N/A,N/A
,,,12X150,P.S. 150 Charles James Fox,Elementary,463,0.46,0.34,Fair,Fair,Good,0.85,0.77,0.7,0.81,0.81,0.83,0.94,0.92,0.97,,,0.479,0.521,0,0.296,0.296,0.022,0.114,0.123,> 95%,0.225,0.92,0,0.244,0.728,0,0,0.024,0,0.19,0.548,0,0,0.238,0.2,0.005,0.257,0.71,0.005,0,0.017,0.041,0.224,0.702,0.011,0.002,0.013,7.1,0.857,0.881,0.542,0.963,0.96,N/A,N/A,0.95,0,0.05
,,,12X190,E.S.M.T- I.S. 190,Middle,210,0.52,0.44,Good,Good,Excellent,0.85,0.95,0.65,0.93,0.77,0.91,0.97,0.83,0.98,2.39,2.32,0.452,0.548,0,0.176,0.252,0,0.143,0.095,> 95%,0.257,0.91,0.01,0.243,0.729,0.01,0,0.01,N<5,0.304,0.217,N<5,N<5,0.304,0.4,0.006,0.348,0.62,0.008,0.003,0.011,0.014,0.244,0.709,0.013,0.003,0.014,8,0.87,0.884,0.515,0.957,1,0,0,0.98,N/A,N/A
,,,12X195,P.S. 195,Elementary,714,0.26,0.19,Needs Improvement,Fair,Good,0.72,0.73,0.46,0.68,0.62,0.69,0.93,0.89,0.96,,,0.465,0.535,0,0.431,0.193,0,0.101,0.07,0.925,0.217,0.819,0.021,0.119,0.829,0.02,0,0.008,0.094,0.109,0.297,0,0,0.438,0.2,0.026,0.156,0.789,0.016,0.002,0.007,0.041,0.224,0.702,0.011,0.002,0.013,5.1,0.594,0.92,0.725,0.977,0.98,N/A,N/A,0.99,N/A,N/A
,,,12X196,P.S. 196,Elementary,601,0.39,0.31,Fair,Fair,Good,0.7,0.64,0.56,0.56,0.69,0.64,0.96,0.89,0.95,,,0.463,0.537,0,0.413,0.225,0.003,0.108,0.085,0.947,0.225,0.844,0.023,0.133,0.817,0.017,0,0.005,N<5,0.232,0.286,0,0,0.375,0.2,0.025,0.157,0.79,0.016,0.002,0.006,0.041,0.224,0.702,0.011,0.002,0.013,4.1,0.893,0.917,0.655,0.961,0.94,0.06,0,0.97,N/A,N/A
,,,12X211,P.S. 211,Elementary,153,0.32,0.35,Fair,Good,Good,0.82,,0.49,0.62,0.93,0.73,0.94,0.96,0.94,,,0.569,0.431,0,0.17,0.176,0.033,0.105,0.007,> 95%,0.065,0.915,0.007,0.137,0.83,0,0,0.026,N<5,0.227,0.409,N<5,N<5,0.273,0.2,0.001,0.278,0.691,0.004,0.001,0.011,0.041,0.224,0.702,0.011,0.002,0.013,10.1,0.773,0.93,0.771,0.955,0.91,N/A,N/A,0.95,N/A,N/A
,,,12X214,P.S. 214,K-8,810,0.33,0.25,Fair,Good,Fair,0.73,0.87,0.52,0.89,0.65,0.89,0.93,0.83,0.89,,,0.516,0.484,0,0.201,0.228,0.03,0.153,0.016,> 95%,0.274,0.888,0.021,0.209,0.757,0.005,0.001,0.005,0.096,0.26,0.452,N<5,N<5,0.178,0.4,0.002,0.278,0.696,0.007,0.001,0.009,0.029,0.243,0.697,0.01,0.002,0.013,2.2,0.808,0.885,0.545,0.943,0.99,N/A,N/A,0.97,0,0.03
,,,12X217,School of Performing Arts,Middle,169,0.48,0.34,Fair,Fair,Good,0.68,0.8,0.47,0.62,0.6,0.57,0.95,0.88,0.92,2.31,2.23,0.473,0.527,0,0.189,0.343,0.047,0.219,0.065,0.95,0.254,0.899,0.006,0.355,0.604,0.006,0.006,0.024,N<5,0.48,N<5,0,0,0.32,0.5,0.009,0.288,0.673,0.009,0.003,0.012,0.014,0.244,0.709,0.013,0.003,0.014,8.4,0.28,0.879,0.53,0.949,0.98,N/A,N/A,0.9,N/A,N/A
,,,12X242,Mott Hall V,Middle,292,0.45,0.36,Good,Excellent,Good,0.76,0.89,0.74,0.75,0.73,0.77,0.92,0.85,0.97,2.45,2.23,0.568,0.432,0,0.216,0.277,0.034,0.137,0.096,0.924,0.122,0.867,0.024,0.113,0.795,0.055,0,0.014,N<5,0.089,0.357,0,0,0.411,0.4,0.027,0.178,0.764,0.016,0.004,0.008,0.014,0.244,0.709,0.013,0.003,0.014,19.2,0.732,0.917,0.7,0.954,0.99,N/A,N/A,0.99,N/A,N/A
,,,12X267,Bronx Latin,Middle,170,0.45,0.4,Good,Good,Good,0.78,0.91,0.75,0.7,0.73,0.75,0.95,0.86,0.97,2.7,2.53,0.494,0.506,0,0.1,0.3,0.018,0.165,0.106,> 95%,0.145,0.897,0.012,0.224,0.735,0.018,0,0,N<5,0.213,0.298,0,0,0.34,0.3,0.01,0.327,0.633,0.01,0,0.017,0.014,0.244,0.709,0.013,0.003,0.014,12,0.745,0.888,0.608,0.941,0.96,N/A,N/A,0.87,0,0.13
,,,12X271,East Bronx Academy for the Future,Middle,214,0.41,0.34,Fair,Good,Good,0.77,0.87,0.63,0.93,0.72,0.88,0.94,0.8,0.93,2.34,2.19,0.481,0.519,0,0.145,0.322,0.028,0.178,0.112,> 95%,0.2,0.897,0.014,0.262,0.715,0.005,0,0.005,0,0.241,0.345,0,0,0.362,0.7,0.006,0.312,0.655,0.011,0.002,0.011,0.014,0.244,0.709,0.013,0.003,0.014,20.2,0.914,0.894,0.624,0.947,0.93,0.07,0,0.92,0,0.08
,,,12X273,Frederick Douglass Academy V. Middle School,Middle,184,0.57,0.41,Excellent,Good,Good,0.79,0.93,0.54,0.88,0.72,0.86,0.9,0.89,0.91,2.33,1.97,0.576,0.424,0,0.163,0.315,0.005,0.19,0.098,> 95%,0.353,0.946,0.005,0.245,0.707,0.016,0,0.027,0,0.375,0.375,0,0,0.208,0.2,0.005,0.281,0.682,0.013,0.003,0.013,0.014,0.244,0.709,0.013,0.003,0.014,5.6,0.75,0.891,0.578,0.943,1,0,0,1,0,0
,,,12X286,Fannie Lou Hamer Middle School,Middle,237,0.36,0.28,Fair,Fair,Good,0.75,0.88,0.55,0.85,0.65,0.86,0.95,0.88,0.96,2.38,2.31,0.536,0.464,0,0.236,0.236,0,0.186,0.042,0.946,0.262,0.873,0.013,0.228,0.713,0,0.017,0.025,N<5,N<5,0.409,0,0,0.318,0.3,0.007,0.298,0.668,0.01,0,0.013,0.014,0.244,0.709,0.013,0.003,0.014,7.1,0.364,0.899,0.611,0.945,0.97,N/A,N/A,0.92,N/A,N/A
,,,12X300,The School of Science and Applied Learning,Elementary,354,0.31,0.23,Fair,Fair,Good,0.8,0.83,0.69,0.83,0.72,0.8,0.96,0.92,0.96,,,0.492,0.508,0,0.155,0.305,0,0.175,0.113,> 95%,0.316,0.932,0.003,0.35,0.627,0.006,0,0.006,0,0.359,0.154,0,0,0.487,0.2,0.002,0.355,0.616,0.005,0.005,0.007,0.041,0.224,0.702,0.011,0.002,0.013,3.2,0.974,0.88,0.486,0.953,0.94,N/A,N/A,1,0,0
,,,12X314,Fairmont Neighborhood School,Elementary,213,0.38,0.33,Fair,Good,Excellent,0.82,,0.55,0.95,0.74,0.94,0.99,0.96,0.99,,,0.502,0.498,0,0.122,0.258,0.009,0.141,0.089,0.95,0.239,0.901,0.005,0.366,0.61,0.005,0,0.014,N<5,0.385,N<5,0,0,0.5,0.1,0,0.329,0.636,0.007,0.003,0.01,0.041,0.224,0.702,0.011,0.002,0.013,6.1,0.577,0.898,0.596,0.959,0.98,N/A,N/A,0.99,N/A,N/A
,,,12X316,Kappa III,Middle,250,0.58,0.49,Excellent,Good,Excellent,0.88,0.94,0.71,0.97,0.78,0.99,0.97,0.91,0.95,2.53,2.34,0.504,0.496,0,0.132,0.264,0.016,0.14,0.084,0.933,0.18,0.888,0.016,0.28,0.66,0.02,0,0.024,N<5,N<5,0.208,0,0,0.5,0.3,0.002,0.331,0.642,0.011,0.001,0.009,0.014,0.244,0.709,0.013,0.003,0.014,9,0.833,0.902,0.67,0.96,0.95,N/A,N/A,1,0,0
,,,12X318,"I.S. X318 Math, Science & Technology Through Arts",Middle,293,0.45,0.33,Fair,Fair,Good,0.68,0.82,0.53,0.78,0.6,0.78,0.9,0.89,0.89,2.27,2.16,0.505,0.495,0,0.184,0.263,0,0.171,0.068,> 95%,0.232,0.894,0.007,0.256,0.727,0.003,0,0.003,N<5,0.286,0.4,0,0,0.229,0.4,0.003,0.301,0.668,0.006,0.001,0.015,0.014,0.244,0.709,0.013,0.003,0.014,5,0.514,0.877,0.535,0.961,0.99,N/A,N/A,0.95,N/A,N/A
,,,12X341,Accion Academy,Middle,178,0.48,0.32,Fair,Good,Good,0.77,0.92,0.66,0.87,0.74,0.93,0.95,0.85,0.96,2.44,2.27,0.421,0.579,0,0.365,0.247,0.006,0.112,0.101,> 95%,0.292,0.921,0.011,0.135,0.831,0.011,0,0.011,N<5,0.444,0.444,0,0,N<5,0.4,0.009,0.283,0.679,0.01,0.002,0.012,0.014,0.244,0.709,0.013,0.003,0.014,2.3,0.889,0.896,0.593,0.949,0.96,N/A,N/A,0.9,N/A,N/A
,,,12X383,Emolior Academy,Middle,390,0.54,0.45,Good,Good,Good,0.77,0.93,0.54,0.89,0.69,0.92,0.95,0.95,0.93,2.58,2.37,0.5,0.5,0,0.154,0.203,0.003,0.108,0.09,0.947,0.205,0.89,0.038,0.195,0.731,0.01,0.005,0.018,N<5,0.364,0.273,0,0,0.303,0.5,0.006,0.274,0.699,0.007,0.002,0.009,0.014,0.244,0.709,0.013,0.003,0.014,8,0.818,0.915,0.671,0.965,0.99,N/A,N/A,0.86,0,0.14
,,,12X458,Samara Community School,Elementary,272,0.6,0.55,Good,Excellent,Excellent,0.94,1,0.94,0.99,0.99,0.98,0.99,0.99,0.99,,,0.537,0.463,0,0.154,0.217,0.004,0.154,0.018,0.881,0.125,0.779,0.004,0.107,0.868,0,0,0.011,0,N<5,0.767,0,0,0.167,0.4,0.009,0.286,0.667,0.013,0.002,0.012,0.041,0.224,0.702,0.011,0.002,0.013,10.2,0.733,0.93,0.793,0.997,1,0,0,1,0,0
,,,12X463,Urban Scholars Community School,Elementary,273,0.48,0.42,Fair,Good,Good,0.87,0.57,0.72,0.85,0.91,0.87,0.97,0.88,0.94,,,0.553,0.447,0,0.139,0.286,0,0.139,0.132,> 95%,0.33,0.927,0.004,0.374,0.586,0.007,0.011,0.007,0,0.306,0.5,0,0,0.167,0.2,0.007,0.392,0.553,0.02,0.005,0.013,0.041,0.224,0.702,0.011,0.002,0.013,15.2,0.944,0.906,0.604,0.955,0.99,N/A,N/A,0.93,N/A,N/A
,,,12X531,Archer Elementary School,Elementary,279,0.38,0.32,Fair,Good,Good,0.86,0.75,0.68,0.89,0.87,0.91,0.95,0.93,0.95,,,0.459,0.541,0,0.183,0.287,0,0.118,0.143,0.933,0.194,0.871,0.115,0.208,0.613,0.029,0.004,0.014,N<5,N<5,0.219,0,0,0.5,0.2,0.079,0.203,0.678,0.017,0,0.017,0.041,0.224,0.702,0.011,0.002,0.013,6.2,0.875,0.905,0.624,0.963,0.97,N/A,N/A,0.97,N/A,N/A
,,,12X536,P.S. 536,Elementary,258,0.4,0.38,Fair,Excellent,Excellent,0.94,,0.69,0.94,0.97,0.96,0.98,0.99,0.99,,,0.504,0.496,0,0.217,0.217,0.05,0.019,0.112,0.935,0.159,0.876,0.171,0.213,0.581,0.016,0,0.016,N<5,N<5,0.652,0,0,N<5,0.2,0.087,0.205,0.665,0.016,0.003,0.018,0.041,0.224,0.702,0.011,0.002,0.013,6.3,0.913,0.925,0.751,0.967,0.98,N/A,N/A,0.98,N/A,N/A
,,,12X595,P.S. 595,Elementary,224,0.53,0.4,Good,Fair,Good,0.82,0.83,0.74,0.89,0.8,0.85,0.95,0.95,0.91,,,0.549,0.451,0,0.348,0.263,0,0.205,0.054,> 95%,0.299,0.929,0.022,0.219,0.746,0,0,0,0,0,0.92,0,0,N<5,0.2,0.006,0.286,0.687,0.003,0.001,0.009,0.041,0.224,0.702,0.011,0.002,0.013,0.6,0.48,0.886,0.504,0.97,0.94,N/A,N/A,0.89,N/A,N/A
,,,12X691,Bronx Little School,Elementary,283,0.54,0.5,Good,Excellent,Excellent,0.95,1,0.81,0.97,0.94,0.98,0.98,0.9,0.97,,,0.527,0.473,0,0.191,0.24,0.021,0.194,0.007,0.919,0.18,0.827,0.12,0.17,0.675,0.004,0,0.028,N<5,N<5,0.457,0,0,0.429,0.2,0.088,0.206,0.665,0.017,0,0.018,0.041,0.224,0.702,0.011,0.002,0.013,9.2,0.686,0.935,0.805,0.964,0.95,N/A,N/A,0.97,N/A,N/A
,,,13K003,P.S. 003 The Bedford Village,Elementary,148,0.38,0.39,Fair,Fair,Good,0.87,,0.86,0.81,0.94,0.83,0.97,0.86,0.96,,,0.432,0.568,0,0.081,0.196,0.007,0.155,0.007,0.864,0.23,0.838,0.108,0.716,0.108,0.007,0,0.02,0,0.714,N<5,0,0,N<5,0.3,0.087,0.448,0.161,0.015,0.005,0.218,0.054,0.373,0.218,0.009,0.005,0.276,25.4,0.952,0.874,0.469,0.957,1,0,0,0.93,N/A,N/A
,,,13K008,The Emily Warren Roebling School,Elementary,580,0.59,0.76,Excellent,Excellent,Excellent,0.89,,0.99,0.87,0.92,0.94,0.98,0.97,0.97,,,0.526,0.474,0,0.041,0.109,0,0.071,0.002,0.128,0.003,0.079,0.071,0.029,0.098,0.003,0.002,0.693,0,N<5,N<5,0,0,0.78,0.4,0.106,0.037,0.111,0.005,0,0.642,0.054,0.373,0.218,0.009,0.005,0.276,7.1,0.854,0.943,0.878,0.966,1,0,0,0.98,N/A,N/A
,,,13K009,Public School 9 The Sarah Smith Garnet School,Elementary,643,0.32,0.43,Fair,Good,Good,0.83,0.71,0.73,0.88,0.81,0.86,0.95,0.93,0.96,,,0.537,0.463,0,0.058,0.165,0.019,0.081,0.031,0.43,0.093,0.364,0.082,0.334,0.23,0.008,0.002,0.308,0.2,0.291,0.382,0,0,0.109,0.4,0.112,0.249,0.153,0.004,0,0.419,0.054,0.373,0.218,0.009,0.005,0.276,2,0.836,0.98,0.966,0.967,0.98,N/A,N/A,0.97,N/A,N/A
,,,13K011,P.S. 011 Purvis J. Behan,Elementary,766,0.8,0.84,Excellent,Excellent,Excellent,0.9,,0.81,0.89,0.85,0.93,0.96,0.97,0.96,,,0.51,0.49,0,0.009,0.125,0.007,0.069,0.004,0.415,0.026,0.308,0.042,0.533,0.134,0.007,0.003,0.162,N<5,0.442,0.192,0,0,0.269,0.8,0.068,0.293,0.207,0.009,0.005,0.336,0.054,0.373,0.218,0.009,0.005,0.276,9.1,0.731,0.936,0.8,0.969,0.71,0.12,0.16,0.95,0,0.05
,,,13K020,P.S. 020 Clinton Hill,Elementary,550,0.56,0.65,Good,Good,Excellent,0.91,,0.88,0.92,0.94,0.93,0.95,0.96,0.96,,,0.525,0.473,0.002,0.042,0.187,0.033,0.12,0.002,0.432,0.087,0.364,0.045,0.269,0.175,0.011,0.002,0.4,N<5,0.35,0.15,0,0,0.4,0.4,0.051,0.241,0.208,0.008,0.001,0.382,0.054,0.373,0.218,0.009,0.005,0.276,1,0.7,0.914,0.682,0.964,0.89,N/A,N/A,0.9,0,0.1
,,,13K044,P.S. 044 Marcus Garvey,Elementary,102,0.32,0.21,Fair,Fair,Fair,0.77,,0.88,0.66,0.77,0.69,0.89,0.91,0.86,,,0.539,0.461,0,0.147,0.314,0.098,0.049,0.137,0.928,0.265,0.892,0.02,0.676,0.225,0,0,0.078,N<5,0.75,N<5,N<5,N<5,N<5,0.1,0.022,0.632,0.211,0.005,0,0.092,0.054,0.373,0.218,0.009,0.005,0.276,1.1,0.813,0.835,0.353,0.971,1,0,0,0.9,0,0.1
,,,13K046,P.S. 046 Edward C. Blum,Elementary,182,0.35,0.24,Fair,Fair,Excellent,0.72,0.87,0.72,0.83,0.65,0.8,0.97,0.94,1,,,0.478,0.522,0,0.165,0.341,0.033,0.132,0.143,0.895,0.203,0.857,0.022,0.412,0.505,0.011,0,0.027,0,0.308,0.269,0,0,0.385,0.2,0.056,0.343,0.292,0.008,0.003,0.206,0.054,0.373,0.218,0.009,0.005,0.276,2.1,0.846,0.807,0.242,0.944,0.91,N/A,N/A,0.9,0,0.1
,,,13K054,P.S. 054 Samuel C. Barnes,Elementary,126,0.39,0.38,Fair,Good,Good,0.82,,0.82,0.86,0.9,0.9,0.96,0.92,0.93,,,0.397,0.603,0,0.119,0.349,0.008,0.198,0.143,0.879,0.254,0.762,0.032,0.532,0.325,0.008,0.032,0.024,N<5,0.421,N<5,N<5,N<5,0.368,0.4,0.024,0.421,0.395,0.018,0.009,0.106,0.054,0.373,0.218,0.009,0.005,0.276,4.6,0.684,0.854,0.412,0.937,0.93,N/A,N/A,0.92,0,0.08
,,,13K056,P.S. 056 Lewis H. Latimer,Elementary,212,0.49,0.53,Good,Good,Excellent,0.79,,0.82,0.87,0.81,0.95,0.95,0.94,0.96,,,0.495,0.505,0,0.052,0.241,0.108,0.005,0.075,0.514,0.099,0.448,0.024,0.373,0.146,0.014,0.005,0.349,0,0.458,0.333,0,0,N<5,0.3,0.066,0.317,0.154,0.005,0.003,0.383,0.054,0.373,0.218,0.009,0.005,0.276,8.4,0.833,0.899,0.643,0.957,0.87,N/A,N/A,0.98,N/A,N/A
,,,13K067,P.S. 067 Charles A. Dorsey,Elementary,171,0.31,0.21,Fair,Fair,Good,0.75,1,0.38,0.86,0.87,0.82,0.97,0.87,0.96,,,0.509,0.491,0,0.094,0.404,0,0.222,0.17,> 95%,0.211,0.936,0.018,0.532,0.374,0.023,0.012,0.006,N<5,0.476,N<5,0,0,0.333,0.2,0.049,0.583,0.307,0.013,0.01,0.019,0.054,0.373,0.218,0.009,0.005,0.276,9,0.952,0.88,0.505,0.959,0.92,N/A,N/A,0.95,0,0.05
,,,13K093,P.S. 093 William H. Prescott,Elementary,141,0.33,0.28,Fair,Fair,Excellent,0.79,0.8,0.7,0.88,0.77,0.84,0.98,0.95,0.99,,,0.504,0.496,0,0.142,0.319,0.014,0.149,0.149,> 95%,0.284,0.936,0.121,0.603,0.121,0.043,0.035,0.064,0,0.737,N<5,0,0,N<5,0.3,0.056,0.555,0.166,0.015,0.012,0.129,0.054,0.373,0.218,0.009,0.005,0.276,3,0.684,0.86,0.436,0.947,0.97,N/A,N/A,0.9,0,0.1
,,,13K113,M.S. 113 Ronald Edmonds Learning Center,Middle,188,0.46,0.38,Fair,Fair,Good,0.76,0.88,0.64,0.74,0.69,0.73,0.88,0.91,0.89,2.37,2.12,0.505,0.495,0,0.106,0.319,0.032,0.138,0.09,0.892,0.176,0.851,0.021,0.564,0.388,0.005,0.005,0.005,N<5,0.52,0.24,0,0,N<5,0.7,0.049,0.388,0.284,0.008,0.001,0.217,0.035,0.61,0.224,0.009,0.004,0.084,1,0.84,0.863,0.492,0.956,0.85,N/A,N/A,0.92,0,0.08
,,,13K133,P.S. 133 William A. Butler,Elementary,571,0.51,0.58,Good,Good,Good,0.9,1,0.87,0.91,0.95,0.92,0.95,0.95,0.93,,,0.511,0.489,0,0.081,0.236,0.037,0.093,0.056,0.51,0.079,0.441,0.049,0.275,0.352,0.005,0.004,0.228,N<5,0.388,0.265,0,0,0.265,1,0.079,0.152,0.17,0.005,0.001,0.494,0.054,0.373,0.218,0.009,0.005,0.276,17.6,0.796,0.913,0.689,0.961,0.94,0.06,0,0.96,0,0.04
,,,13K256,P.S. 256 Benjamin Banneker,Elementary,173,0.39,0.34,Fair,Fair,Good,0.75,,0.57,0.76,0.78,0.81,0.95,0.94,0.91,,,0.503,0.497,0,0.173,0.254,0.035,0.116,0.075,0.909,0.185,0.838,0.046,0.636,0.289,0.006,0,0.017,N<5,0.526,N<5,0,0,N<5,0.3,0.024,0.487,0.305,0.024,0.009,0.123,0.054,0.373,0.218,0.009,0.005,0.276,1.5,0.737,0.861,0.478,0.954,0.84,N/A,N/A,0.9,0,0.1
,,,13K265,Dr. Susan S. McKinney Secondary School of the Arts,Middle,45,0.4,0.23,Fair,Fair,Good,0.71,0.81,0.65,0.86,0.67,0.79,0.91,0.79,0.93,1.85,1.67,0.467,0.533,0,0.067,0.467,0,0.333,0.111,> 95%,0.116,0.873,0,0.622,0.378,0,0,0,0.161,0.548,N<5,0,0,0.194,0.3,0.059,0.508,0.368,0.011,0,0.041,0.035,0.61,0.224,0.009,0.004,0.084,1,0.645,0.78,0.396,0.964,0.78,0.22,0,0.96,N/A,N/A
,,,13K266,M.S. K266 - Park Place Community Middle School,Middle,82,0.53,0.41,Good,Fair,Fair,0.66,0.87,0.55,0.37,0.66,0.55,0.94,0.9,0.82,2.48,2.24,0.451,0.549,0,0.134,0.476,0.073,0.159,0.183,0.849,0.268,0.78,0,0.476,0.451,0,0,0.049,0,N<5,N<5,0,0,0.583,1,0.052,0.236,0.206,0.005,0.002,0.425,0.035,0.61,0.224,0.009,0.004,0.084,5.2,0.75,0.881,0.552,0.973,0.91,N/A,N/A,0.92,N/A,N/A
,,,13K270,P.S. 270 Johann DeKalb,Elementary,69,0.17,0.1,Needs Improvement,Fair,Excellent,0.67,,0.67,0.81,0.73,0.81,0.94,0.97,0.97,,,0.522,0.478,0,0.072,0.304,0,0.232,0.058,> 95%,0.29,0.913,0.043,0.565,0.333,0,0.058,0,0,0.571,N<5,0,0,N<5,0.2,0.024,0.498,0.249,0.041,0.02,0.139,0.054,0.373,0.218,0.009,0.005,0.276,3.1,0.714,0.803,0.311,0.984,1,0,0,0.94,N/A,N/A
,,,13K282,P.S. 282 Park Slope,Elementary,456,0.43,0.5,Fair,Fair,Good,0.75,1,0.76,0.7,0.61,0.66,0.94,0.94,0.9,,,0.478,0.522,0,0.029,0.274,0.015,0.079,0.129,0.413,0.044,0.368,0.053,0.329,0.197,0.018,0.007,0.364,N<5,0.271,0.188,0,0,0.438,0.4,0.085,0.068,0.179,0.006,0.001,0.574,0.054,0.373,0.218,0.009,0.005,0.276,5.3,0.771,0.921,0.761,0.955,0.92,N/A,N/A,0.97,0,0.03
,,,13K287,P.S. 287 Bailey K. Ashford,Elementary,94,0.28,0.26,Fair,Needs Improvement,Good,0.68,,0.67,0.72,0.69,0.69,0.9,0.93,0.9,,,0.532,0.468,0,0.085,0.287,0.011,0.191,0.064,> 95%,0.202,0.947,0.011,0.617,0.319,0.011,0,0.021,N<5,0.6,N<5,0,0,N<5,0.2,0.042,0.536,0.31,0.013,0.007,0.052,0.054,0.373,0.218,0.009,0.005,0.276,5.4,0.8,0.862,0.406,0.946,0.84,N/A,N/A,0.96,N/A,N/A
,,,13K301,Restoration Academy,Middle,104,0.41,0.28,Fair,,Good,,,,,,,0.89,0.84,0.97,2.36,2.08,0.462,0.538,0,0.183,0.308,0.01,0.154,0.115,0.913,0.212,0.846,0.144,0.635,0.125,0,0,0.058,N<5,0.833,0,0,0,0,0.6,0.044,0.641,0.182,0.011,0.005,0.085,0.035,0.61,0.224,0.009,0.004,0.084,0.1,0.917,0.871,0.464,0.919,0.86,N/A,N/A,0.72,0,0.28
,,,13K307,P.S. 307 Daniel Hale Williams,Elementary,233,0.25,0.18,Needs Improvement,,,,,,,,,,,,,,0.498,0.502,0,0.047,0.425,0,0.129,0.283,0.859,0.206,0.82,0.03,0.481,0.352,0.009,0.004,0.094,0.116,0.326,0.163,0,0,0.395,0.3,0.058,0.447,0.297,0.01,0.003,0.137,0.054,0.373,0.218,0.009,0.005,0.276,9,0.651,0.861,0.462,0.959,0.95,N/A,N/A,0.99,N/A,N/A
,,,13K313,Dock Street School for STEAM Studies,Middle,271,0.41,0.53,Fair,Fair,Good,0.65,0.76,0.47,0.72,0.56,0.58,0.89,0.91,0.9,2.89,2.74,0.469,0.531,0,0.018,0.262,0.03,0.133,0.085,0.642,0.122,0.55,0.048,0.694,0.162,0.004,0.007,0.066,N<5,0.379,0.276,N<5,N<5,0.241,2.2,0.165,0.196,0.322,0.005,0.002,0.253,0.035,0.61,0.224,0.009,0.004,0.084,2.8,0.586,0.912,0.679,0.969,0.94,N/A,N/A,0.99,N/A,N/A
,,,13K351,The Urban Assembly Unison School,Middle,180,0.41,0.35,Fair,Good,Excellent,0.79,0.95,0.65,0.91,0.74,0.89,0.95,0.94,0.97,2.56,2.24,0.517,0.483,0,0.067,0.311,0,0.239,0.033,0.819,0.233,0.733,0.006,0.694,0.222,0.006,0.006,0.039,N<5,0.391,N<5,0,0,0.435,0.6,0.039,0.467,0.231,0.012,0.005,0.19,0.035,0.61,0.224,0.009,0.004,0.084,11.2,0.739,0.888,0.567,0.964,0.9,N/A,N/A,0.98,N/A,N/A
,,,13K492,Academy of Arts and Letters,K-8,688,0.43,0.59,Good,Good,Good,0.8,0.88,0.6,0.82,0.71,0.86,0.93,0.96,0.93,,,0.494,0.506,0,0.032,0.186,0.006,0.15,0.007,0.45,0.051,0.328,0.049,0.371,0.145,0.016,0.003,0.358,N<5,0.356,0.119,0,0,0.424,0.7,0.034,0.546,0.252,0.015,0.006,0.108,0.045,0.462,0.197,0.013,0.005,0.221,4.2,0.712,0.918,0.725,0.968,0.98,N/A,N/A,0.96,0,0.04
,,,13K527,Urban Assembly Institute of Math and Science for Young Women,Middle,116,0.35,0.39,Fair,Good,Good,0.78,0.9,0.76,0.8,0.76,0.75,0.92,0.8,0.92,2.77,2.62,1,0,0,0.06,0.224,0,0.216,0,0.821,0.104,0.821,0.112,0.56,0.155,0.026,0,0.138,N<5,0.35,N<5,0,0,0.475,1.9,0.173,0.212,0.286,0.006,0.002,0.264,0.035,0.61,0.224,0.009,0.004,0.084,14.1,0.6,0.884,0.59,0.955,0.92,N/A,N/A,0.86,0,0.14
,,,13K691,Fort Greene Preparatory Academy,Middle,200,0.42,0.46,Fair,Fair,Good,0.77,0.92,0.58,0.87,0.7,0.8,0.92,0.9,0.94,2.89,2.73,0.45,0.55,0,0.085,0.3,0,0.255,0.045,0.696,0.145,0.645,0.03,0.44,0.265,0,0.005,0.185,N<5,0.261,N<5,0,0,0.565,0.6,0.058,0.391,0.313,0.007,0,0.188,0.035,0.61,0.224,0.009,0.004,0.084,14.1,0.826,0.875,0.494,0.952,0.63,N/A,N/A,0.86,0,0.14
,,,13K915,Bridges: A School for Exploration and Equity,Middle,255,0.56,0.69,Excellent,Fair,Good,0.72,0.87,0.52,0.78,0.6,0.7,0.88,0.9,0.94,3.13,2.97,0.545,0.455,0,0.035,0.275,0.031,0.169,0.055,0.504,0.102,0.424,0.039,0.357,0.227,0.02,0.008,0.255,N<5,0.292,N<5,0,0,0.458,1.2,0.051,0.32,0.237,0.007,0.003,0.323,0.035,0.61,0.224,0.009,0.004,0.084,5.2,0.75,0.9,0.663,0.95,0.95,N/A,N/A,0.96,N/A,N/A
,,,14K016,P.S. 016 Leonard Dunkly,Elementary,141,0.38,0.32,Fair,Fair,Good,0.76,,0.51,0.74,0.81,0.83,0.95,0.92,0.9,,,0.489,0.511,0,0.071,0.348,0.064,0.121,0.135,0.95,0.206,0.915,0.007,0.305,0.61,0.043,0,0.021,0,N<5,0.294,0,0,0.412,0.2,0.005,0.342,0.584,0.015,0,0.03,0.035,0.22,0.475,0.006,0.002,0.221,2.1,0.706,0.841,0.392,0.946,0.94,N/A,N/A,0.98,N/A,N/A
,,,14K017,P.S. 017 Henry D. Woodworth,Elementary,191,0.38,0.31,Fair,Fair,Excellent,0.64,,0.58,0.74,0.63,0.71,0.94,0.97,0.96,,,0.508,0.492,0,0.136,0.382,0,0.141,0.204,0.834,0.105,0.791,0.005,0.099,0.817,0,0,0.079,N<5,N<5,N<5,0,0,0.696,0.4,0.039,0.035,0.539,0.003,0.001,0.316,0.035,0.22,0.475,0.006,0.002,0.221,1.1,0.87,0.885,0.488,0.944,0.94,N/A,N/A,0.96,N/A,N/A
,,,14K018,P.S. 018 Edward Bush,Elementary,134,0.22,0.23,Needs Improvement,Fair,Good,0.81,,0.75,0.75,0.89,0.87,0.95,0.96,0.8,,,0.463,0.537,0,0.149,0.276,0,0.164,0.03,0.815,0.209,0.731,0,0.209,0.672,0.007,0,0.075,N<5,N<5,0.45,N<5,N<5,0.4,0.2,0.03,0.202,0.549,0.003,0.003,0.18,0.035,0.22,0.475,0.006,0.002,0.221,0.4,0.65,0.88,0.555,0.962,1,0,0,0.98,N/A,N/A
,,,14K023,P.S. 023 Carter G. Woodson,Elementary,169,0.52,0.36,Good,Good,Excellent,0.89,0.95,0.84,0.92,0.93,0.95,0.95,0.94,0.97,,,0.45,0.55,0,0.195,0.385,0,0.207,0.172,0.925,0.355,0.882,0.012,0.438,0.527,0.006,0.006,0.012,0,0.194,0.387,0,0,0.355,0.2,0.012,0.474,0.429,0.009,0.005,0.053,0.035,0.22,0.475,0.006,0.002,0.221,8,0.71,0.887,0.526,0.96,0.96,N/A,N/A,0.96,0,0.04
,,,14K031,P.S. 031 Samuel F. Dupont,Elementary,501,0.82,0.89,Excellent,Excellent,Excellent,0.89,,1,0.89,0.95,0.97,0.97,0.94,0.95,,,0.489,0.511,0,0.06,0.172,0,0.094,0.056,0.568,0.194,0.415,0.074,0.068,0.341,0,0,0.467,N<5,N<5,N<5,N<5,N<5,0.951,0.5,0.048,0.039,0.244,0,0,0.581,0.035,0.22,0.475,0.006,0.002,0.221,24.1,0.805,0.945,0.874,0.957,0.99,N/A,N/A,0.97,N/A,N/A
,,,14K034,P.S. 034 Oliver H. Perry,Elementary,364,0.66,0.79,Excellent,Excellent,Excellent,0.86,0.56,0.94,0.89,0.89,0.91,0.97,0.96,0.97,,,0.437,0.563,0,0.058,0.143,0.014,0.091,0.005,0.314,0.03,0.242,0.052,0.003,0.157,0,0,0.695,N<5,0,N<5,0,0,0.839,0.5,0.043,0.013,0.176,0,0,0.681,0.035,0.22,0.475,0.006,0.002,0.221,3.9,0.871,0.934,0.809,0.959,0.97,N/A,N/A,0.97,N/A,N/A
,,,14K050,J.H.S. 050 John D. Wells,Middle,382,0.67,0.73,Excellent,Good,Excellent,0.84,0.9,0.64,0.95,0.78,0.93,0.98,0.95,1,2.85,2.65,0.476,0.524,0,0.17,0.285,0.058,0.092,0.118,0.808,0.236,0.736,0.021,0.212,0.634,0.008,0,0.107,N<5,N<5,0.405,0,0,0.378,1.3,0.069,0.222,0.533,0.007,0.001,0.141,0.033,0.256,0.537,0.007,0.002,0.137,9.2,0.568,0.897,0.631,0.976,1,0,0,0.99,N/A,N/A
,,,14K059,P.S. 059 The Dawn Best School,Elementary,258,0.36,0.32,Fair,Fair,Excellent,0.85,0.82,0.7,0.77,0.85,0.83,0.97,0.95,0.95,,,0.523,0.477,0,0.12,0.314,0.019,0.167,0.097,0.949,0.194,0.899,0.012,0.492,0.469,0.012,0.004,0.008,0,0.5,0.294,0,0,0.176,0.2,0.023,0.472,0.455,0.01,0.007,0.02,0.035,0.22,0.475,0.006,0.002,0.221,7.6,0.765,0.867,0.491,0.968,0.99,N/A,N/A,0.96,N/A,N/A
,,,14K071,Juan Morel Campos Secondary School,Middle,144,0.51,0.51,Good,Good,Fair,0.78,0.85,0.64,0.82,0.73,0.87,0.91,0.81,0.83,2.51,2.42,0.514,0.486,0,0.25,0.285,0.007,0.181,0.076,> 95%,0.222,0.868,0,0.264,0.701,0.021,0,0.007,N<5,0.293,0.155,0,0,0.5,0.7,0.042,0.269,0.616,0.008,0.002,0.053,0.033,0.256,0.537,0.007,0.002,0.137,0.5,0.741,0.883,0.537,0.956,0.88,N/A,N/A,0.98,0,0.02
,,,14K084,P.S. 084 Jose De Diego,K-8,575,0.47,0.5,Good,Good,Good,0.8,0.95,0.73,0.79,0.77,0.85,0.94,0.92,0.93,,,0.508,0.492,0,0.16,0.27,0.068,0.148,0.009,0.653,0.136,0.536,0.03,0.056,0.63,0.002,0.002,0.223,0.082,0.096,0.329,0,0,0.466,0.4,0.042,0.066,0.517,0.002,0.001,0.309,0.032,0.222,0.523,0.006,0.002,0.179,14.7,0.753,0.91,0.66,0.992,0.98,N/A,N/A,0.98,N/A,N/A
,,,14K110,P.S. 110 The Monitor,Elementary,401,0.55,0.68,Good,Good,Fair,0.88,0.86,0.94,0.77,0.91,0.92,0.92,0.92,0.75,,,0.464,0.534,0.002,0.025,0.127,0,0.082,0.017,0.268,0.01,0.197,0.025,0.027,0.207,0.002,0,0.636,N<5,N<5,0.143,0,0,0.714,0.3,0.035,0.01,0.253,0.003,0,0.622,0.035,0.22,0.475,0.006,0.002,0.221,0.2,0.8,0.93,0.771,0.958,0.98,N/A,N/A,0.99,N/A,N/A
,,,14K120,P.S. 120 Carlos Tapia,Elementary,242,0.5,0.38,Fair,Good,Excellent,0.84,0.82,0.82,0.92,0.89,0.95,0.98,0.95,0.97,,,0.508,0.492,0,0.31,0.306,0.124,0.004,0.14,0.914,0.31,0.831,0.017,0.19,0.727,0.012,0,0.045,N<5,N<5,0.321,0,0,0.5,0.2,0.008,0.278,0.651,0.012,0.002,0.038,0.035,0.22,0.475,0.006,0.002,0.221,1.1,0.821,0.892,0.588,0.962,0.95,N/A,N/A,0.97,N/A,N/A
,,,14K126,John Ericsson Middle School 126,Middle,162,0.5,0.43,Fair,Fair,Excellent,0.72,0.82,0.63,0.81,0.68,0.74,0.93,0.89,0.98,2.45,2.25,0.519,0.481,0,0.093,0.346,0.056,0.105,0.167,0.886,0.321,0.796,0.031,0.29,0.562,0,0,0.08,N<5,N<5,N<5,0,0,0.55,1.1,0.059,0.128,0.503,0.005,0.001,0.273,0.033,0.256,0.537,0.007,0.002,0.137,2,0.6,0.9,0.596,0.972,0.72,0.28,0,0.96,N/A,N/A
,,,14K132,P.S. 132 The Conselyea School,Elementary,542,0.59,0.69,Good,Good,Good,0.83,1,0.87,0.86,0.9,0.86,0.95,0.92,0.91,,,0.459,0.541,0,0.065,0.172,0.041,0.063,0.037,0.531,0.048,0.421,0.066,0.124,0.336,0.006,0.006,0.411,N<5,N<5,0.119,0,0,0.738,0.4,0.046,0.178,0.411,0.004,0.004,0.311,0.035,0.22,0.475,0.006,0.002,0.221,21,0.905,0.926,0.765,0.947,0.77,N/A,N/A,0.95,0,0.06
,,,14K147,P.S. 147 Isaac Remsen,Elementary,161,0.49,0.45,Good,Good,Excellent,0.91,,0.9,0.94,0.89,0.96,0.99,0.94,0.98,,,0.509,0.491,0,0.137,0.379,0.099,0.118,0.13,0.886,0.317,0.814,0.043,0.304,0.516,0,0.006,0.062,N<5,0.25,N<5,0,0,0.5,0.3,0.026,0.289,0.594,0.014,0.002,0.055,0.035,0.22,0.475,0.006,0.002,0.221,13.1,0.75,0.867,0.434,0.964,1,0,0,0.91,0,0.09
,,,14K157,P.S./I.S. 157 The Benjamin Franklin Health & Science Academy,K-8,210,0.33,0.31,Fair,Good,,0.96,0.98,0.93,0.98,0.92,0.99,,,,,,0.433,0.567,0,0.205,0.319,0.005,0.229,0.048,0.871,0.105,0.8,0.014,0.19,0.767,0,0.005,0.019,N<5,0.235,0.353,0,0,0.324,0.5,0.035,0.354,0.41,0.016,0.01,0.138,0.032,0.222,0.523,0.006,0.002,0.179,7.5,0.912,0.812,0.279,0.949,0.97,N/A,N/A,0.98,N/A,N/A
,,,14K196,P.S. 196 Ten Eyck,Elementary,225,0.41,0.35,Fair,Good,Excellent,0.84,1,0.89,0.93,0.94,0.96,0.98,0.97,0.98,,,0.547,0.449,0.004,0.089,0.307,0.067,0.12,0.102,0.895,0.124,0.827,0,0.213,0.72,0.018,0,0.022,N<5,N<5,0.185,N<5,N<5,0.704,0.3,0.028,0.266,0.587,0.007,0.002,0.074,0.035,0.22,0.475,0.006,0.002,0.221,20.2,0.926,0.878,0.455,0.952,0.98,N/A,N/A,0.97,N/A,N/A
,,,14K250,P.S. 250 George H. Lindsay,Elementary,205,0.39,0.39,Fair,Fair,Good,0.78,0.64,0.78,0.73,0.82,0.77,0.95,0.93,0.93,,,0.478,0.522,0,0.151,0.229,0.005,0.146,0.073,0.925,0.234,0.834,0.137,0.132,0.698,0,0.005,0.024,N<5,N<5,0.367,0,0,0.433,0.3,0.153,0.192,0.532,0.009,0,0.089,0.035,0.22,0.475,0.006,0.002,0.221,3,0.633,0.875,0.489,0.963,0.96,N/A,N/A,0.98,N/A,N/A
,,,14K257,P.S. 257 John F. Hylan,Elementary,405,0.53,0.42,Good,Good,Excellent,1,1,0.98,0.97,1,0.99,0.98,0.95,0.96,,,0.486,0.514,0,0.202,0.4,0.015,0.099,0.244,0.931,0.18,0.877,0.007,0.242,0.726,0.007,0,0.012,0,0.113,0.547,N<5,0,0.302,0.3,0.044,0.294,0.599,0.014,0.001,0.035,0.035,0.22,0.475,0.006,0.002,0.221,1.6,0.849,0.873,0.45,0.909,0.99,N/A,N/A,0.94,N/A,N/A
,,,14K297,P.S. 297 Abraham Stockton,Elementary,193,0.6,0.51,Good,Good,Excellent,0.83,0.9,0.81,0.92,0.89,0.9,0.97,0.92,0.98,,,0.461,0.539,0,0.155,0.326,0,0.275,0.021,0.93,0.363,0.86,0,0.451,0.503,0.01,0,0.036,N<5,0.333,0.273,N<5,0,0.303,0.2,0.007,0.477,0.47,0.009,0.004,0.031,0.035,0.22,0.475,0.006,0.002,0.221,15,0.606,0.884,0.489,0.966,0.96,N/A,N/A,0.93,N/A,N/A
,,,14K318,I.S. 318 Eugenio Maria De Hostos,Middle,998,0.41,0.63,Good,Good,Good,0.82,0.93,0.67,0.78,0.73,0.88,0.94,0.8,0.92,3.09,2.99,0.431,0.569,0,0.045,0.215,0.017,0.096,0.087,0.664,0.085,0.576,0.059,0.169,0.471,0.005,0.001,0.255,N<5,0.167,0.141,N<5,N<5,0.641,1,0.03,0.307,0.574,0.008,0.002,0.063,0.033,0.256,0.537,0.007,0.002,0.137,12.6,0.859,0.912,0.676,0.952,1,0,0,0.95,0,0.05
,,,14K380,P.S. 380 John Wayne Elementary,Elementary,327,0.58,0.48,Good,Good,Excellent,0.83,0.92,0.86,0.82,0.87,0.89,0.97,0.95,0.96,,,0.468,0.532,0,0.156,0.407,0.018,0.168,0.199,0.894,0.135,0.838,0.015,0.199,0.706,0.003,0,0.076,N<5,N<5,0.196,0,0,0.717,0.7,0.039,0.293,0.578,0.009,0.003,0.058,0.035,0.22,0.475,0.006,0.002,0.221,6.9,0.87,0.895,0.52,0.943,0.97,N/A,N/A,0.99,N/A,N/A
,,,14K414,Brooklyn Arbor Elementary School,Elementary,502,0.56,0.63,Good,Good,Excellent,0.8,,0.84,0.85,0.87,0.83,0.96,0.96,0.95,,,0.494,0.504,0.002,0.112,0.229,0.03,0.135,0.016,0.547,0.058,0.428,0.058,0.012,0.532,0,0.002,0.341,N<5,0.132,0.211,0,0,0.553,0.4,0.036,0.076,0.698,0.005,0.001,0.15,0.035,0.22,0.475,0.006,0.002,0.221,12.2,0.895,0.937,0.81,0.96,0.99,N/A,N/A,0.94,N/A,N/A
,,,14K577,Conselyea Preparatory School,Middle,425,0.46,0.58,Good,Excellent,Good,0.88,0.95,0.81,0.93,0.83,0.94,0.96,0.89,0.96,3.04,3,0.544,0.456,0,0.056,0.252,0.019,0.169,0.047,0.715,0.113,0.612,0.028,0.099,0.593,0.007,0.002,0.261,N<5,N<5,0.143,0,0,0.8,1,0.06,0.163,0.539,0.006,0.002,0.203,0.033,0.256,0.537,0.007,0.002,0.137,20.2,0.857,0.92,0.685,0.955,0.99,N/A,N/A,0.99,N/A,N/A
,,,14K582,M.S. 582,Middle,317,0.57,0.5,Good,Good,Good,0.82,0.81,0.67,0.92,0.78,0.95,0.94,0.88,0.91,2.59,2.5,0.435,0.565,0,0.095,0.309,0.063,0.136,0.104,0.906,0.218,0.833,0.006,0.183,0.76,0.009,0,0.025,0,0.226,0.226,0,0,0.484,0.7,0.059,0.226,0.599,0.003,0,0.101,0.033,0.256,0.537,0.007,0.002,0.137,6,0.677,0.887,0.56,0.971,0.77,0.23,0,0.97,N/A,N/A
,,,14K586,Lyons Community School,Middle,105,0.41,0.31,Fair,Good,Good,0.77,0.84,0.67,0.84,0.75,0.83,0.94,0.91,0.91,2.26,2.06,0.533,0.467,0,0.076,0.486,0,0.486,0,0.938,0.168,0.895,0,0.4,0.495,0.01,0.01,0.029,0,0.25,0.188,0,0,0.458,0.8,0.05,0.208,0.603,0.005,0,0.118,0.033,0.256,0.537,0.007,0.002,0.137,17.2,0.708,0.827,0.479,0.957,0.92,0.08,0,0.8,0,0.2
,,,14K614,Young Women's Leadership School of Brooklyn,Middle,84,0.34,0.31,Fair,Good,Good,0.8,0.89,0.74,0.86,0.75,0.81,0.96,0.55,0.99,2.56,2.48,1,0,0,0.19,0.238,0.012,0.202,0,0.92,0.231,0.85,0.048,0.405,0.452,0,0.024,0.071,N<5,0.2,N<5,0,0,0.64,0.8,0.032,0.262,0.635,0.007,0.002,0.052,0.033,0.256,0.537,0.007,0.002,0.137,8,0.8,0.892,0.587,0.962,0.96,N/A,N/A,0.67,0,0.33
,,,15K001,P.S. 001 The Bergen,Elementary,660,0.41,0.33,Fair,Good,Excellent,0.85,0.82,0.84,0.89,0.9,0.91,0.97,0.92,0.96,,,0.518,0.482,0,0.503,0.227,0.038,0.12,0.056,0.894,0.111,0.832,0.056,0.02,0.898,0,0,0.024,0.068,N<5,0.446,N<5,N<5,0.432,0.2,0.05,0.02,0.847,0,0,0.074,0.172,0.078,0.344,0.003,0.001,0.335,4.3,0.838,0.916,0.671,0.949,0.95,N/A,N/A,0.97,0,0.03
,,,15K010,"Magnet School of Math, Science and Design Technology",Elementary,813,0.64,0.74,Excellent,Good,Excellent,0.77,,0.84,0.79,0.7,0.79,0.94,0.95,0.96,,,0.504,0.496,0,0.044,0.224,0.004,0.167,0.03,0.267,0.026,0.196,0.102,0.068,0.219,0,0.001,0.498,0.129,0.113,0.161,0,0,0.548,0.3,0.086,0.024,0.225,0,0.001,0.566,0.172,0.078,0.344,0.003,0.001,0.335,16.7,0.968,0.942,0.865,0.946,0.99,N/A,N/A,0.99,N/A,N/A
,,,15K015,P.S. 015 Patrick F. Daly,Elementary,348,0.3,0.26,Fair,Fair,Excellent,0.76,1,0.74,0.9,0.86,0.83,0.97,0.94,0.98,,,0.437,0.563,0,0.109,0.537,0.034,0.293,0.201,0.857,0.147,0.822,0.014,0.328,0.486,0.006,0.003,0.124,N<5,N<5,0.292,0,0,0.585,0.3,0.018,0.382,0.405,0.005,0,0.156,0.172,0.078,0.344,0.003,0.001,0.335,3.7,0.739,0.879,0.474,0.959,0.99,N/A,N/A,0.96,0,0.04
,,,15K024,P.S. 024,Elementary,514,0.44,0.37,Fair,Good,Excellent,0.82,0.93,0.76,0.91,0.85,0.93,0.98,0.94,0.98,,,0.484,0.516,0,0.512,0.304,0.008,0.198,0.076,0.881,0.265,0.796,0.051,0.027,0.84,0.004,0.002,0.068,N<5,N<5,0.698,0,0,0.222,0.3,0.063,0.027,0.764,0.005,0.002,0.124,0.172,0.078,0.344,0.003,0.001,0.335,4.7,0.81,0.913,0.632,0.946,0.99,N/A,N/A,0.99,N/A,N/A
,,,15K029,P.S. 029 John M. Harrigan,Elementary,667,0.67,0.8,Excellent,Excellent,Excellent,0.88,0.8,0.93,0.92,0.94,0.94,0.97,0.96,0.98,,,0.51,0.49,0,0.028,0.201,0.036,0.096,0,0.119,0.003,0.1,0.07,0.01,0.112,0,0,0.693,N<5,N<5,N<5,0,0,0.75,0.2,0.077,0.02,0.104,0,0,0.67,0.172,0.078,0.344,0.003,0.001,0.335,12.1,0.958,0.952,0.923,0.968,1,0,0,0.96,0,0.04
,,,15K032,P.S. 032 Samuel Mills Sprole,Elementary,371,0.61,0.67,Good,Fair,Good,0.77,0.58,0.72,0.69,0.72,0.6,0.92,0.94,0.92,,,0.458,0.542,0,0.049,0.383,0.019,0.278,0.005,0.433,0.075,0.399,0.108,0.181,0.218,0.008,0.005,0.399,N<5,0.235,0.103,0,0,0.618,0.4,0.047,0.152,0.236,0.004,0.002,0.487,0.172,0.078,0.344,0.003,0.001,0.335,9.2,0.912,0.917,0.719,0.962,0.95,N/A,N/A,0.95,0,0.05
,,,15K038,P.S. 038 The Pacific,Elementary,443,0.6,0.69,Good,Fair,Excellent,0.76,0.4,0.56,0.59,0.85,0.73,0.98,0.98,0.94,,,0.474,0.526,0,0.038,0.169,0.014,0.108,0.005,0.496,0.074,0.44,0.106,0.291,0.257,0.002,0,0.242,N<5,0.119,0.19,0,0,0.571,0.6,0.07,0.233,0.259,0.009,0.003,0.336,0.172,0.078,0.344,0.003,0.001,0.335,6.2,0.81,0.917,0.729,0.972,1,0,0,0.99,N/A,N/A
,,,15K039,P.S. 039 Henry Bristow,Elementary,360,0.73,0.87,Excellent,Good,Good,0.85,,0.73,0.52,0.89,0.74,0.96,0.95,0.92,,,0.539,0.458,0.003,0.056,0.144,0.003,0.086,0.006,0.192,0.036,0.153,0.106,0.053,0.092,0,0,0.647,N<5,N<5,N<5,0,0,0.741,0.2,0.084,0.022,0.112,0.002,0,0.657,0.172,0.078,0.344,0.003,0.001,0.335,5,0.926,0.944,0.87,0.951,1,0,0,0.99,N/A,N/A
,,,15K051,M.S. 51 William Alexander,Middle,971,0.45,0.65,Good,Good,Good,0.72,0.86,0.6,0.7,0.62,0.73,0.9,0.83,0.94,3.17,3.23,0.499,0.501,0,0.065,0.218,0.007,0.165,0.034,0.596,0.064,0.551,0.268,0.082,0.342,0.002,0.005,0.247,0.145,0.145,0.079,0,0,0.618,1.8,0.052,0.266,0.26,0.005,0.003,0.352,0.109,0.1,0.431,0.003,0.003,0.303,1.6,0.816,0.936,0.803,0.967,0.99,N/A,N/A,1,N/A,N/A
,,,15K058,P.S. 058 The Carroll,Elementary,683,0.55,0.71,Excellent,Good,Excellent,0.83,0.67,0.86,0.85,0.8,0.84,0.97,0.97,0.95,,,0.515,0.485,0,0.04,0.186,0.034,0.101,0.001,0.111,0.02,0.094,0.041,0.045,0.117,0.001,0,0.662,0.096,0,0.096,0,0,0.788,0.3,0.043,0.036,0.097,0.001,0.001,0.708,0.172,0.078,0.344,0.003,0.001,0.335,10.5,0.962,0.945,0.886,0.953,1,0,0,0.99,N/A,N/A
,,,15K088,J.H.S. 088 Peter Rouget,Middle,916,0.5,0.61,Good,Good,Good,0.78,0.87,0.6,0.83,0.67,0.88,0.96,0.89,0.94,2.99,2.91,0.456,0.543,0.001,0.13,0.306,0.011,0.223,0.058,0.625,0.136,0.563,0.102,0.148,0.505,0.005,0.002,0.211,0.066,0.099,0.121,N<5,0,0.637,1.4,0.149,0.057,0.4,0.003,0.003,0.337,0.109,0.1,0.431,0.003,0.003,0.303,19,0.813,0.918,0.721,0.956,0.98,N/A,N/A,0.99,N/A,N/A
,,,15K094,P.S. 094 The Henry Longfellow,Elementary,872,0.51,0.55,Good,Good,Excellent,0.86,0.88,0.79,0.88,0.84,0.9,0.98,0.94,0.98,,,0.44,0.56,0,0.461,0.162,0.003,0.07,0.06,0.899,0.136,0.85,0.658,0.001,0.32,0.001,0,0.018,0.604,N<5,0.209,N<5,0,0.121,0.2,0.483,0.01,0.469,0.001,0,0.032,0.172,0.078,0.344,0.003,0.001,0.335,5.5,0.846,0.962,0.884,0.949,0.98,N/A,N/A,0.99,N/A,N/A
,,,15K107,P.S. 107 John W. Kimball,Elementary,498,0.68,0.79,Excellent,Excellent,Excellent,0.84,0.82,0.89,0.92,0.9,0.93,0.97,0.95,0.97,,,0.536,0.462,0.002,0.006,0.231,0.004,0.201,0.002,0.106,0.002,0.07,0.066,0.024,0.118,0,0,0.681,N<5,N<5,N<5,0,0,0.75,0.2,0.086,0.014,0.147,0,0,0.648,0.172,0.078,0.344,0.003,0.001,0.335,3.2,0.85,0.944,0.881,0.96,1,0,0,0.97,0,0.03
,,,15K118,The Maurice Sendak Community School,Elementary,207,0.61,0.76,Excellent,Excellent,Excellent,0.91,,0.91,0.9,0.98,0.98,0.97,0.97,0.95,,,0.483,0.517,0,0.097,0.266,0.058,0.14,0,0.194,0.063,0.155,0.092,0.034,0.208,0,0,0.594,N<5,0,N<5,0,0,0.8,0.4,0.107,0.066,0.21,0.007,0,0.505,0.172,0.078,0.344,0.003,0.001,0.335,0.6,0.933,0.943,0.857,0.962,0.95,N/A,N/A,0.98,N/A,N/A
,,,15K124,P.S. 124 Silas B. Dutcher,Elementary,277,0.38,0.29,Fair,Fair,Good,0.66,,0.56,0.66,0.81,0.65,0.95,0.91,0.92,,,0.484,0.516,0,0.347,0.282,0.014,0.13,0.126,0.874,0.632,0.809,0.025,0.191,0.643,0.011,0,0.094,N<5,N<5,0.371,0,0,0.4,0.2,0.064,0.189,0.401,0.005,0,0.263,0.172,0.078,0.344,0.003,0.001,0.335,0.4,0.714,0.882,0.502,0.95,0.81,N/A,N/A,0.98,N/A,N/A
,,,15K130,P.S. 130 The Parkside,Elementary,793,0.42,0.57,Fair,Excellent,Excellent,0.86,0.9,0.89,0.91,0.92,0.9,0.97,0.93,0.97,,,0.492,0.507,0.001,0.043,0.216,0.019,0.156,0.001,0.33,0.032,0.277,0.126,0.055,0.188,0.011,0.003,0.559,0.115,0.098,0.098,0,0,0.672,0.3,0.166,0.034,0.204,0.007,0.003,0.527,0.172,0.078,0.344,0.003,0.001,0.335,0.8,0.853,0.936,0.816,0.949,0.98,N/A,N/A,0.98,0,0.02
,,,15K131,P.S. 131 Brooklyn,Elementary,496,0.58,0.55,Good,Fair,Excellent,0.74,0.73,0.69,0.65,0.67,0.69,0.96,0.91,0.97,,,0.49,0.51,0,0.315,0.256,0.008,0.133,0.101,0.89,0.107,0.831,0.363,0.008,0.546,0.006,0,0.071,0.151,N<5,0.264,0,0,0.509,0.2,0.286,0.038,0.57,0.007,0,0.084,0.172,0.078,0.344,0.003,0.001,0.335,5.8,0.679,0.943,0.811,0.966,0.99,N/A,N/A,1,0,0
,,,15K136,I.S. 136 Charles O. Dewey,Middle,522,0.38,0.32,Fair,Good,Good,0.75,0.9,0.68,0.76,0.67,0.78,0.91,0.82,0.92,2.44,2.33,0.554,0.444,0.002,0.362,0.222,0.002,0.172,0.038,0.863,0.161,0.791,0.065,0.025,0.83,0.002,0,0.063,0.088,N<5,0.281,0,N<5,0.544,0.6,0.172,0.017,0.717,0.002,0.001,0.078,0.109,0.1,0.431,0.003,0.003,0.303,1.1,0.667,0.918,0.702,0.952,0.97,N/A,N/A,0.99,N/A,N/A
,,,15K146,"The Brooklyn New School, P.S. 146",Elementary,593,,,,Good,Excellent,0.92,,0.78,0.92,0.92,0.93,0.98,0.99,0.97,,,0.45,0.546,0.003,0.046,0.305,0.015,0.211,0.02,0.384,0.017,0.315,0.04,0.15,0.223,0.002,0.002,0.427,N<5,0.127,0.291,0,0,0.491,2.1,0.081,0.145,0.253,0.004,0.002,0.428,0.172,0.078,0.344,0.003,0.001,0.335,3.2,0.891,0.919,0.752,0.954,0.99,N/A,N/A,0.95,0,0.05
,,,15K154,The Windsor Terrace School,Elementary,426,0.59,0.72,Excellent,Good,Excellent,0.87,0.6,0.81,0.83,0.88,0.9,0.97,0.97,0.94,,,0.491,0.509,0,0.028,0.218,0.016,0.143,0.007,0.169,0.009,0.117,0.07,0.042,0.141,0,0,0.669,N<5,N<5,N<5,0,0,0.71,0.3,0.095,0.037,0.11,0,0,0.655,0.172,0.078,0.344,0.003,0.001,0.335,0.1,0.871,0.948,0.877,0.966,0.97,N/A,N/A,0.99,N/A,N/A
,,,15K169,P.S. 169 Sunset Park,Elementary,840,0.46,0.51,Fair,Good,Excellent,0.81,0.89,0.74,0.87,0.83,0.82,0.97,0.9,0.98,,,0.474,0.526,0,0.518,0.198,0.005,0.115,0.056,0.919,0.2,0.857,0.596,0.002,0.358,0.004,0.001,0.031,0.263,N<5,0.305,0,0,0.337,0.2,0.549,0.004,0.333,0.003,0.001,0.089,0.172,0.078,0.344,0.003,0.001,0.335,3.3,0.926,0.944,0.797,0.959,0.95,0.05,0,0.99,N/A,N/A
,,,15K172,P.S. 172 Beacon School of Excellence,Elementary,409,0.88,0.91,Excellent,Excellent,Excellent,0.81,1,0.66,0.92,0.9,0.94,0.99,0.98,0.99,,,0.511,0.489,0,0.196,0.306,0.002,0.264,0.012,0.681,0.068,0.604,0.083,0.066,0.643,0.007,0,0.176,N<5,N<5,0.122,0,0,0.796,0.4,0.043,0.031,0.594,0,0.003,0.298,0.172,0.078,0.344,0.003,0.001,0.335,6.1,0.776,0.929,0.765,0.959,0.99,N/A,N/A,1,N/A,N/A
,,,15K230,P.S. 230 Doris L. Cohen,Elementary,838,0.52,0.59,Good,Good,Excellent,0.86,0.69,0.9,0.88,0.92,0.93,0.98,0.95,0.97,,,0.504,0.495,0.001,0.285,0.216,0.002,0.141,0.043,0.777,0.118,0.742,0.482,0.021,0.356,0.002,0.001,0.119,0.073,N<5,0.22,0,0,0.659,0.3,0.369,0.035,0.247,0.006,0.001,0.306,0.172,0.078,0.344,0.003,0.001,0.335,10,0.842,0.926,0.741,0.964,0.99,N/A,N/A,0.95,0,0.05
,,,15K261,P.S. 261 Zipporiah Mills,Elementary,555,0.38,0.53,Fair,Fair,Good,0.74,,0.56,0.63,0.55,0.58,0.94,0.96,0.92,,,0.546,0.452,0.002,0.04,0.229,0.007,0.171,0.022,0.339,0.032,0.286,0.054,0.162,0.195,0.004,0,0.49,N<5,0.174,0.13,N<5,N<5,0.652,0.3,0.072,0.179,0.221,0.006,0.003,0.426,0.172,0.078,0.344,0.003,0.001,0.335,5,0.87,0.929,0.783,0.949,0.96,N/A,N/A,0.98,N/A,N/A
,,,15K295,P.S. 295,Elementary,186,0.54,0.57,Good,Fair,Good,0.75,,0.78,0.54,0.71,0.47,0.96,0.98,0.91,,,0.5,0.5,0,0.167,0.349,0.027,0.263,0.011,0.546,0.102,0.484,0.054,0.054,0.473,0.005,0,0.349,N<5,N<5,N<5,0,0,0.692,0.4,0.097,0.052,0.253,0.003,0.001,0.487,0.172,0.078,0.344,0.003,0.001,0.335,0.2,0.962,0.904,0.687,0.961,0.96,N/A,N/A,1,0,0
,,,15K321,P.S. 321 William Penn,Elementary,1240,0.69,0.82,Excellent,Excellent,Excellent,0.9,0.64,0.89,0.94,0.93,0.92,0.98,0.98,0.98,,,0.513,0.487,0,0.016,0.194,0.012,0.143,0.001,0.075,0.003,0.048,0.087,0.024,0.103,0.004,0,0.649,N<5,0.071,0.106,0,0,0.765,0.2,0.079,0.024,0.106,0.003,0,0.676,0.172,0.078,0.344,0.003,0.001,0.335,25.2,0.918,0.951,0.912,0.96,1,0,0,0.98,0,0.02
,,,15K418,The Children's School,Elementary,230,0.37,0.58,Fair,Good,Excellent,0.78,,0.76,0.69,0.87,0.75,0.95,0.96,0.95,,,0.474,0.526,0,0.104,0.126,0,0.074,0,0.282,0.1,0.204,0.135,0.035,0.196,0.009,0.004,0.517,N<5,N<5,N<5,N<5,N<5,N<5,0.7,0.081,0.106,0.199,0.005,0.001,0.52,0.172,0.078,0.344,0.003,0.001,0.335,,0.852,0.931,0.82,0.983,N/A,N/A,N/A,1,0,0
,,,15K442,M.S. 442 Carroll Gardens School for Innovation,Middle,339,0.54,0.76,Excellent,Excellent,Good,0.79,0.89,0.73,0.93,0.71,0.92,0.93,0.88,0.97,3.28,3.26,0.366,0.631,0.003,0.021,0.307,0.003,0.277,0.003,0.412,0.038,0.363,0.097,0.053,0.295,0.003,0.003,0.472,N<5,N<5,N<5,0,0,0.81,1,0.117,0.056,0.291,0.004,0.003,0.465,0.109,0.1,0.431,0.003,0.003,0.303,9,0.786,0.945,0.855,0.963,0.99,N/A,N/A,0.98,N/A,N/A
,,,15K443,New Voices School of Academic & Creative Arts,Middle,514,0.68,0.87,Excellent,Excellent,Good,0.82,0.87,0.71,0.91,0.68,0.9,0.94,0.92,0.93,3.19,3.15,0.609,0.387,0.004,0.066,0.237,0.021,0.198,0.002,0.446,0.047,0.403,0.08,0.051,0.403,0.002,0,0.42,N<5,N<5,N<5,0,0,0.769,1.2,0.108,0.04,0.36,0.003,0.003,0.423,0.109,0.1,0.431,0.003,0.003,0.303,20,0.897,0.936,0.798,0.967,1,0,0,0.99,N/A,N/A
,,,15K447,The Math & Science Exploratory School,Middle,524,0.51,0.73,Excellent,Good,Good,0.71,0.79,0.63,0.79,0.64,0.74,0.87,0.87,0.91,3.23,3.25,0.448,0.548,0.004,0.032,0.284,0.015,0.24,0.002,0.427,0.038,0.382,0.122,0.124,0.235,0.004,0.006,0.439,0.086,0.155,0.086,0,0,0.586,1.1,0.055,0.247,0.224,0.005,0.002,0.394,0.109,0.1,0.431,0.003,0.003,0.303,10.1,0.81,0.945,0.87,0.959,0.99,N/A,N/A,0.99,N/A,N/A
,,,15K448,Brooklyn Collaborative Studies,Middle,256,0.29,0.56,Fair,Fair,Good,0.75,0.75,0.63,0.86,0.69,0.87,0.95,0.85,0.94,3.11,2.92,0.492,0.508,0,0.047,0.309,0.012,0.27,0.004,0.46,0.09,0.576,0.027,0.207,0.27,0,0.004,0.434,N<5,0.254,0.085,0,0,0.576,0.9,0.04,0.184,0.29,0.002,0.004,0.407,0.109,0.1,0.431,0.003,0.003,0.303,10.1,0.848,0.888,0.65,0.948,0.97,N/A,N/A,0.95,0,0.05
,,,15K464,Park Slope Collegiate,Middle,144,0.44,0.58,Good,Fair,,0.76,0.76,0.72,0.8,0.7,0.7,,,,3,2.86,0.583,0.417,0,0.056,0.271,0,0.229,0.028,0.513,0.124,0.623,0.021,0.229,0.333,0,0.014,0.292,N<5,0.218,0.218,N<5,0,0.455,1.3,0.053,0.239,0.228,0.003,0.004,0.406,0.109,0.1,0.431,0.003,0.003,0.303,5.1,0.836,0.876,0.633,0.953,0.93,N/A,N/A,0.8,0,0.2
,,,15K497,The Boerum Hill School for International Studies,Middle,448,0.43,0.66,Good,Good,Needs Improvement,0.73,0.74,0.67,0.54,0.67,0.69,0.84,0.79,0.79,3.33,3.17,0.529,0.467,0.004,0.049,0.214,0.013,0.185,0,0.404,0.07,0.4,0.022,0.192,0.266,0,0,0.455,N<5,0.2,0.143,0,0,0.557,1.1,0.057,0.225,0.261,0.006,0.003,0.377,0.109,0.1,0.431,0.003,0.003,0.303,2.9,0.671,0.925,0.788,0.951,0.95,0.05,0,0.97,N/A,N/A
,,,15K516,Sunset Park Avenues Elementary School,Elementary,308,0.41,0.36,Fair,Fair,Good,0.77,0.56,0.72,0.7,0.71,0.65,0.91,0.93,0.95,,,0.513,0.487,0,0.386,0.273,0.023,0.127,0.065,0.804,0.179,0.685,0.049,0.013,0.792,0,0.003,0.127,0.147,N<5,0.5,N<5,N<5,0.294,0.2,0.042,0.018,0.831,0,0,0.093,0.172,0.078,0.344,0.003,0.001,0.335,5.6,0.853,0.916,0.667,0.95,0.98,N/A,N/A,0.99,N/A,N/A
,,,15K676,Red Hook Neighborhood School,K-8,118,0.64,0.43,Fair,Good,Good,0.82,0.78,0.77,0.76,0.85,0.7,0.98,0.92,0.92,,,0.458,0.542,0,0.102,0.483,0,0.449,0.008,0.662,0.186,0.627,0.025,0.288,0.347,0,0,0.297,0,N<5,N<5,0,0,0.667,0.3,0.024,0.363,0.44,0.006,0.001,0.137,0.146,0.093,0.371,0.003,0.001,0.324,6.8,0.733,0.908,0.68,0.974,0.98,N/A,N/A,0.98,N/A,N/A
,,,15K821,Sunset Park Prep,Middle,439,0.52,0.44,Good,Fair,Good,0.66,0.86,0.52,0.69,0.6,0.62,0.91,0.88,0.98,2.42,2.43,0.485,0.515,0,0.323,0.292,0.021,0.205,0.059,0.878,0.146,0.827,0.071,0.009,0.85,0.002,0,0.055,0.143,N<5,0.306,N<5,N<5,0.51,0.5,0.13,0.021,0.747,0.002,0.001,0.084,0.109,0.1,0.431,0.003,0.003,0.303,11.1,0.837,0.906,0.655,0.957,0.96,N/A,N/A,0.96,0,0.04
,,,15K839,M.S. 839,Middle,306,0.4,0.56,Good,Excellent,Good,0.83,0.92,0.7,0.92,0.72,0.94,0.93,0.89,0.93,3.04,2.98,0.51,0.49,0,0.049,0.304,0.003,0.281,0.007,0.444,0.052,0.405,0.134,0.056,0.288,0,0.007,0.441,0.172,0.172,N<5,0,0,0.517,0.8,0.208,0.219,0.283,0.006,0.002,0.247,0.109,0.1,0.431,0.003,0.003,0.303,9.2,0.931,0.932,0.766,0.946,0.98,N/A,N/A,0.96,N/A,N/A
,,,15K896,The School of Creativity and Innovation,Elementary,240,0.6,0.55,Good,Good,Excellent,0.81,,0.71,0.88,0.88,0.86,0.96,0.96,0.97,,,0.442,0.558,0,0.563,0.3,0,0.121,0.15,0.842,0.088,0.779,0.442,0.004,0.454,0.004,0,0.071,0.429,N<5,0.286,0,0,0.179,0.3,0.683,0.002,0.272,0.002,0.001,0.035,0.172,0.078,0.344,0.003,0.001,0.335,6.2,0.429,0.944,0.825,0.974,0.92,N/A,N/A,0.93,N/A,N/A
,,,16K005,P.S. 005 Dr. Ronald McNair,Elementary,174,0.66,0.61,Excellent,,,,,,,,,,,,,,0.494,0.506,0,0.08,0.379,0.086,0.126,0.132,0.886,0.236,0.845,0.017,0.707,0.19,0.006,0,0.046,N<5,0.667,0.185,0,0,N<5,0.3,0.011,0.579,0.271,0.008,0.008,0.084,0.011,0.617,0.281,0.009,0.008,0.05,22.9,0.667,0.874,0.537,0.933,0.88,N/A,N/A,0.99,N/A,N/A
,,,16K021,P.S. 021 Crispus Attucks,Elementary,380,0.64,0.59,Good,Fair,Excellent,0.78,1,0.78,0.82,0.75,0.84,0.93,0.97,0.96,,,0.529,0.471,0,0.047,0.242,0.029,0.145,0.042,0.852,0.158,0.784,0,0.839,0.137,0.005,0,0.011,N<5,0.744,N<5,0,0,N<5,0.4,0.012,0.68,0.188,0.011,0.008,0.073,0.011,0.617,0.281,0.009,0.008,0.05,3,0.744,0.888,0.545,0.957,1,0,0,0.97,N/A,N/A
,,,16K025,P.S. 025 Eubie Blake School,Elementary,55,0.49,0.42,Fair,Good,Good,0.83,,0.81,0.93,0.87,0.92,0.96,0.9,0.96,,,0.491,0.509,0,0.418,0.164,0.055,0.018,0.091,0.882,0.345,0.818,0.018,0.382,0.491,0,0.018,0.073,N<5,0.667,N<5,N<5,N<5,N<5,0.2,0.014,0.541,0.353,0.009,0.003,0.048,0.011,0.617,0.281,0.009,0.008,0.05,0.2,0.667,0.823,0.363,0.972,N/A,0,N/A,0.75,N/A,N/A
,,,16K026,P.S. 026 Jesse Owens,Elementary,187,0.56,0.48,Good,Fair,Good,0.73,0.73,0.68,0.78,0.76,0.84,0.95,0.95,0.94,,,0.492,0.508,0,0.31,0.246,0.053,0.118,0.021,0.876,0.326,0.733,0.005,0.513,0.39,0.011,0,0.075,N<5,0.5,N<5,0,0,0.219,0.2,0.02,0.421,0.433,0.005,0.002,0.096,0.011,0.617,0.281,0.009,0.008,0.05,2.1,0.656,0.871,0.48,0.975,0.97,N/A,N/A,0.97,N/A,N/A
,,,16K035,M.S. 035 Stephen Decatur,Middle,179,0.76,0.62,Excellent,Excellent,Excellent,0.89,0.98,0.9,0.96,0.9,0.95,0.98,0.94,0.99,2.42,2.26,0.564,0.436,0,0.022,0.335,0.039,0.19,0.089,0.896,0.207,0.849,0.006,0.827,0.134,0.006,0.006,0.022,N<5,0.611,N<5,N<5,N<5,0.333,0.5,0.035,0.688,0.188,0.011,0.005,0.046,0.011,0.604,0.322,0.011,0.006,0.032,20.2,0.944,0.899,0.61,0.97,0.98,N/A,N/A,0.85,0,0.15
,,,16K040,P.S. 040 George W. Carver,Elementary,388,0.68,0.61,Excellent,Excellent,Excellent,0.87,0.93,0.83,0.91,0.86,0.91,0.98,0.96,1,,,0.5,0.5,0,0.119,0.263,0.041,0.067,0.137,0.904,0.211,0.832,0.003,0.675,0.227,0.005,0.041,0.028,N<5,0.707,0.122,0,0,0.122,0.3,0.011,0.675,0.206,0.008,0.015,0.063,0.011,0.617,0.281,0.009,0.008,0.05,9.1,0.781,0.916,0.72,0.954,0.98,N/A,N/A,0.97,0,0.03
,,,16K057,Whitelaw Reid Academy of Arts and Business,Middle,88,0.46,0.34,Fair,Good,Good,0.76,0.96,0.65,0.97,0.78,0.94,0.94,0.9,0.93,2.16,2.05,0.545,0.455,0,0.182,0.341,0.023,0.239,0.068,> 95%,0.341,0.92,0.045,0.58,0.341,0,0.011,0.023,N<5,0.818,N<5,N<5,N<5,N<5,0.6,0.021,0.424,0.49,0.013,0.003,0.032,0.011,0.604,0.322,0.011,0.006,0.032,1.1,0.636,0.853,0.514,0.929,0.9,N/A,N/A,0.91,N/A,N/A
,,,16K081,P.S. 081 Thaddeus Stevens,Elementary,196,0.29,0.21,Fair,Needs Improvement,Fair,0.74,0.62,0.37,0.62,0.71,0.64,0.93,0.84,0.91,,,0.52,0.48,0,0.265,0.301,0.026,0.097,0.153,0.947,0.398,0.867,0.015,0.398,0.51,0.01,0.005,0.051,0,0.615,N<5,0,0,0.231,0.2,0.023,0.455,0.432,0.009,0.004,0.055,0.011,0.617,0.281,0.009,0.008,0.05,1.1,0.577,0.861,0.423,0.962,0.94,N/A,N/A,0.91,0,0.09
,,,16K243,P.S. 243K- The Weeksville School,Elementary,141,0.26,0.19,Needs Improvement,Fair,Good,0.72,,0.49,0.78,0.63,0.65,0.92,0.9,0.92,,,0.539,0.461,0,0.085,0.27,0,0.184,0.064,> 95%,0.213,0.943,0.014,0.716,0.241,0.007,0.007,0.007,N<5,0.522,N<5,N<5,N<5,0.391,0.2,0.013,0.691,0.225,0.013,0.004,0.03,0.011,0.617,0.281,0.009,0.008,0.05,1.1,0.652,0.886,0.536,0.946,0.97,N/A,N/A,0.91,0,0.09
,,,16K262,P.S. 262 El Hajj Malik El Shabazz Elementary School,Elementary,120,0.59,0.56,Good,Good,Excellent,0.82,,0.84,0.96,0.86,0.94,0.99,0.98,1,,,0.475,0.525,0,0.017,0.283,0,0.225,0.05,0.937,0.133,0.917,0.008,0.817,0.125,0.008,0,0.033,0,0.706,N<5,0,0,N<5,0.3,0.016,0.672,0.133,0.01,0,0.115,0.011,0.617,0.281,0.009,0.008,0.05,3,0.706,0.907,0.645,0.973,0.93,N/A,N/A,0.97,N/A,N/A
,,,16K267,"M.S. 267 Math, Science & Technology",Middle,147,0.64,0.7,Excellent,Good,Good,0.9,0.92,0.77,0.97,0.86,0.98,0.94,0.93,0.91,2.75,2.58,0.503,0.497,0,0.048,0.279,0.048,0.204,0.007,0.857,0.204,0.782,0,0.694,0.245,0.027,0.007,0.014,N<5,0.667,N<5,0,0,0,0.6,0.023,0.531,0.359,0.012,0.006,0.047,0.011,0.604,0.322,0.011,0.006,0.032,17.9,0.8,0.889,0.569,0.962,0.94,N/A,N/A,0.77,0,0.23
,,,16K308,P.S. 308 Clara Cardwell,K-8,178,0.48,0.21,Fair,,Fair,,,,,,,0.91,0.89,0.87,,,0.444,0.556,0,0.09,0.382,0.017,0.152,0.174,0.934,0.258,0.882,0.006,0.702,0.225,0.011,0.011,0.028,N<5,0.654,N<5,0,0,N<5,0.3,0.011,0.649,0.238,0.019,0.001,0.056,0.013,0.628,0.297,0.01,0.006,0.031,0.2,0.808,0.886,0.524,0.956,0.76,N/A,N/A,0.96,N/A,N/A
,,,16K309,P.S. 309 The George E. Wibecan Preparatory Academy,Elementary,155,0.41,0.37,Fair,Good,Excellent,0.96,1,0.73,0.94,0.98,0.97,0.99,0.97,0.98,,,0.458,0.542,0,0.323,0.277,0.006,0.161,0.097,0.928,0.329,0.813,0.026,0.458,0.497,0,0,0.006,0,0.7,N<5,0,0,N<5,0.3,0.029,0.458,0.375,0.008,0.006,0.084,0.011,0.617,0.281,0.009,0.008,0.05,2,0.8,0.864,0.429,0.92,0.98,N/A,N/A,0.67,0,0.33
,,,16K335,P.S. 335 Granville T. Woods,Elementary,122,0.56,0.45,Good,Fair,Good,0.79,1,0.66,0.86,0.7,0.81,0.99,0.69,1,,,0.508,0.492,0,0.041,0.32,0.008,0.098,0.213,> 95%,0.172,> 95%,0.008,0.754,0.197,0.008,0,0.008,N<5,0.722,N<5,0,0,N<5,0.2,0.014,0.726,0.202,0.021,0.01,0.012,0.011,0.617,0.281,0.009,0.008,0.05,1.1,0.778,0.847,0.395,0.946,0.89,N/A,N/A,0.83,0,0.17
,,,16K627,Brighter Choice Community School,Elementary,202,0.35,0.32,Fair,Needs Improvement,Good,0.74,,0.53,0.45,0.67,0.63,0.95,0.98,0.79,,,0.52,0.475,0.005,0.149,0.218,0.079,0.069,0.05,0.819,0.262,0.733,0.01,0.426,0.426,0.015,0,0.084,N<5,0.36,0.36,0,0,N<5,0.2,0.014,0.522,0.402,0.006,0.005,0.031,0.011,0.617,0.281,0.009,0.008,0.05,0.2,0.76,0.884,0.516,0.99,0.91,N/A,N/A,0.85,0,0.15
,,,16K628,Brooklyn Brownstone School,Elementary,281,0.63,0.66,Excellent,Excellent,Good,0.87,,0.81,0.89,0.92,0.91,0.96,0.95,0.94,,,0.52,0.48,0,0.004,0.16,0.004,0.117,0.011,0.543,0.053,0.402,0.025,0.605,0.096,0.021,0.007,0.185,N<5,0.462,N<5,0,0,0.385,0.6,0.027,0.627,0.19,0.016,0.005,0.091,0.011,0.617,0.281,0.009,0.008,0.05,6.2,0.769,0.923,0.761,0.959,0.97,N/A,N/A,0.98,N/A,N/A
,,,16K681,Madiba Prep Middle School,Middle,213,0.47,0.38,Fair,,,,,,,,,,,,2.57,2.21,0.479,0.521,0,0.319,0.225,0.005,0.108,0.099,0.92,0.404,0.808,0.005,0.474,0.451,0.009,0.014,0.028,N<5,0.742,N<5,0,0,N<5,0.6,0.021,0.418,0.494,0.013,0.004,0.031,0.011,0.604,0.322,0.011,0.006,0.032,8.1,0.677,0.889,0.559,0.951,0.96,N/A,N/A,0.88,0,0.12
,,,16K898,The Brooklyn Green School,Middle,197,0.49,0.49,Good,Good,Excellent,0.92,0.98,0.81,0.96,0.87,0.97,0.96,0.91,0.95,2.79,2.43,0.553,0.447,0,0.046,0.33,0.025,0.188,0.096,0.775,0.142,0.695,0.005,0.64,0.213,0.025,0.015,0.071,N<5,0.545,N<5,0,0,N<5,0.6,0.014,0.743,0.195,0.011,0.008,0.015,0.011,0.604,0.322,0.011,0.006,0.032,6.2,0.682,0.908,0.618,0.965,0.97,N/A,N/A,0.93,0,0.07
,,,17K002,Parkside Preparatory Academy,Middle,276,0.51,0.4,Good,Fair,Fair,0.77,0.91,0.55,0.81,0.68,0.85,0.91,0.84,0.89,2.42,2.19,0.536,0.464,0,0.178,0.246,0.036,0.094,0.101,0.87,0.243,0.833,0.051,0.678,0.199,0.004,0,0.054,N<5,0.667,0,0,0,N<5,0.4,0.017,0.706,0.157,0.021,0.004,0.059,0.015,0.737,0.188,0.018,0.005,0.025,4.1,0.792,0.899,0.646,0.931,0.95,N/A,N/A,0.97,N/A,N/A
,,,17K006,Norma Adams Clemons Academy,Elementary,489,0.4,0.3,Fair,,,,,,,,,,,,,,0.485,0.515,0,0.256,0.235,0.014,0.131,0.072,0.907,0.2,0.871,0.014,0.632,0.294,0.014,0,0.037,N<5,0.768,N<5,0,0,0.107,0.4,0.021,0.597,0.295,0.013,0.003,0.043,0.021,0.649,0.215,0.012,0.007,0.062,9.2,0.768,0.881,0.495,0.962,0.97,N/A,N/A,0.99,N/A,N/A
,,,17K012,Dr. Jacqueline Peek-Davis School,Elementary,163,0.44,0.43,Fair,Good,Good,0.8,,0.82,0.89,0.97,0.86,0.94,0.92,0.96,,,0.38,0.62,0,0.086,0.27,0.086,0,0.129,0.945,0.264,0.896,0.025,0.669,0.209,0.006,0,0.08,0,0.615,N<5,N<5,0,N<5,0.2,0.012,0.774,0.158,0.012,0,0.029,0.021,0.649,0.215,0.012,0.007,0.062,6.1,0.846,0.875,0.511,0.969,0.97,N/A,N/A,0.92,N/A,N/A
,,,17K061,M.S. 061 Dr. Gladstone H. Atwell,Middle,321,0.44,0.42,Fair,Fair,Excellent,0.79,0.89,0.56,0.88,0.69,0.86,0.99,0.97,0.99,2.69,2.39,0.467,0.533,0,0.059,0.268,0.053,0.134,0.062,0.86,0.196,0.804,0.006,0.801,0.134,0.025,0.006,0.016,N<5,0.774,N<5,N<5,N<5,0.161,0.7,0.014,0.742,0.14,0.014,0.007,0.055,0.015,0.737,0.188,0.018,0.005,0.025,1.4,0.903,0.871,0.444,0.942,0.99,N/A,N/A,0.99,N/A,N/A
,,,17K091,P.S. 091 The Albany Avenue School,Elementary,118,0.54,0.45,Good,Good,Excellent,0.78,1,0.92,0.79,0.79,0.85,0.98,0.92,0.97,,,0.475,0.525,0,0.186,0.331,0.017,0.203,0.085,0.938,0.11,0.924,0,0.737,0.237,0.008,0,0.008,N<5,0.45,N<5,0,0,N<5,0.3,0.006,0.84,0.097,0.022,0,0.028,0.021,0.649,0.215,0.012,0.007,0.062,14.2,0.75,0.904,0.598,0.951,0.88,N/A,N/A,0.99,N/A,N/A
,,,17K092,P.S. 092 Adrian Hegeman,Elementary,263,0.45,0.38,Fair,Fair,Good,0.78,1,0.79,0.84,0.69,0.88,0.94,0.88,0.92,,,0.487,0.513,0,0.198,0.221,0.015,0.076,0.11,0.888,0.198,0.837,0.038,0.65,0.175,0.03,0,0.087,0,0.724,N<5,0,0,N<5,0.3,0.029,0.639,0.158,0.017,0.001,0.107,0.021,0.649,0.215,0.012,0.007,0.062,9.2,0.897,0.892,0.547,0.961,0.98,N/A,N/A,1,0,0
,,,17K138,P.S. 138 Brooklyn,K-8,372,0.4,0.51,Good,,Good,,,,,,,0.94,0.88,0.96,,,0.489,0.511,0,0.145,0.242,0.016,0.129,0.081,0.819,0.202,0.761,0.016,0.68,0.194,0,0.003,0.086,N<5,0.705,0.114,N<5,N<5,0.159,0.4,0.02,0.581,0.202,0.005,0.004,0.135,0.014,0.716,0.186,0.014,0.006,0.04,1,0.955,0.876,0.519,0.966,1,0,0,0.98,N/A,N/A
,,,17K161,P.S. 161 The Crown,Elementary,288,0.48,0.42,Fair,Good,Good,0.89,1,0.93,0.93,0.92,0.92,0.95,0.93,0.92,,,0.49,0.51,0,0.177,0.274,0.083,0.108,0.049,0.911,0.313,0.861,0.003,0.67,0.226,0.007,0.066,0.028,N<5,0.692,N<5,0,0,N<5,0.3,0.008,0.661,0.208,0.016,0.028,0.06,0.021,0.649,0.215,0.012,0.007,0.062,13,0.923,0.901,0.558,0.964,0.97,N/A,N/A,0.94,N/A,N/A
,,,17K181,P.S. 181 Brooklyn,K-8,507,0.47,0.3,Fair,Fair,Good,0.73,0.88,0.49,0.84,0.64,0.79,0.93,0.83,0.93,,,0.462,0.538,0,0.158,0.213,0.03,0.079,0.077,0.847,0.152,0.805,0.012,0.795,0.112,0.024,0.008,0.036,N<5,0.7,0.12,0,0,N<5,0.2,0.008,0.791,0.12,0.01,0.007,0.028,0.014,0.716,0.186,0.014,0.006,0.04,9.2,0.84,0.905,0.647,0.952,0.99,N/A,N/A,0.94,0,0.06
,,,17K189,P.S. 189 The Bilingual Center,K-8,911,0.48,0.43,Good,Good,Good,0.82,0.92,0.6,0.89,0.69,0.93,0.96,0.87,0.96,,,0.499,0.501,0,0.193,0.17,0.03,0.058,0.065,0.873,0.229,0.804,0.009,0.672,0.258,0.009,0.01,0.033,0.081,0.622,0.162,0,0,0.108,0.5,0.007,0.762,0.182,0.012,0.005,0.016,0.014,0.716,0.186,0.014,0.006,0.04,1.2,0.73,0.903,0.618,0.969,0.99,N/A,N/A,0.98,0,0.02
,,,17K191,P.S. 191 Paul Robeson,Elementary,141,0.37,0.31,Fair,,,,,,,,,,,,,,0.489,0.511,0,0.014,0.383,0,0.156,0.199,0.934,0.333,0.894,0.007,0.787,0.177,0.007,0.007,0.007,N<5,0.632,N<5,0,0,N<5,0.2,0.008,0.723,0.221,0.012,0.008,0.017,0.021,0.649,0.215,0.012,0.007,0.062,1.6,0.947,0.873,0.464,0.954,0.92,N/A,N/A,0.97,N/A,N/A
,,,17K221,P.S. 221 Toussaint L'Ouverture,Elementary,132,0.52,0.46,Fair,Good,Good,0.86,,0.77,0.8,0.93,0.83,0.96,0.95,0.93,,,0.576,0.424,0,0.083,0.303,0,0.174,0.091,0.904,0.227,0.886,0.023,0.788,0.152,0.015,0,0.015,N<5,0.765,0,0,0,N<5,0.3,0.011,0.782,0.142,0.014,0,0.028,0.021,0.649,0.215,0.012,0.007,0.062,6.1,0.824,0.898,0.593,0.966,0.94,N/A,N/A,0.9,0,0.1
,,,17K241,P.S. 241 Emma L. Johnston,Elementary,302,0.7,0.66,Excellent,Good,Excellent,0.91,,0.9,0.92,0.9,0.94,0.98,0.94,0.99,,,0.546,0.454,0,0.083,0.172,0.02,0.086,0.04,0.817,0.222,0.719,0.007,0.762,0.109,0,0,0.07,N<5,0.704,N<5,0,0,0.222,0.4,0.026,0.629,0.166,0.006,0.004,0.125,0.021,0.649,0.215,0.012,0.007,0.062,3.5,1,0.901,0.634,0.958,1,0,0,0.91,0,0.09
,,,17K246,M.S. 246 Walt Whitman,Middle,351,0.46,0.33,Fair,Fair,Good,0.71,0.9,0.56,0.72,0.67,0.67,0.93,0.81,0.93,2.4,2.25,0.487,0.513,0,0.342,0.211,0.011,0.091,0.071,0.881,0.311,0.783,0.02,0.595,0.325,0.011,0.003,0.04,N<5,0.667,N<5,0,0,N<5,0.4,0.011,0.703,0.217,0.014,0.005,0.033,0.015,0.737,0.188,0.018,0.005,0.025,1.6,0.833,0.885,0.646,0.953,0.89,0.11,0,0.95,N/A,N/A
,,,17K249,P.S. 249 The Caton,Elementary,674,0.79,0.72,Excellent,Good,Excellent,0.88,0.71,0.79,0.86,0.87,0.9,0.98,0.94,0.97,,,0.497,0.503,0,0.218,0.215,0.061,0.062,0.047,0.823,0.107,0.786,0.059,0.395,0.46,0.016,0.003,0.055,N<5,0.193,0.316,0,0,0.386,0.3,0.069,0.388,0.365,0.012,0.002,0.12,0.021,0.649,0.215,0.012,0.007,0.062,,0.649,0.939,0.81,0.968,0.93,N/A,N/A,0.9,0,0.1
,,,17K289,P.S. 289 George V. Brower,Elementary,247,0.57,0.48,Good,Good,Good,0.85,,0.87,0.82,0.86,0.87,0.93,0.91,0.94,,,0.433,0.567,0,0.138,0.397,0.057,0.178,0.13,0.929,0.328,0.858,0.024,0.668,0.215,0.02,0.004,0.028,N<5,0.656,N<5,0,0,0.188,0.3,0.014,0.649,0.196,0.009,0.005,0.078,0.021,0.649,0.215,0.012,0.007,0.062,8,0.844,0.875,0.521,0.948,1,0,0,0.99,N/A,N/A
,,,17K316,P.S. 316 Elijah Stroud,Elementary,522,0.67,0.69,Excellent,Fair,Good,0.8,,0.82,0.58,0.72,0.72,0.93,0.96,0.94,,,0.51,0.49,0,0.033,0.149,0.013,0.098,0.008,0.569,0.065,0.483,0.019,0.529,0.174,0.01,0.008,0.182,0.143,0.286,0.184,0,0,0.388,0.9,0.054,0.416,0.158,0.006,0.005,0.296,0.021,0.649,0.215,0.012,0.007,0.062,0.6,0.714,0.913,0.689,0.965,0.97,N/A,N/A,0.94,0,0.06
,,,17K340,I.S. 340,Middle,140,0.43,0.45,Fair,Excellent,Excellent,0.77,0.94,0.69,0.75,0.74,0.87,0.98,0.93,0.98,2.74,2.53,0.407,0.593,0,0.079,0.35,0.057,0.193,0.079,0.818,0.179,0.743,0.014,0.55,0.371,0.021,0.007,0.029,0,0.571,N<5,N<5,0,N<5,1.5,0.047,0.37,0.228,0.006,0.004,0.29,0.015,0.737,0.188,0.018,0.005,0.025,6.7,0.929,0.913,0.704,0.989,1,0,0,0.95,N/A,N/A
,,,17K352,Ebbets Field Middle School,Middle,141,0.54,0.43,Good,Excellent,Excellent,0.83,0.95,0.7,0.92,0.8,0.91,0.98,0.97,0.99,2.62,2.16,0.482,0.518,0,0.142,0.348,0.028,0.156,0.135,0.887,0.255,0.851,0,0.745,0.184,0.014,0.021,0.007,0,0.524,N<5,0,0,0.238,0.6,0.018,0.698,0.171,0.012,0.006,0.067,0.015,0.737,0.188,0.018,0.005,0.025,2,0.381,0.906,0.685,0.954,0.98,N/A,N/A,0.96,N/A,N/A
,,,17K353,Elijah Stroud Middle School,Middle,118,0.42,0.38,Fair,Good,Excellent,0.79,0.9,0.62,0.92,0.79,0.9,0.98,0.92,0.97,2.51,2.27,0.407,0.593,0,0.059,0.331,0.017,0.22,0.068,0.849,0.212,0.805,0.025,0.619,0.322,0.008,0,0.008,0,0.667,0,0,0,N<5,0.6,0.048,0.473,0.22,0.007,0.006,0.202,0.015,0.737,0.188,0.018,0.005,0.025,12,0.833,0.863,0.522,0.972,1,0,0,1,0,0
,,,17K354,The School of Integrated Learning,Middle,220,0.72,0.65,Excellent,Good,Excellent,0.91,0.95,0.74,0.96,0.82,0.97,0.99,0.95,0.99,2.84,2.56,0.45,0.55,0,0.059,0.341,0.05,0.186,0.095,0.864,0.218,0.8,0.009,0.805,0.141,0.005,0.005,0.014,N<5,0.619,N<5,N<5,0,N<5,0.6,0.017,0.741,0.169,0.009,0.007,0.034,0.015,0.737,0.188,0.018,0.005,0.025,19.2,0.857,0.901,0.602,0.983,1,0,0,0.92,0,0.08
,,,17K375,P.S. 375 Jackie Robinson School,Elementary,190,0.48,0.41,Fair,Needs Improvement,Good,0.65,,0.44,0.53,0.58,0.56,0.93,0.9,0.95,,,0.5,0.5,0,0.221,0.342,0.016,0.089,0.184,0.931,0.274,0.889,0.037,0.695,0.195,0.016,0.021,0.021,N<5,0.406,N<5,0,0,0.313,0.5,0.02,0.639,0.168,0.007,0.011,0.113,0.021,0.649,0.215,0.012,0.007,0.062,5,0.688,0.881,0.561,0.951,0.96,N/A,N/A,0.91,N/A,N/A
,,,17K382,Academy for College Preparation and Career Exploration: A College Board School,Middle,147,0.49,0.44,Good,Excellent,Excellent,0.79,0.9,0.66,0.95,0.74,0.91,0.99,0.99,1,2.55,2.33,0.544,0.456,0,0.129,0.245,0,0.211,0.014,0.876,0.235,0.779,0.007,0.626,0.32,0.014,0,0.034,N<5,0.692,N<5,0,0,0.192,0.4,0.013,0.599,0.317,0.009,0.003,0.043,0.015,0.737,0.188,0.018,0.005,0.025,7.6,0.769,0.958,0.916,0.95,0.93,N/A,N/A,0.97,N/A,N/A
,,,17K394,M.S. K394,K-8,203,0.47,0.25,Fair,Good,Excellent,0.8,0.92,0.57,0.87,0.71,0.96,0.99,0.97,0.96,,,0.483,0.517,0,0.118,0.143,0.054,0.039,0.039,0.898,0.246,0.833,0.015,0.685,0.276,0,0.02,0,0,0.571,N<5,0,0,N<5,0.2,0.008,0.762,0.174,0.013,0.012,0.018,0.014,0.716,0.186,0.014,0.006,0.04,6.8,0.81,0.869,0.552,0.947,0.92,N/A,N/A,0.86,N/A,N/A
,,,17K397,P.S. 397 Foster-Laurie,Elementary,160,0.75,0.68,Excellent,Excellent,Excellent,0.98,,1,0.95,1,0.97,1,0.99,0.99,,,0.506,0.494,0,0.106,0.275,0,0.144,0.1,0.8,0.138,0.75,0.05,0.706,0.163,0.019,0,0.044,N<5,0.6,N<5,0,0,N<5,0.4,0.027,0.652,0.162,0.017,0.002,0.081,0.021,0.649,0.215,0.012,0.007,0.062,8.9,0.467,0.905,0.641,0.965,0.97,N/A,N/A,0.82,0,0.18
,,,17K398,P.S. 398 Walter Weaver,Elementary,215,0.35,0.23,Fair,Good,Good,0.91,,0.9,0.92,0.94,0.87,0.96,0.89,0.96,,,0.502,0.498,0,0.167,0.302,0,0.102,0.172,0.947,0.493,0.902,0,0.712,0.223,0.014,0.014,0.028,N<5,0.536,N<5,0,0,0.286,0.3,0.007,0.783,0.148,0.013,0.003,0.023,0.021,0.649,0.215,0.012,0.007,0.062,5.1,0.429,0.888,0.527,0.965,0.98,N/A,N/A,0.97,N/A,N/A
,,,17K399,P.S. 399 Stanley Eugene Clark,Elementary,145,0.26,0.26,Fair,Fair,Excellent,0.87,,0.85,0.71,0.79,0.87,0.96,0.94,0.96,,,0.51,0.49,0,0.324,0.11,0.028,0.041,0.034,0.88,0.372,0.807,0.021,0.579,0.366,0.007,0,0.007,N<5,0.923,N<5,N<5,N<5,N<5,0.2,0.01,0.653,0.289,0.004,0,0.017,0.021,0.649,0.215,0.012,0.007,0.062,1.4,0.923,0.873,0.545,0.951,0.67,N/A,N/A,0.81,0,0.19
,,,17K484,Ronald Edmonds Learning Center II,Middle,111,0.69,0.56,Excellent,Excellent,Excellent,0.92,0.98,0.89,0.95,0.91,0.99,0.99,0.98,0.99,2.52,2.09,0.55,0.45,0,0.036,0.387,0,0.153,0.207,0.915,0.216,0.847,0,0.829,0.144,0,0.018,0,N<5,0.929,N<5,N<5,N<5,N<5,0.2,0.012,0.787,0.178,0.006,0.009,0.009,0.015,0.737,0.188,0.018,0.005,0.025,11.8,0.786,0.909,0.703,0.966,1,0,0,0.96,N/A,N/A
,,,17K532,New Bridges Elementary,Elementary,364,0.54,0.51,Good,Excellent,Excellent,0.91,0.9,0.89,0.94,0.94,0.94,0.97,0.96,0.96,,,0.555,0.445,0,0.124,0.242,0.003,0.223,0.005,0.812,0.154,0.742,0.022,0.736,0.198,0.011,0.005,0.019,N<5,0.488,0.171,N<5,0,0.244,0.2,0.014,0.695,0.218,0.011,0.016,0.032,0.021,0.649,0.215,0.012,0.007,0.062,11.2,0.61,0.916,0.676,0.97,0.92,N/A,N/A,0.96,N/A,N/A
,,,17K543,"Science, Technology and Research Early College High School at Erasmus",Middle,128,0.52,0.76,Excellent,Excellent,Good,0.84,0.87,0.68,0.82,0.7,0.82,0.91,0.81,0.96,3.38,3.34,0.516,0.484,0,0,0.125,0.008,0.109,0,0.682,0.077,0.62,0.031,0.797,0.078,0.023,0,0.047,N<5,0.463,N<5,0,0,0.366,0.8,0.03,0.62,0.252,0.013,0.004,0.058,0.015,0.737,0.188,0.018,0.005,0.025,1.2,0.829,0.978,0.977,0.976,0.97,N/A,N/A,0.92,0,0.08
,,,17K590,Medgar Evers College Preparatory School,Middle,421,0.46,0.71,Excellent,,,,,,,,,,,,3.37,3.28,0.62,0.38,0,0.005,0.059,0.04,0.007,0,0.62,0.062,0.495,0.007,0.9,0.052,0.01,0.01,0.017,0.145,0.609,N<5,0,0,0.174,1.7,0.025,0.62,0.188,0.012,0.005,0.119,0.015,0.737,0.188,0.018,0.005,0.025,23.1,0.768,0.96,0.908,0.959,0.96,N/A,N/A,0.91,0,0.09
,,,17K705,Brooklyn Arts and Science Elementary School,Elementary,196,0.47,0.44,Good,Good,Excellent,0.88,,0.9,0.9,0.89,0.92,0.97,0.93,0.97,,,0.439,0.561,0,0.087,0.347,0.041,0.117,0.117,0.722,0.173,0.663,0.026,0.469,0.27,0,0,0.179,N<5,0.538,0.192,0,0,0.192,0.5,0.074,0.387,0.187,0.006,0.002,0.284,0.021,0.649,0.215,0.012,0.007,0.062,0.1,0.731,0.902,0.642,0.967,1,0,0,1,0,0
,,,17K722,New Heights Middle School,Middle,228,0.47,0.36,Fair,Fair,Good,0.82,0.93,0.59,0.82,0.71,0.83,0.96,0.87,0.95,2.39,2.17,0.474,0.526,0,0.127,0.298,0,0.149,0.127,0.863,0.329,0.803,0.004,0.671,0.206,0.088,0,0.018,N<5,0.636,N<5,0,0,N<5,0.5,0.006,0.79,0.137,0.023,0.005,0.021,0.015,0.737,0.188,0.018,0.005,0.025,5.1,0.727,0.916,0.663,0.957,0.88,N/A,N/A,1,0,0
,,,17K770,P.S. 770 New American Academy,Elementary,242,0.57,0.57,Good,Good,Good,0.83,,0.76,0.9,0.92,0.9,0.95,0.95,0.89,,,0.475,0.525,0,0.025,0.273,0.008,0.124,0.112,0.613,0.112,0.521,0.008,0.488,0.169,0.017,0.004,0.227,N<5,0.28,N<5,0,0,0.56,1.2,0.012,0.737,0.187,0.012,0.005,0.027,0.021,0.649,0.215,0.012,0.007,0.062,11,0.6,0.917,0.693,0.966,0.95,N/A,N/A,0.93,0,0.07
,,,18K066,P.S. 66,K-8,492,0.43,0.41,Fair,Fair,Good,0.75,0.86,0.55,0.84,0.69,0.82,0.95,0.95,0.95,,,0.506,0.494,0,0.049,0.197,0.012,0.11,0.067,0.758,0.128,0.707,0.014,0.774,0.146,0.016,0.006,0.03,N<5,0.385,N<5,0,0,0.481,0.7,0.015,0.804,0.129,0.014,0.003,0.02,0.015,0.834,0.092,0.013,0.003,0.029,1.1,0.673,0.904,0.631,0.957,0.99,N/A,N/A,0.98,N/A,N/A
,,,18K068,I.S. 068 Isaac Bildersee,Middle,226,0.47,0.37,Fair,Fair,Good,0.72,0.9,0.56,0.85,0.71,0.86,0.9,0.82,0.95,2.44,2.39,0.496,0.504,0,0.279,0.257,0.009,0.111,0.133,0.852,0.217,0.796,0.058,0.73,0.049,0.027,0.004,0.124,N<5,0.821,0,N<5,0,N<5,0.5,0.021,0.857,0.055,0.013,0.001,0.04,0.017,0.826,0.095,0.013,0.003,0.032,14.4,0.821,0.877,0.538,0.951,0.88,0.13,0,0.87,0,0.13
,,,18K114,P.S. 114 Ryder Elementary,Elementary,350,0.55,0.48,Good,Good,Good,0.79,1,0.67,0.85,0.91,0.87,0.95,0.92,0.95,,,0.477,0.523,0,0.149,0.263,0.003,0.097,0.137,0.865,0.191,0.811,0.049,0.751,0.163,0.009,0.003,0.02,N<5,0.4,N<5,0,0,0.543,0.3,0.024,0.79,0.137,0.008,0.005,0.026,0.022,0.797,0.108,0.013,0.003,0.043,5.1,0.971,0.882,0.526,0.953,0.99,N/A,N/A,0.89,N/A,N/A
,,,18K115,P.S. 115 Daniel Mucatel School,Elementary,680,0.56,0.53,Good,Fair,Excellent,0.78,0.67,0.68,0.8,0.75,0.82,0.96,0.92,0.97,,,0.494,0.506,0,0.088,0.215,0.016,0.09,0.087,0.736,0.099,0.693,0.018,0.747,0.103,0.009,0.004,0.096,N<5,0.344,N<5,0,0,0.563,0.4,0.026,0.794,0.075,0.012,0.008,0.064,0.022,0.797,0.108,0.013,0.003,0.043,6,0.844,0.91,0.638,0.97,0.83,0.1,0.07,0.99,N/A,N/A
,,,18K135,P.S. 135 Sheldon A. Brookner,Elementary,280,0.52,0.48,Good,Good,Excellent,0.77,0.77,0.81,0.83,0.85,0.81,0.97,0.98,0.97,,,0.471,0.529,0,0.114,0.268,0.014,0.125,0.104,0.851,0.1,0.807,0.05,0.764,0.075,0.021,0.004,0.068,N<5,0.724,0,0,0,0.207,0.2,0.028,0.815,0.072,0.019,0,0.039,0.022,0.797,0.108,0.013,0.003,0.043,14,0.897,0.919,0.687,0.948,0.73,N/A,N/A,0.94,0,0.06
,,,18K208,P.S. 208 Elsa Ebeling,Elementary,232,0.7,0.64,Excellent,Good,Good,0.85,0.88,0.95,0.91,0.88,0.88,0.94,0.9,0.96,,,0.53,0.47,0,0.129,0.233,0.03,0.108,0.082,0.792,0.112,0.75,0.069,0.815,0.052,0.013,0.004,0.004,N<5,0.481,N<5,0,0,0.37,0.3,0.053,0.817,0.065,0.014,0.003,0.022,0.022,0.797,0.108,0.013,0.003,0.043,3.8,0.852,0.919,0.696,0.961,0.96,N/A,N/A,0.94,0,0.06
,,,18K211,I.S. 211 John Wilson,Middle,210,0.56,0.49,Excellent,Fair,Good,0.8,0.92,0.61,0.77,0.73,0.86,0.93,0.86,0.93,2.37,2.25,0.505,0.495,0,0.148,0.271,0.014,0.09,0.143,0.86,0.214,0.829,0.005,0.752,0.152,0.024,0.005,0.057,N<5,0.75,N<5,0,0,N<5,0.7,0.017,0.825,0.101,0.019,0.006,0.022,0.017,0.826,0.095,0.013,0.003,0.032,12.9,0.95,0.898,0.641,0.938,1,0,0,0.96,N/A,N/A
,,,18K219,P.S. 219 Kennedy-King,Elementary,249,0.4,0.34,Fair,Fair,Good,0.78,,0.72,0.75,0.76,0.79,0.93,0.92,0.94,,,0.462,0.538,0,0.112,0.281,0.024,0.076,0.124,0.87,0.185,0.819,0.008,0.767,0.197,0,0,0.02,N<5,0.7,N<5,N<5,N<5,0.267,0.2,0.01,0.804,0.139,0.008,0.003,0.013,0.022,0.797,0.108,0.013,0.003,0.043,1.1,0.733,0.887,0.571,0.951,0.92,N/A,N/A,0.97,N/A,N/A
,,,18K233,P.S. 233 Langston Hughes,Elementary,256,0.55,0.49,Good,Good,Excellent,0.81,0.91,0.86,0.91,0.87,0.96,0.97,0.96,0.97,,,0.5,0.5,0,0.035,0.324,0.008,0.133,0.152,0.825,0.156,0.797,0.004,0.805,0.125,0.031,0.008,0.027,N<5,0.613,N<5,0,0,0.29,0.3,0.003,0.844,0.098,0.021,0.003,0.018,0.022,0.797,0.108,0.013,0.003,0.043,0.1,0.871,0.913,0.618,0.955,0.99,N/A,N/A,0.96,0,0.04
,,,18K235,P.S. 235 Janice Marie Knight School,Elementary,595,0.5,0.51,Fair,Good,Excellent,0.76,0.86,0.7,0.7,0.82,0.77,0.97,0.93,0.96,,,0.528,0.472,0,0.039,0.168,0.012,0.05,0.087,0.691,0.074,0.617,0.027,0.881,0.047,0.012,0,0.015,0.12,0.38,0,0,0,0.48,0.7,0.02,0.763,0.133,0.013,0.001,0.041,0.022,0.797,0.108,0.013,0.003,0.043,4.5,0.82,0.93,0.758,0.961,0.99,N/A,N/A,0.94,0,0.06
,,,18K244,P.S. 244 Richard R. Green,Elementary,308,0.67,0.64,Excellent,Good,Good,0.89,0.86,0.92,0.92,0.87,0.92,0.94,0.93,0.94,,,0.435,0.565,0,0.052,0.286,0.003,0.175,0.078,0.818,0.117,0.773,0.039,0.763,0.143,0,0,0.039,N<5,0.532,N<5,N<5,0,0.34,0.3,0.018,0.832,0.086,0.002,0.011,0.031,0.022,0.797,0.108,0.013,0.003,0.043,1,0.894,0.914,0.629,0.963,0.94,N/A,N/A,0.94,0,0.06
,,,18K268,P.S. 268 Emma Lazarus,Elementary,238,0.85,0.76,Excellent,Fair,Good,0.81,,0.77,0.73,0.75,0.73,0.91,0.92,0.9,,,0.546,0.454,0,0.252,0.223,0.004,0.122,0.063,0.867,0.235,0.794,0,0.769,0.185,0.004,0,0.038,N<5,0.69,N<5,N<5,N<5,0.241,0.2,0,0.874,0.098,0.005,0.002,0.009,0.022,0.797,0.108,0.013,0.003,0.043,5,0.759,0.881,0.527,0.987,0.98,N/A,N/A,0.94,0,0.06
,,,18K272,P.S. 272 Curtis Estabrook,Elementary,327,0.42,0.34,Fair,Fair,Excellent,0.75,,0.71,0.66,0.67,0.69,0.96,0.97,0.98,,,0.492,0.508,0,0.067,0.312,0,0.138,0.147,0.912,0.19,0.872,0.006,0.768,0.141,0.031,0.012,0.034,N<5,0.366,N<5,N<5,0,0.488,0.2,0,0.813,0.113,0.027,0.003,0.027,0.022,0.797,0.108,0.013,0.003,0.043,3,0.927,0.876,0.528,0.961,0.99,N/A,N/A,0.97,N/A,N/A
,,,18K276,P.S. 276 Louis Marshall,Elementary,438,0.6,0.55,Good,Fair,Good,0.82,1,0.89,0.78,0.8,0.81,0.95,0.88,0.96,,,0.473,0.527,0,0.24,0.187,0,0.057,0.121,0.814,0.153,0.763,0.037,0.747,0.053,0.027,0.002,0.135,N<5,0.556,N<5,0,0,0.289,0.3,0.022,0.82,0.043,0.016,0.005,0.082,0.022,0.797,0.108,0.013,0.003,0.043,3,0.889,0.889,0.547,0.953,0.93,N/A,N/A,0.96,N/A,N/A
,,,18K279,P.S. 279 Herman Schreiber,Elementary,223,0.57,0.52,Good,Good,Good,0.78,,0.84,0.84,0.95,0.87,0.93,0.94,0.93,,,0.493,0.507,0,0.04,0.233,0.094,0.004,0.076,0.752,0.188,0.726,0.009,0.839,0.121,0.004,0.004,0.022,0,0.348,N<5,0,0,0.522,0.3,0.007,0.885,0.075,0.007,0.004,0.009,0.022,0.797,0.108,0.013,0.003,0.043,17.2,0.739,0.898,0.605,0.969,0.85,N/A,N/A,1,0,0
,,,18K285,I.S. 285 Meyer Levin,Middle,479,0.42,0.44,Fair,Good,Good,0.77,0.91,0.56,0.83,0.67,0.89,0.93,0.88,0.94,2.64,2.59,0.505,0.495,0,0.054,0.244,0.002,0.115,0.098,0.767,0.121,0.704,0.015,0.873,0.084,0.008,0.002,0.013,N<5,0.818,N<5,0,0,0.114,0.8,0.016,0.846,0.086,0.016,0.003,0.017,0.017,0.826,0.095,0.013,0.003,0.032,4.2,0.864,0.916,0.704,0.966,0.98,N/A,N/A,0.98,N/A,N/A
,,,18K366,The Science And Medicine Middle School,Middle,245,0.55,0.49,Good,Fair,Excellent,0.76,0.86,0.55,0.76,0.66,0.76,0.93,0.93,0.97,2.55,2.56,0.502,0.498,0,0.045,0.282,0.024,0.127,0.11,0.836,0.135,0.808,0.008,0.824,0.114,0.012,0.004,0.033,N<5,0.5,N<5,0,0,0.308,1,0.012,0.779,0.159,0.017,0.008,0.016,0.017,0.826,0.095,0.013,0.003,0.032,10.1,0.885,0.908,0.655,0.956,0.55,N/A,N/A,0.97,N/A,N/A
,,,18K581,"The Middle School of Media, Law and Fine Arts",Middle,188,0.53,0.44,Good,Fair,Fair,0.69,0.93,0.58,0.89,0.72,0.89,0.89,0.81,0.91,2.51,2.44,0.452,0.548,0,0.106,0.213,0.016,0.069,0.085,0.812,0.165,0.766,0.011,0.835,0.122,0.005,0,0.016,N<5,0.813,N<5,0,0,0,0.6,0.01,0.808,0.128,0.018,0.003,0.023,0.017,0.826,0.095,0.013,0.003,0.032,0.7,0.688,0.865,0.472,0.914,0.79,0.21,0,0.97,N/A,N/A
,,,18K588,Middle School for Art and Philosophy,Middle,155,0.52,0.45,Good,Fair,Excellent,0.7,0.89,0.5,0.82,0.65,0.73,0.97,0.97,0.96,2.64,2.38,0.535,0.465,0,0.058,0.245,0.026,0.116,0.084,0.838,0.168,0.774,0,0.774,0.142,0.026,0,0.052,N<5,0.588,N<5,0,0,N<5,0.3,0.004,0.847,0.105,0.019,0.002,0.017,0.017,0.826,0.095,0.013,0.003,0.032,3.2,0.824,0.878,0.589,0.929,0.98,N/A,N/A,0.97,N/A,N/A
,,,18K763,Brooklyn Science and Engineering Academy,Middle,380,0.5,0.58,Good,Excellent,Good,0.85,0.94,0.64,0.92,0.76,0.93,0.95,0.88,0.97,2.92,2.9,0.395,0.605,0,0.018,0.221,0.016,0.145,0.034,0.663,0.076,0.597,0.024,0.871,0.079,0.003,0.008,0.003,N<5,0.459,0.135,N<5,N<5,0.351,0.7,0.022,0.844,0.081,0.014,0.004,0.017,0.017,0.826,0.095,0.013,0.003,0.032,10.2,0.676,0.943,0.819,0.969,1,0,0,0.97,N/A,N/A
,,,18K961,Lenox Academy M. S. 961,Middle,236,0.56,0.7,Excellent,,,,,,,,,,,,3.15,3.04,0.568,0.432,0,0.004,0.127,0.008,0.076,0.03,0.564,0.055,0.483,0.013,0.881,0.051,0.017,0,0.004,N<5,0.556,N<5,0,0,0.278,1.5,0.011,0.782,0.158,0.014,0.004,0.02,0.017,0.826,0.095,0.013,0.003,0.032,1.2,0.556,0.948,0.864,0.959,0.3,N/A,N/A,0.94,N/A,N/A
,,,19K007,P.S. 007 Abraham Lincoln,Elementary,571,0.36,0.32,Fair,Fair,Excellent,0.68,0.57,0.74,0.73,0.66,0.67,0.96,0.94,0.98,,,0.499,0.501,0,0.342,0.222,0.016,0.107,0.082,0.848,0.121,0.792,0.035,0.051,0.876,0.018,0.005,0.012,N<5,0.151,0.302,0,0,0.509,0.3,0.032,0.092,0.824,0.021,0.009,0.018,0.119,0.332,0.501,0.017,0.003,0.019,2.7,0.943,0.915,0.684,0.951,0.94,0.06,0,0.97,0,0.03
,,,19K013,P.S. 013 Roberto Clemente,Elementary,273,0.61,0.52,Good,Good,Excellent,0.85,0.85,0.74,0.85,0.86,0.87,0.97,0.9,0.97,,,0.451,0.549,0,0.114,0.293,0.004,0.121,0.139,0.931,0.319,0.894,0.007,0.601,0.319,0.026,0.011,0.029,N<5,0.656,N<5,0,0,N<5,0.3,0.012,0.686,0.235,0.014,0.006,0.03,0.119,0.332,0.501,0.017,0.003,0.019,10.2,0.563,0.913,0.733,0.951,0.96,N/A,N/A,0.8,0,0.2
,,,19K065,P.S. 065,Elementary,479,0.73,0.68,Excellent,Excellent,Excellent,0.89,1,0.9,0.91,0.93,0.94,0.98,0.94,0.97,,,0.478,0.522,0,0.234,0.115,0.035,0.046,0.027,0.89,0.278,0.818,0.035,0.071,0.846,0.029,0,0.015,N<5,N<5,0.216,0,0,0.486,0.2,0.028,0.088,0.842,0.023,0.003,0.013,0.119,0.332,0.501,0.017,0.003,0.019,1,0.811,0.918,0.694,0.953,0.82,N/A,N/A,0.97,N/A,N/A
,,,19K089,P.S. 089 Cypress Hills,K-8,441,0.42,0.19,Fair,Excellent,Excellent,0.79,0.95,0.74,0.74,0.76,0.82,0.97,0.92,0.97,,,0.517,0.483,0,0.526,0.263,0,0.2,0.039,0.904,0.245,0.798,0.002,0.014,0.98,0,0,0.002,N<5,N<5,0.76,0,0,0.16,0.4,0.032,0.263,0.665,0.019,0.001,0.011,0.079,0.426,0.451,0.017,0.004,0.014,20.1,0.68,0.933,0.759,0.957,0.8,N/A,N/A,0.92,0,0.08
,,,19K108,P.S. 108 Sal Abbracciamento,Elementary,597,0.74,0.63,Excellent,Excellent,Excellent,0.9,1,0.93,0.9,0.91,0.94,0.97,0.94,0.97,,,0.523,0.477,0,0.229,0.256,0,0.188,0.047,0.896,0.312,0.806,0.023,0.092,0.827,0.027,0.002,0.022,N<5,N<5,0.328,N<5,0,0.59,0.2,0.032,0.091,0.842,0.021,0,0.005,0.119,0.332,0.501,0.017,0.003,0.019,21.2,0.705,0.921,0.706,0.962,0.91,0.09,0,0.97,0,0.03
,,,19K149,P.S. 149 Danny Kaye,Elementary,450,0.68,0.58,Good,Good,Excellent,0.9,1,0.85,0.93,0.83,0.94,0.98,0.96,0.98,,,0.469,0.531,0,0.153,0.224,0.016,0.082,0.1,0.911,0.198,0.849,0.029,0.498,0.436,0.004,0.004,0.022,0.159,0.477,N<5,N<5,N<5,0.273,0.3,0.014,0.552,0.392,0.011,0.006,0.016,0.119,0.332,0.501,0.017,0.003,0.019,12.1,0.75,0.916,0.667,0.978,0.99,N/A,N/A,0.98,N/A,N/A
,,,19K158,P.S. 158 Warwick,Elementary,306,0.42,0.38,Fair,Needs Improvement,Fair,0.63,,0.31,0.4,0.56,0.52,0.89,0.89,0.87,,,0.549,0.451,0,0.088,0.235,0.026,0.098,0.095,0.928,0.206,0.889,0.042,0.487,0.438,0.02,0,0.01,0.184,0.421,N<5,N<5,0,0.289,0.2,0.038,0.445,0.491,0.007,0.004,0.007,0.119,0.332,0.501,0.017,0.003,0.019,6.2,0.553,0.898,0.597,0.961,1,0,0,0.99,N/A,N/A
,,,19K159,P.S. 159 Isaac Pitkin,Elementary,585,0.43,0.48,Fair,Excellent,Good,0.93,0.92,0.96,0.94,0.96,0.98,0.96,0.88,0.96,,,0.508,0.492,0,0.255,0.173,0,0.096,0.063,0.914,0.092,0.88,0.538,0.179,0.255,0.014,0.002,0.003,0.106,0.426,N<5,N<5,N<5,0.383,0.2,0.428,0.211,0.31,0.026,0.005,0.01,0.119,0.332,0.501,0.017,0.003,0.019,2.8,0.936,0.921,0.694,0.962,0.99,N/A,N/A,0.99,N/A,N/A
,,,19K171,I.S. 171 Abraham Lincoln,Middle,280,0.46,0.39,Good,Good,Good,0.76,0.93,0.74,0.88,0.76,0.91,0.96,0.87,0.96,2.5,2.38,0.507,0.493,0,0.318,0.229,0.007,0.093,0.121,0.887,0.232,0.8,0.079,0.075,0.811,0.025,0,0.011,0,0.259,0.444,0,0,0.259,0.3,0.071,0.075,0.814,0.024,0,0.015,0.061,0.391,0.501,0.02,0.006,0.014,10.7,0.852,0.893,0.557,0.96,0.98,N/A,N/A,0.99,N/A,N/A
,,,19K190,P.S. 190 Sheffield,Elementary,99,0.69,0.65,Excellent,Good,Good,0.9,,0.87,0.88,0.92,0.93,0.95,0.88,0.9,,,0.505,0.495,0,0.101,0.232,0.091,0.02,0.081,0.946,0.131,0.929,0.01,0.636,0.242,0.02,0,0.081,N<5,0.643,N<5,0,0,N<5,0.2,0.004,0.694,0.239,0.013,0.004,0.026,0.119,0.332,0.501,0.017,0.003,0.019,19.1,1,0.865,0.495,0.979,0.8,N/A,N/A,0.92,N/A,N/A
,,,19K202,P.S. 202 Ernest S. Jenkyns,Elementary,201,0.45,0.43,Fair,Fair,Excellent,0.82,,0.8,0.84,0.97,0.87,1,1,1,,,0.473,0.527,0,0.164,0.308,0.035,0.04,0.179,0.942,0.179,0.93,0.04,0.512,0.403,0.005,0.02,0.015,N<5,0.692,N<5,0,0,N<5,0.3,0.039,0.592,0.321,0.011,0.009,0.018,0.119,0.332,0.501,0.017,0.003,0.019,,0.885,0.855,0.373,0.939,0.9,N/A,N/A,0.96,0,0.04
,,,19K213,P.S. 213 New Lots,Elementary,150,0.29,0.24,Needs Improvement,Good,Good,0.82,,0.72,0.85,0.87,0.84,0.97,0.84,0.98,,,0.513,0.487,0,0.227,0.24,0.02,0.067,0.12,0.943,0.18,0.893,0.087,0.593,0.193,0.027,0,0.093,N<5,0.538,N<5,0,0,0.269,0.2,0.015,0.65,0.27,0.02,0.005,0.028,0.119,0.332,0.501,0.017,0.003,0.019,11.4,0.731,0.901,0.628,0.944,0.97,N/A,N/A,1,0,0
,,,19K214,P.S. 214 Michael Friedsam,Elementary,650,0.32,0.41,Fair,Good,Excellent,0.83,0.86,0.86,0.77,0.89,0.83,0.97,0.92,0.97,,,0.46,0.54,0,0.208,0.188,0.003,0.072,0.094,0.9,0.148,0.852,0.58,0.109,0.243,0.031,0,0.031,0.215,0.138,0.138,N<5,N<5,0.492,0.4,0.481,0.189,0.264,0.028,0.006,0.022,0.119,0.332,0.501,0.017,0.003,0.019,9.9,0.846,0.904,0.598,0.962,0.88,N/A,N/A,0.96,N/A,N/A
,,,19K218,J.H.S. 218 James P. Sinnott,Middle,297,0.39,0.26,Fair,Fair,Good,0.78,0.84,0.55,0.87,0.69,0.89,0.95,0.85,0.92,2.32,2.21,0.465,0.535,0,0.242,0.29,0.01,0.158,0.114,0.94,0.202,0.902,0.192,0.377,0.374,0.04,0.003,0.007,0,0.452,0.29,0,0,0.258,0.5,0.111,0.511,0.33,0.016,0.007,0.016,0.061,0.391,0.501,0.02,0.006,0.014,11.1,0.71,0.87,0.518,0.953,0.78,0.22,0,0.91,0,0.09
,,,19K224,P.S. 224 Hale A. Woodruff,Elementary,228,0.41,0.36,Fair,Fair,Excellent,0.75,1,0.75,0.87,0.85,0.88,0.96,0.94,0.96,,,0.443,0.557,0,0.101,0.268,0.004,0.114,0.118,> 95%,0.162,0.93,0.048,0.583,0.329,0.009,0.004,0.018,0,0.793,0,0,0,0.207,0.3,0.033,0.626,0.29,0.022,0.003,0.016,0.119,0.332,0.501,0.017,0.003,0.019,2,0.517,0.872,0.474,0.96,0.98,N/A,N/A,0.95,N/A,N/A
,,,19K273,P.S. 273 Wortman,Elementary,249,0.35,0.3,Needs Improvement,Fair,Good,0.73,,0.85,0.75,0.76,0.76,0.95,0.94,0.92,,,0.518,0.482,0,0.048,0.277,0.028,0.096,0.124,0.886,0.145,0.863,0.008,0.695,0.281,0,0,0.012,N<5,0.548,0.194,N<5,N<5,0.226,0.3,0.004,0.715,0.232,0.019,0.002,0.015,0.119,0.332,0.501,0.017,0.003,0.019,19.1,0.677,0.886,0.498,0.95,0.95,N/A,N/A,0.98,N/A,N/A
,,,19K290,P.S. 290 Juan Morel Campos,Elementary,344,0.44,0.34,Fair,Fair,,0.71,,0.85,0.62,0.84,0.75,,,,,,0.471,0.529,0,0.387,0.259,0,0.166,0.064,0.93,0.282,0.852,0.026,0.172,0.779,0.006,0,0.009,0,0.364,N<5,0,N<5,0.515,0.3,0.034,0.219,0.711,0.01,0.001,0.01,0.119,0.332,0.501,0.017,0.003,0.019,7.6,0.939,0.893,0.603,0.948,0.88,0.12,0,0.96,0,0.04
,,,19K292,J.H.S. 292 Margaret S. Douglas,Middle,305,0.37,0.41,Fair,,Fair,,,,,,,0.89,0.81,0.89,2.76,2.69,0.475,0.525,0,0.197,0.23,0.02,0.092,0.108,0.906,0.279,0.846,0.21,0.397,0.357,0.016,0.01,0,N<5,0.706,N<5,N<5,0,N<5,0.5,0.014,0.518,0.425,0.012,0.005,0.017,0.061,0.391,0.501,0.02,0.006,0.014,1,0.765,0.872,0.519,0.948,0.48,0.52,0,0.97,N/A,N/A
,,,19K306,P.S. 306 Ethan Allen,Elementary,207,0.56,0.48,Good,Good,Excellent,0.84,1,0.72,0.95,0.82,0.95,0.98,0.94,0.97,,,0.502,0.498,0,0.111,0.28,0.029,0.13,0.068,> 95%,0.28,0.908,0.005,0.681,0.314,0,0,0,N<5,0.679,N<5,0,0,0.179,0.2,0.007,0.634,0.333,0.015,0,0.004,0.119,0.332,0.501,0.017,0.003,0.019,1.3,0.786,0.894,0.531,0.944,0.95,N/A,N/A,0.97,N/A,N/A
,,,19K325,The Fresh Creek School,Elementary,154,0.61,0.56,Good,Good,Excellent,0.93,0.88,0.88,0.97,0.99,0.95,1,1,1,,,0.545,0.455,0,0.11,0.253,0.006,0.182,0.039,> 95%,0.344,0.916,0.013,0.61,0.344,0.006,0,0.013,N<5,0.412,N<5,0,0,0.353,0.3,0.005,0.69,0.244,0.019,0,0.023,0.119,0.332,0.501,0.017,0.003,0.019,2.1,0.588,0.897,0.542,0.964,0.97,N/A,N/A,0.94,N/A,N/A
,,,19K328,P.S. 328 Phyllis Wheatley,Elementary,212,0.52,0.43,Fair,Good,Excellent,0.83,1,0.67,0.92,0.91,0.96,0.97,0.95,0.97,,,0.481,0.519,0,0.226,0.25,0,0.142,0.085,> 95%,0.443,0.906,0,0.467,0.467,0.009,0.005,0.042,0.207,0.414,N<5,0,0,0.276,0.2,0.011,0.533,0.42,0.011,0.006,0.011,0.119,0.332,0.501,0.017,0.003,0.019,2.3,0.655,0.909,0.615,0.972,0.98,N/A,N/A,0.97,N/A,N/A
,,,19K345,P.S. 345 Patrolman Robert Bolden,Elementary,475,0.41,0.39,Fair,Good,Excellent,0.86,0.89,0.78,0.9,0.87,0.94,0.98,0.9,0.98,,,0.503,0.497,0,0.236,0.164,0.002,0.065,0.067,0.907,0.227,0.867,0.099,0.303,0.552,0.019,0.004,0.011,N<5,0.356,0.222,0,0,0.289,0.2,0.069,0.358,0.528,0.019,0,0.013,0.119,0.332,0.501,0.017,0.003,0.019,3.6,0.867,0.879,0.519,0.951,0.98,N/A,N/A,0.95,0,0.05
,,,19K346,P.S. 346 Abe Stark,Elementary,368,0.49,0.42,Fair,Good,Good,0.83,0.57,0.81,0.85,0.89,0.9,0.97,0.82,0.96,,,0.44,0.56,0,0.038,0.337,0.019,0.084,0.182,0.861,0.122,0.821,0.005,0.677,0.261,0.008,0.005,0.022,N<5,0.239,N<5,0,0,0.587,0.3,0.003,0.689,0.245,0.012,0.006,0.02,0.119,0.332,0.501,0.017,0.003,0.019,4,0.891,0.901,0.614,0.985,0.98,N/A,N/A,0.98,0,0.02
,,,19K364,I.S. 364 Gateway,Middle,130,,,,,,0.72,0.85,0.64,0.89,0.7,0.79,0.95,0.92,0.97,2.32,2.16,0.508,0.492,0,0.008,0.354,0,0.262,0.085,0.924,0.185,0.892,0.015,0.685,0.231,0.015,0.023,0.008,0,0.368,N<5,0,0,0.421,0.5,0.007,0.745,0.167,0.034,0.016,0.018,0.061,0.391,0.501,0.02,0.006,0.014,,0.842,0.888,0.572,0.947,0.45,0.55,0,0.98,N/A,N/A
,,,19K404,Academy for Young Writers,Middle,134,0.44,0.41,Good,Good,Good,0.77,0.85,0.61,0.89,0.69,0.82,0.91,0.85,0.95,2.5,2.27,0.567,0.433,0,0.022,0.261,0,0.201,0.037,0.936,0.157,0.854,0.015,0.694,0.254,0.022,0,0.007,N<5,0.378,0.2,0,0,0.267,0.8,0.013,0.696,0.252,0.012,0.009,0.008,0.061,0.391,0.501,0.02,0.006,0.014,2.3,0.822,0.869,0.573,0.961,0.87,N/A,N/A,0.94,0,0.06
,,,19K409,East New York Family Academy,Middle,253,0.34,0.38,Fair,Fair,Excellent,0.7,0.83,0.55,0.93,0.61,0.87,0.96,0.94,0.96,2.75,2.61,0.522,0.478,0,0.02,0.225,0.008,0.19,0.008,0.856,0.14,0.798,0.008,0.676,0.296,0,0.008,0.008,0.113,0.717,N<5,N<5,N<5,0.113,0.5,0.012,0.73,0.227,0.006,0.004,0.012,0.061,0.391,0.501,0.02,0.006,0.014,2.2,0.774,0.875,0.558,0.964,0.94,N/A,N/A,0.93,0,0.07
,,,19K422,Spring Creek Community School,Middle,111,0.36,0.31,Fair,Needs Improvement,Fair,0.7,0.8,0.55,0.53,0.63,0.55,0.9,0.87,0.88,2.36,2.18,0.495,0.505,0,0.018,0.225,0,0.189,0.018,0.925,0.116,0.828,0.018,0.676,0.279,0.009,0,0.009,N<5,0.556,N<5,0,0,0.306,0.8,0.013,0.693,0.256,0.012,0.008,0.008,0.061,0.391,0.501,0.02,0.006,0.014,2,0.75,0.861,0.444,0.937,0.89,0.11,0,0.86,0,0.14
,,,19K452,Frederick Douglass Academy VIII Middle School,Middle,200,0.39,0.38,Fair,Good,Excellent,0.8,0.97,0.64,0.87,0.77,0.75,0.92,0.95,0.98,2.63,2.59,0.46,0.54,0,0.01,0.3,0.005,0.13,0.14,0.792,0.15,0.715,0.005,0.7,0.215,0.04,0.02,0.005,0,0.476,0,0,0,0.476,0.6,0.007,0.762,0.155,0.03,0.012,0.023,0.061,0.391,0.501,0.02,0.006,0.014,9.4,1,0.918,0.69,0.941,0.98,N/A,N/A,0.98,N/A,N/A
,,,19K557,Brooklyn Gardens Elementary School,Elementary,285,0.43,0.36,Fair,Fair,Good,0.77,0.79,0.54,0.8,0.76,0.81,0.97,0.9,0.96,,,0.46,0.54,0,0.165,0.26,0,0.119,0.119,> 95%,0.418,0.877,0.004,0.519,0.414,0.011,0.004,0.032,0,0.435,0.304,0,N<5,N<5,0.3,0.006,0.644,0.305,0.01,0.003,0.016,0.119,0.332,0.501,0.017,0.003,0.019,6.2,0.783,0.868,0.505,0.945,0.93,N/A,N/A,0.86,0,0.14
,,,19K654,Van Siclen Community Middle School,Middle,174,0.33,0.22,Fair,Fair,Fair,0.64,0.86,0.43,0.81,0.61,0.78,0.9,0.8,0.89,2.28,2.12,0.437,0.563,0,0.167,0.264,0,0.259,0,> 95%,0.241,0.937,0.006,0.626,0.316,0.017,0.006,0.029,N<5,0.35,N<5,0,0,0.35,0.4,0.011,0.742,0.216,0.009,0.007,0.009,0.061,0.391,0.501,0.02,0.006,0.014,2.6,0.4,0.87,0.462,0.951,0.96,N/A,N/A,0.95,N/A,N/A
,,,19K661,Vista Academy,Middle,454,0.49,0.51,Good,Fair,Good,0.68,0.93,0.53,0.71,0.66,0.7,0.93,0.83,0.92,2.77,2.75,0.524,0.476,0,0.181,0.24,0.018,0.161,0.059,0.898,0.3,0.815,0.04,0.216,0.678,0.035,0.002,0.018,N<5,0.417,0.306,0,0,0.167,0.4,0.037,0.293,0.622,0.022,0.004,0.018,0.061,0.391,0.501,0.02,0.006,0.014,7.2,0.556,0.906,0.662,0.953,0.94,N/A,N/A,0.95,0,0.05
,,,19K662,Liberty Avenue Middle School,Middle,435,0.41,0.4,Fair,Good,Excellent,0.85,0.94,0.68,0.91,0.77,0.88,0.96,0.99,1,2.56,2.65,0.462,0.538,0,0.253,0.23,0.007,0.207,0.011,0.894,0.251,0.841,0.069,0.214,0.664,0.011,0.002,0.037,N<5,0.265,0.163,N<5,0,0.367,0.5,0.038,0.305,0.609,0.021,0.003,0.02,0.061,0.391,0.501,0.02,0.006,0.014,11.1,0.694,0.908,0.668,0.961,0.94,N/A,N/A,0.96,N/A,N/A
,,,19K663,School of the Future Brooklyn,Middle,127,0.4,0.31,Fair,Good,Excellent,0.66,0.89,0.5,0.88,0.65,0.91,0.98,0.93,0.98,2.37,2.17,0.394,0.606,0,0.142,0.276,0,0.205,0.063,> 95%,0.354,0.921,0.008,0.535,0.402,0,0.008,0.039,N<5,0.462,0,0,0,N<5,0.3,0.01,0.684,0.267,0.004,0.004,0.021,0.061,0.391,0.501,0.02,0.006,0.014,1.1,0.462,0.901,0.629,0.963,0.52,N/A,N/A,0.94,N/A,N/A
,,,19K677,East New York Elementary School of Excellence,Elementary,327,0.32,0.29,Fair,Good,Good,0.79,0.79,0.82,0.88,0.87,0.89,0.96,0.89,0.96,,,0.502,0.498,0,0.205,0.211,0.006,0.095,0.083,0.923,0.214,0.872,0.076,0.401,0.468,0.015,0.003,0.015,N<5,0.514,0.135,0,0,0.297,0.3,0.059,0.53,0.363,0.012,0.01,0.016,0.119,0.332,0.501,0.017,0.003,0.019,9.1,0.811,0.878,0.523,0.952,0.94,N/A,N/A,0.95,0,0.05
,,,19K678,East New York Middle School of Excellence,Middle,233,0.38,0.28,Fair,Good,Good,0.66,0.81,0.48,0.66,0.58,0.71,0.92,0.9,0.93,2.29,2.27,0.506,0.494,0,0.124,0.262,0,0.206,0.043,0.945,0.24,0.918,0.026,0.438,0.481,0.034,0.009,0.013,N<5,0.636,N<5,0,0,N<5,0.3,0.047,0.551,0.351,0.017,0.009,0.017,0.061,0.391,0.501,0.02,0.006,0.014,12.1,0.682,0.926,0.749,0.905,1,0,0,0.85,0,0.15
,,,19K760,Highland Park Community School,Middle,244,0.48,0.45,Good,Excellent,Good,0.78,0.84,0.72,0.73,0.77,0.8,0.95,0.8,0.96,2.61,2.45,0.537,0.463,0,0.16,0.168,0,0.111,0.033,0.872,0.082,0.832,0.045,0.086,0.824,0.02,0,0.02,N<5,0.364,0.227,N<5,N<5,0.227,0.3,0.06,0.072,0.83,0.02,0,0.016,0.061,0.391,0.501,0.02,0.006,0.014,3,0.864,0.921,0.736,0.954,1,0,0,1,0,0
,,,19K907,Legacy School of the Arts,Middle,188,0.37,0.35,Fair,Needs Improvement,Needs Improvement,0.73,0.85,0.41,0.62,0.63,0.67,0.81,0.71,0.72,2.76,2.48,0.521,0.479,0,0.043,0.287,0.005,0.207,0.053,0.914,0.309,0.883,0.021,0.644,0.277,0.011,0.016,0.021,N<5,0.706,0,0,0,N<5,0.4,0.01,0.732,0.224,0.005,0.001,0.016,0.061,0.391,0.501,0.02,0.006,0.014,0.3,0.647,0.87,0.481,0.953,1,0,0,0.96,N/A,N/A
,,,19K935,M.S. 935,Middle,271,0.33,0.44,Needs Improvement,Good,Excellent,0.79,0.9,0.67,0.86,0.72,0.88,0.97,0.93,0.99,2.9,2.84,0.506,0.494,0,0.133,0.207,0.015,0.148,0.044,0.861,0.255,0.771,0.059,0.133,0.801,0.004,0,0,0,0.429,0.238,0,0,0.286,0.3,0.096,0.189,0.674,0.03,0.002,0.008,0.061,0.391,0.501,0.02,0.006,0.014,3.2,0.476,0.912,0.684,0.974,0.68,N/A,N/A,1,0,0
,,,20K030,P.S./I.S. 30 Mary White Ovington,K-8,888,0.39,0.45,Fair,Good,Good,0.76,0.84,0.56,0.75,0.67,0.79,0.92,0.85,0.93,,,0.468,0.532,0,0.235,0.211,0.016,0.115,0.063,0.82,0.083,0.774,0.168,0.018,0.366,0.003,0,0.426,0.159,0.073,0.195,0,0,0.549,0.2,0.176,0.017,0.38,0.007,0.002,0.391,0.482,0.015,0.265,0.004,0.001,0.22,13.9,0.781,0.921,0.706,0.958,0.86,N/A,N/A,0.98,0,0.02
,,,20K048,P.S. 048 Mapleton,Elementary,481,0.5,0.5,Good,Excellent,Excellent,0.81,1,0.82,0.93,0.91,0.91,0.96,0.91,0.98,,,0.493,0.507,0,0.299,0.245,0,0.135,0.085,0.864,0.031,0.813,0.366,0.008,0.399,0.004,0,0.214,N<5,N<5,N<5,0,0,0.778,0.3,0.37,0.015,0.429,0.005,0,0.164,0.501,0.009,0.248,0.004,0.001,0.224,3.2,0.844,0.935,0.757,0.957,0.99,N/A,N/A,0.99,N/A,N/A
,,,20K062,J.H.S. 062 Ditmas,Middle,870,0.5,0.56,Fair,Fair,Good,0.7,0.77,0.65,0.65,0.69,0.7,0.92,0.79,0.96,2.83,2.7,0.443,0.557,0,0.252,0.169,0.002,0.103,0.052,0.865,0.154,0.817,0.436,0.118,0.305,0.008,0.001,0.122,0.083,0.194,0.125,0,0,0.583,0.4,0.41,0.073,0.234,0.005,0.001,0.252,0.536,0.021,0.285,0.005,0.002,0.144,6,0.917,0.912,0.652,0.962,0.96,N/A,N/A,0.96,N/A,N/A
,,,20K069,P.S. 69 Vincent D. Grippo School,Elementary,559,0.56,0.64,Good,Excellent,Excellent,0.83,1,0.81,0.87,0.92,0.94,0.98,0.91,0.99,,,0.442,0.558,0,0.487,0.186,0.009,0.113,0.038,0.91,0.03,0.878,0.887,0.005,0.061,0.002,0,0.036,0.34,0,N<5,0,0,0.62,0.4,0.782,0.003,0.116,0.002,0.001,0.086,0.501,0.009,0.248,0.004,0.001,0.224,18.1,0.86,0.966,0.934,0.966,0.88,0.12,0,1,0,0
,,,20K102,P.S. 102 The Bayview,Elementary,1076,0.59,0.68,Good,,Excellent,,,,,,,0.98,0.95,0.98,,,0.486,0.514,0,0.149,0.23,0.003,0.132,0.063,0.603,0.048,0.541,0.18,0.017,0.29,0.004,0.002,0.463,N<5,N<5,0.054,0,0,0.882,0.2,0.155,0.013,0.322,0.003,0.003,0.459,0.501,0.009,0.248,0.004,0.001,0.224,11.9,0.903,0.935,0.815,0.964,0.98,N/A,N/A,0.98,N/A,N/A
,,,20K104,P.S./I.S. 104 The Fort Hamilton School,K-8,1104,0.45,0.57,Fair,Good,Good,0.78,0.89,0.59,0.81,0.65,0.86,0.93,0.89,0.94,,,0.459,0.541,0,0.16,0.159,0.019,0.064,0.059,0.609,0.031,0.547,0.217,0.038,0.266,0.004,0.003,0.434,0.068,N<5,0.137,N<5,N<5,0.753,0.3,0.179,0.035,0.33,0.007,0.001,0.427,0.482,0.015,0.265,0.004,0.001,0.22,4.4,0.822,0.933,0.778,0.954,0.92,N/A,N/A,0.97,0,0.03
,,,20K105,P.S. 105 The Blythebourne,Elementary,1137,0.57,0.73,Excellent,Excellent,Excellent,0.84,0.86,0.95,0.87,0.86,0.88,0.99,0.95,0.99,,,0.468,0.532,0,0.343,0.107,0.059,0.01,0.019,0.905,0.025,0.861,0.92,0.002,0.045,0.001,0,0.032,0.686,0,N<5,0,0,0.267,0.3,0.812,0.011,0.11,0.001,0,0.059,0.501,0.009,0.248,0.004,0.001,0.224,3,0.779,0.974,0.954,0.959,0.94,0.06,0,0.98,N/A,N/A
,,,20K112,P.S. 112 Lefferts Park,Elementary,731,0.47,0.57,Good,Excellent,Good,0.89,0.79,0.9,0.91,0.92,0.96,0.97,0.88,0.97,,,0.464,0.536,0,0.261,0.176,0.007,0.107,0.029,0.747,0.077,0.685,0.32,0.008,0.393,0.003,0,0.267,N<5,0,N<5,0,0,0.875,0.2,0.321,0.009,0.445,0.005,0,0.209,0.501,0.009,0.248,0.004,0.001,0.224,3,0.946,0.93,0.777,0.954,0.87,N/A,N/A,0.98,N/A,N/A
,,,20K127,P.S. 127 McKinley Park,Elementary,618,0.63,0.71,Excellent,Excellent,Excellent,0.9,0.91,0.95,0.94,0.96,0.98,0.98,0.94,0.98,,,0.484,0.516,0,0.235,0.231,0.006,0.134,0.068,0.642,0.028,0.574,0.416,0.008,0.251,0.005,0,0.301,0.091,0,N<5,0,0,0.836,0.3,0.438,0.015,0.204,0.005,0,0.318,0.501,0.009,0.248,0.004,0.001,0.224,14.2,0.727,0.947,0.853,0.955,0.95,N/A,N/A,0.97,N/A,N/A
,,,20K160,P.S. 160 William T. Sampson,Elementary,953,0.58,0.66,Good,Excellent,Excellent,0.85,0.92,0.93,0.9,0.93,0.91,0.98,0.94,0.99,,,0.472,0.528,0,0.513,0.144,0.008,0.083,0.035,0.917,0.241,0.851,0.872,0.002,0.078,0.002,0.003,0.037,0.244,N<5,N<5,0,0,0.686,0.3,0.716,0.022,0.201,0.003,0.001,0.05,0.501,0.009,0.248,0.004,0.001,0.224,0.2,0.919,0.967,0.927,0.951,0.93,0.07,0,0.95,0,0.05
,,,20K163,P.S. 163 Bath Beach,K-8,627,0.73,0.77,Excellent,Excellent,Good,0.84,0.91,0.76,0.91,0.78,0.94,0.95,0.84,0.97,,,0.483,0.517,0,0.284,0.214,0,0.1,0.099,0.78,0.094,0.732,0.346,0.022,0.378,0,0,0.25,0.109,0,N<5,0,0,0.8,0.2,0.372,0.02,0.413,0.004,0.002,0.188,0.482,0.015,0.265,0.004,0.001,0.22,5.2,0.873,0.938,0.76,0.956,0.92,0.08,0,0.97,0,0.03
,,,20K164,P.S. 164 Caesar Rodney,Elementary,479,0.6,0.65,Good,Excellent,Excellent,0.85,0.89,0.95,0.87,0.86,0.9,0.97,0.93,0.98,,,0.505,0.495,0,0.177,0.28,0.006,0.113,0.157,0.869,0.075,0.785,0.436,0.021,0.397,0.002,0,0.134,0.161,0.089,0.089,0,0,0.661,0.5,0.392,0.023,0.418,0.005,0,0.148,0.501,0.009,0.248,0.004,0.001,0.224,10.1,0.875,0.945,0.857,0.962,0.89,0.11,0,0.99,N/A,N/A
,,,20K170,Ralph A. Fabrizio School,Elementary,843,0.65,0.69,Excellent,Excellent,Excellent,0.92,1,0.94,0.93,0.98,0.97,0.98,0.95,0.99,,,0.476,0.524,0,0.326,0.176,0.004,0.119,0.034,0.828,0.085,0.765,0.585,0.007,0.181,0.004,0,0.21,0.314,N<5,N<5,0,0,0.614,0.3,0.512,0.009,0.21,0.004,0,0.246,0.501,0.009,0.248,0.004,0.001,0.224,15,0.9,0.954,0.869,0.96,0.95,0.05,0,1,0,0
,,,20K176,P.S. 176 Ovington,Elementary,1116,0.62,0.7,Excellent,Excellent,Excellent,0.86,0.85,0.87,0.88,0.91,0.91,0.98,0.91,0.98,,,0.478,0.522,0,0.29,0.144,0.001,0.092,0.036,0.816,0.034,0.754,0.634,0.007,0.239,0.007,0,0.107,0.25,N<5,0.083,0,0,0.619,0.2,0.61,0.007,0.253,0.007,0,0.114,0.501,0.009,0.248,0.004,0.001,0.224,19.6,0.798,0.957,0.876,0.97,0.94,0.06,0,0.98,0,0.02
,,,20K179,P.S. 179 Kensington,Elementary,642,0.38,0.46,Fair,Good,Excellent,0.81,,0.86,0.74,0.82,0.82,0.96,0.93,0.97,,,0.495,0.505,0,0.523,0.145,0.002,0.047,0.078,0.88,0.087,0.843,0.628,0.023,0.202,0.009,0.003,0.132,0.115,N<5,0.096,0,0,0.712,0.3,0.543,0.033,0.23,0.004,0.003,0.17,0.501,0.009,0.248,0.004,0.001,0.224,7,0.846,0.922,0.718,0.949,0.78,0.22,0,0.92,N/A,N/A
,,,20K180,The SEEALL Academy,K-8,856,0.5,0.59,Good,Good,Good,0.78,0.92,0.69,0.62,0.76,0.79,0.95,0.84,0.95,,,0.498,0.502,0,0.245,0.175,0.006,0.116,0.028,0.87,0.082,0.807,0.412,0.006,0.36,0.006,0,0.206,0.089,N<5,0.101,0,0,0.785,0.7,0.37,0.016,0.378,0.005,0,0.223,0.482,0.015,0.265,0.004,0.001,0.22,4.8,0.911,0.947,0.843,0.955,0.9,0.1,0,0.95,0.02,0.03
,,,20K185,P.S. 185 Walter Kassenbrock,Elementary,585,0.57,0.67,Good,Good,Excellent,0.86,0.79,0.86,0.84,0.87,0.91,0.97,0.95,0.94,,,0.465,0.535,0,0.058,0.197,0.002,0.126,0.024,0.468,0.015,0.395,0.113,0.019,0.21,0.002,0,0.619,N<5,N<5,0,0,0,0.929,0.4,0.139,0.034,0.277,0.005,0,0.508,0.501,0.009,0.248,0.004,0.001,0.224,9.2,0.762,0.936,0.814,0.971,1,0,0,0.99,N/A,N/A
,,,20K186,P.S. 186 Dr. Irving A Gladstone,Elementary,993,0.55,0.59,Good,Excellent,Excellent,0.84,0.74,0.78,0.86,0.93,0.92,0.97,0.9,0.97,,,0.493,0.507,0,0.391,0.153,0.004,0.087,0.046,0.806,0.037,0.75,0.343,0.008,0.31,0.005,0,0.321,N<5,N<5,0.075,N<5,N<5,0.875,0.2,0.385,0.009,0.303,0.006,0.001,0.287,0.501,0.009,0.248,0.004,0.001,0.224,19.9,0.863,0.946,0.841,0.961,0.86,0.14,0,0.99,N/A,N/A
,,,20K187,The Christa McAuliffe School\I.S. 187,Middle,925,0.61,1.03,Excellent,Excellent,Good,0.8,0.92,0.81,0.92,0.71,0.89,0.94,0.86,0.97,3.64,3.82,0.482,0.518,0,0.071,0.149,0.004,0.074,0.066,0.697,0.046,0.619,0.772,0.013,0.092,0.003,0.003,0.108,0.2,0,0.092,0,0,0.692,1,0.618,0.008,0.242,0.004,0.001,0.121,0.536,0.021,0.285,0.005,0.002,0.144,1.7,0.754,0.974,0.952,0.964,0.96,N/A,N/A,0.98,N/A,N/A
,,,20K192,P.S. 192 - The Magnet School for Math and Science Inquiry,K-8,545,0.45,0.47,Fair,Excellent,Excellent,0.76,0.91,0.66,0.89,0.7,0.89,0.96,0.92,0.96,,,0.494,0.506,0,0.268,0.209,0.033,0.138,0.022,0.908,0.211,0.848,0.198,0.011,0.389,0.007,0.002,0.391,N<5,N<5,0.208,0,0,0.679,0.4,0.227,0.032,0.368,0.008,0,0.364,0.482,0.015,0.265,0.004,0.001,0.22,4,0.755,0.923,0.725,0.962,0.94,0.06,0,0.99,N/A,N/A
,,,20K200,P.S. 200 Benson School,Elementary,1218,0.5,0.57,Good,Good,Good,0.81,0.8,0.87,0.89,0.8,0.9,0.94,0.85,0.96,,,0.472,0.528,0,0.327,0.159,0.029,0.06,0.044,0.872,0.057,0.829,0.377,0.013,0.189,0.002,0,0.41,0.12,0,0.076,0,0,0.772,0.3,0.399,0.016,0.281,0.004,0,0.286,0.501,0.009,0.248,0.004,0.001,0.224,1.8,0.696,0.914,0.688,0.96,0.85,N/A,N/A,0.94,N/A,N/A
,,,20K201,The Madeleine Brennan School,Middle,1595,0.57,0.87,Excellent,Good,Good,0.78,0.91,0.63,0.87,0.66,0.92,0.94,0.76,0.95,3.29,3.4,0.48,0.52,0,0.099,0.147,0.006,0.088,0.045,0.67,0.05,0.621,0.607,0.004,0.195,0.006,0.001,0.182,0.057,0,0.104,0,0,0.802,0.6,0.626,0.007,0.175,0.006,0.001,0.176,0.536,0.021,0.285,0.005,0.002,0.144,11.1,0.868,0.955,0.849,0.965,0.91,N/A,N/A,0.94,N/A,N/A
,,,20K204,P.S. 204 Vince Lombardi,Elementary,992,0.55,0.65,Good,Excellent,Excellent,0.84,0.89,0.87,0.83,0.9,0.88,0.96,0.9,0.98,,,0.469,0.531,0,0.217,0.199,0.016,0.088,0.087,0.697,0.034,0.667,0.563,0.003,0.223,0.011,0.001,0.197,0.068,0,0.082,0,0,0.795,0.3,0.641,0.003,0.154,0.004,0.001,0.187,0.501,0.009,0.248,0.004,0.001,0.224,3.8,0.863,0.943,0.817,0.954,0.99,N/A,N/A,0.99,N/A,N/A
,,,20K205,P.S. 205 Clarion,Elementary,1048,0.55,0.66,Good,Excellent,Excellent,0.86,0.96,0.91,0.9,0.9,0.89,0.97,0.93,0.98,,,0.519,0.481,0,0.284,0.168,0.008,0.062,0.076,0.769,0.05,0.715,0.565,0.008,0.272,0.006,0,0.138,0.099,N<5,N<5,0,0,0.802,0.3,0.555,0.007,0.242,0.006,0,0.184,0.501,0.009,0.248,0.004,0.001,0.224,6.2,0.901,0.94,0.81,0.959,0.82,0.12,0.06,0.98,0,0.02
,,,20K220,J.H.S. 220 John J. Pershing,Middle,1249,0.67,0.74,Excellent,Excellent,Good,0.78,0.89,0.66,0.87,0.71,0.89,0.95,0.79,0.96,2.88,3.04,0.484,0.516,0,0.301,0.185,0.011,0.11,0.05,0.897,0.114,0.847,0.617,0.008,0.324,0.001,0.006,0.043,0.231,0.065,0.204,0,0,0.481,0.4,0.645,0.009,0.298,0.002,0.007,0.037,0.536,0.021,0.285,0.005,0.002,0.144,7,0.833,0.954,0.855,0.963,0.88,0.12,0,0.97,0,0.03
,,,20K223,J.H.S. 223 The Montauk,Middle,662,0.52,0.6,Good,Good,Good,0.76,0.84,0.6,0.86,0.66,0.86,0.91,0.75,0.95,2.9,3.08,0.412,0.588,0,0.261,0.168,0,0.085,0.071,0.896,0.134,0.841,0.483,0.03,0.347,0.006,0,0.131,0.089,N<5,0.107,N<5,N<5,0.732,0.8,0.358,0.036,0.35,0.007,0.003,0.231,0.536,0.021,0.285,0.005,0.002,0.144,15,0.839,0.922,0.734,0.951,0.88,0.12,0,0.99,N/A,N/A
,,,20K227,J.H.S. 227 Edward B. Shallow,Middle,1362,0.51,0.62,Good,Excellent,Good,0.78,0.86,0.68,0.86,0.72,0.91,0.93,0.74,0.95,2.91,2.94,0.467,0.533,0,0.263,0.141,0.011,0.084,0.037,0.826,0.081,0.75,0.471,0.01,0.39,0.005,0.001,0.12,0.086,0.076,0.095,0,0,0.686,0.6,0.437,0.01,0.376,0.003,0.001,0.167,0.536,0.021,0.285,0.005,0.002,0.144,11.1,0.829,0.934,0.8,0.956,0.97,N/A,N/A,0.98,N/A,N/A
,,,20K229,P.S. 229 Dyker,K-8,1095,0.49,0.71,Good,Excellent,Good,0.76,0.87,0.68,0.83,0.69,0.89,0.95,0.88,0.94,,,0.489,0.511,0,0.176,0.176,0.006,0.092,0.051,0.579,0.014,0.519,0.608,0.014,0.167,0.003,0.001,0.195,0.1,N<5,0.113,N<5,0,0.713,0.3,0.592,0.014,0.187,0.002,0,0.193,0.482,0.015,0.265,0.004,0.001,0.22,6.1,0.925,0.949,0.849,0.968,0.97,N/A,N/A,0.96,0,0.04
,,,20K247,P.S. 247 Brooklyn,Elementary,746,0.62,0.69,Excellent,Excellent,Excellent,0.8,0.64,0.94,0.95,0.9,0.93,0.97,0.92,0.98,,,0.516,0.484,0,0.338,0.223,0.003,0.21,0.003,0.759,0.064,0.692,0.58,0.008,0.145,0.004,0.001,0.252,0.083,N<5,N<5,0,0,0.833,0.2,0.503,0.004,0.257,0.006,0,0.221,0.501,0.009,0.248,0.004,0.001,0.224,1.1,0.867,0.938,0.798,0.967,0.91,0.09,0,0.98,N/A,N/A
,,,20K259,J.H.S. 259 William McKinley,Middle,1731,0.57,0.81,Excellent,Excellent,Good,0.84,0.91,0.68,0.94,0.73,0.96,0.94,0.76,0.95,3.27,3.38,0.467,0.533,0,0.12,0.139,0.005,0.09,0.034,0.776,0.106,0.709,0.527,0.008,0.224,0.005,0.001,0.22,0.078,N<5,0.112,0,0,0.759,0.7,0.561,0.009,0.228,0.004,0.001,0.188,0.536,0.021,0.285,0.005,0.002,0.144,20,0.879,0.947,0.843,0.966,0.98,N/A,N/A,0.98,N/A,N/A
,,,20K264,P.S. 264 Bay Ridge Elementary School For The Arts,Elementary,401,0.56,0.63,Good,Good,Good,0.85,0.4,0.76,0.77,0.87,0.87,0.96,0.91,0.9,,,0.476,0.524,0,0.162,0.197,0.002,0.105,0.052,0.653,0.04,0.611,0.13,0.012,0.327,0,0,0.489,N<5,N<5,N<5,0,0,0.75,0.2,0.149,0.028,0.349,0.005,0,0.447,0.501,0.009,0.248,0.004,0.001,0.224,6,0.875,0.931,0.759,0.965,0.98,N/A,N/A,0.98,N/A,N/A
,,,20K310,The School For Future Leaders,Elementary,545,0.61,0.71,Excellent,Excellent,Excellent,0.94,0.91,0.89,0.94,0.98,0.98,0.99,0.96,0.98,,,0.459,0.541,0,0.365,0.143,0,0.079,0.035,0.872,0.013,0.806,0.82,0,0.103,0,0.002,0.062,0.675,N<5,N<5,0,0,0.225,0.3,0.767,0.004,0.125,0.003,0.001,0.091,0.501,0.009,0.248,0.004,0.001,0.224,14.2,0.75,0.974,0.947,0.969,0.88,0.13,0,1,0,0
,,,20K503,P.S. 503: The School of Discovery,Elementary,586,0.6,0.5,Good,Good,Excellent,0.78,0.8,0.61,0.8,0.87,0.88,0.98,0.96,0.99,,,0.531,0.469,0,0.575,0.34,0.019,0.208,0.078,0.911,0.246,0.845,0.171,0,0.756,0.003,0,0.065,0.111,N<5,0.347,0,0,0.472,0.3,0.156,0.012,0.754,0.002,0,0.07,0.501,0.009,0.248,0.004,0.001,0.224,9.2,0.833,0.925,0.738,0.956,0.96,N/A,N/A,0.98,0,0.02
,,,20K506,P.S. 506: The School of Journalism & Technology,Elementary,379,0.42,0.37,Fair,Good,Excellent,0.8,1,0.81,0.76,0.82,0.79,0.97,0.92,0.96,,,0.478,0.522,0,0.383,0.301,0,0.135,0.098,0.932,0.145,0.884,0.314,0.005,0.633,0.003,0,0.042,N<5,N<5,0.318,0,0,0.545,0.2,0.153,0.016,0.752,0.002,0,0.07,0.501,0.009,0.248,0.004,0.001,0.224,9.2,0.932,0.927,0.749,0.942,0.87,N/A,N/A,0.98,N/A,N/A
,,,20K609,Urban Assembly School for Leadership and Empowerment,Middle,170,0.37,0.55,Fair,Excellent,Fair,0.77,0.83,0.76,0.87,0.67,0.89,0.9,0.73,0.93,3.01,2.95,1,0,0,0.118,0.129,0,0.124,0,0.83,0.101,0.802,0.529,0.059,0.171,0.041,0,0.194,N<5,N<5,0.22,N<5,0,0.62,1.2,0.391,0.044,0.337,0.006,0.004,0.2,0.536,0.021,0.285,0.005,0.002,0.144,3,0.82,0.924,0.682,0.96,0.99,N/A,N/A,0.94,N/A,N/A
,,,20K682,The Academy of Talented Scholars,Elementary,367,0.59,0.66,Good,Excellent,Excellent,0.83,0.91,0.8,0.81,0.94,0.89,0.97,0.95,0.98,,,0.463,0.537,0,0.259,0.232,0,0.207,0.005,0.676,0.079,0.602,0.324,0.014,0.095,0,0.005,0.54,N<5,N<5,N<5,0,0,0.776,0.3,0.412,0.015,0.144,0.006,0.002,0.408,0.501,0.009,0.248,0.004,0.001,0.224,15.2,0.816,0.933,0.792,0.954,0.95,N/A,N/A,0.98,N/A,N/A
,,,20K686,Brooklyn School of Inquiry,K-8,500,0.5,0.87,Excellent,Excellent,Good,0.79,0.74,0.7,0.83,0.66,0.91,0.95,0.92,0.92,,,0.48,0.52,0,0.068,0.1,0.01,0.032,0.006,0.421,0.014,0.324,0.35,0.072,0.05,0,0.004,0.468,N<5,N<5,N<5,0,0,0.714,2.2,0.391,0.044,0.241,0.007,0.001,0.303,0.482,0.015,0.265,0.004,0.001,0.22,7.1,0.75,0.95,0.873,0.955,0.96,N/A,N/A,0.96,N/A,N/A
,,,20K748,P.S. 748 Brooklyn School for Global Scholars,Elementary,420,0.55,0.64,Good,Excellent,Excellent,0.88,0.95,0.91,0.86,0.89,0.87,0.95,0.91,0.97,,,0.443,0.557,0,0.176,0.169,0,0.126,0.007,0.774,0.043,0.731,0.448,0.005,0.274,0.007,0,0.248,N<5,0,0.162,0,0,0.757,0.3,0.451,0.015,0.315,0.003,0.001,0.205,0.501,0.009,0.248,0.004,0.001,0.224,14.2,0.703,0.943,0.823,0.957,0.95,N/A,N/A,0.97,N/A,N/A
,,,20K936,MS 936 Arts Off 3rd,Middle,458,0.56,0.62,Excellent,Good,Good,0.76,0.86,0.61,0.87,0.72,0.83,0.92,0.9,0.96,3,2.71,0.646,0.354,0,0.116,0.21,0.024,0.129,0.035,0.761,0.188,0.683,0.081,0.007,0.712,0.002,0,0.186,N<5,N<5,N<5,0,0,0.8,0.4,0.163,0.017,0.763,0.003,0,0.049,0.536,0.021,0.285,0.005,0.002,0.144,0.7,0.571,0.947,0.868,0.962,1,0,0,0.96,N/A,N/A
,,,20K971,"School of Math, Science, and Healthy Living",Elementary,197,0.46,0.46,Fair,Good,Excellent,0.7,1,0.83,0.79,0.86,0.82,0.98,0.94,0.97,,,0.452,0.548,0,0.34,0.244,0.005,0.162,0.03,0.858,0.071,0.782,0.284,0.005,0.569,0,0.005,0.127,N<5,N<5,N<5,0,0,0.545,0.2,0.208,0.012,0.671,0.003,0,0.1,0.501,0.009,0.248,0.004,0.001,0.224,0.1,0.909,0.935,0.761,0.942,0.7,N/A,N/A,0.96,N/A,N/A
,,,21K090,P.S. 90 Edna Cohen School,Elementary,399,0.45,0.47,Fair,Good,Good,0.84,1,0.87,0.88,0.89,0.92,0.97,0.91,0.94,,,0.489,0.511,0,0.251,0.231,0.015,0.125,0.053,0.934,0.168,0.897,0.135,0.203,0.489,0.008,0.003,0.15,0.114,0.136,0.227,0,0,0.5,0.3,0.166,0.081,0.436,0,0.003,0.295,0.289,0.068,0.233,0.009,0.001,0.387,15,0.727,0.868,0.472,0.959,0.93,N/A,N/A,0.97,N/A,N/A
,,,21K095,P.S. 095 The Gravesend,K-8,936,0.57,0.61,Good,Excellent,Excellent,0.81,0.92,0.82,0.9,0.77,0.91,0.95,0.94,0.98,,,0.483,0.517,0,0.161,0.171,0,0.095,0.051,0.79,0.045,0.738,0.347,0.043,0.323,0.011,0.001,0.263,0.074,0.103,N<5,0,0,0.735,0.3,0.341,0.026,0.372,0.01,0.003,0.24,0.277,0.082,0.25,0.007,0.002,0.367,13.7,0.912,0.925,0.745,0.972,0.99,N/A,N/A,0.99,N/A,N/A
,,,21K096,I.S. 096 Seth Low,Middle,873,0.49,0.5,Good,Excellent,Good,0.82,0.9,0.72,0.93,0.74,0.91,0.95,0.85,0.97,2.7,2.7,0.486,0.514,0,0.321,0.226,0.001,0.173,0.037,0.848,0.101,0.797,0.243,0.06,0.342,0.003,0.001,0.34,0.052,0.156,0.167,0,0,0.573,0.5,0.386,0.02,0.245,0.004,0.001,0.335,0.303,0.06,0.227,0.005,0.002,0.384,3.3,0.677,0.915,0.706,0.968,0.98,N/A,N/A,0.97,0,0.03
,,,21K097,P.S. 97 The Highlawn,Elementary,798,0.53,0.62,Good,Excellent,Excellent,0.89,1,0.96,0.94,0.92,0.95,0.98,0.93,0.98,,,0.476,0.524,0,0.351,0.169,0.004,0.107,0.041,0.756,0.036,0.69,0.509,0.01,0.217,0.006,0,0.243,0.151,0,0.096,0,0,0.712,0.2,0.433,0.008,0.253,0.01,0.002,0.283,0.289,0.068,0.233,0.009,0.001,0.387,10.2,0.753,0.943,0.803,0.964,0.97,N/A,N/A,0.99,N/A,N/A
,,,21K098,I.S. 98 Bay Academy,Middle,1430,0.67,1,Excellent,Excellent,Good,0.85,0.93,0.66,0.91,0.73,0.95,0.96,0.85,0.96,3.41,3.56,0.526,0.474,0,0.025,0.097,0.006,0.059,0.02,0.612,0.031,0.534,0.351,0.02,0.103,0.003,0,0.51,0.082,0.082,N<5,N<5,N<5,0.795,1.5,0.232,0.064,0.203,0.006,0.006,0.473,0.303,0.06,0.227,0.005,0.002,0.384,15,0.836,0.929,0.744,0.955,0.98,N/A,N/A,0.99,N/A,N/A
,,,21K099,P.S. 099 Isaac Asimov,K-8,804,0.43,0.39,Fair,Fair,Good,0.72,0.85,0.57,0.7,0.65,0.68,0.95,0.86,0.95,,,0.511,0.489,0,0.332,0.123,0,0.062,0.045,0.862,0.073,0.828,0.419,0.042,0.183,0.011,0.007,0.328,0.088,N<5,0.103,0,0,0.75,0.3,0.402,0.065,0.168,0.017,0.009,0.331,0.277,0.082,0.25,0.007,0.002,0.367,3.2,0.662,0.906,0.627,0.96,0.98,N/A,N/A,0.96,N/A,N/A
,,,21K100,P.S. 100 The Coney Island School,Elementary,588,0.51,0.6,Good,Good,Excellent,0.81,0.8,0.76,0.73,0.79,0.76,0.96,0.94,0.95,,,0.498,0.502,0,0.257,0.18,0.002,0.09,0.06,0.602,0.099,0.561,0.063,0.02,0.043,0.005,0.002,0.854,N<5,N<5,N<5,0,0,0.813,0.2,0.056,0.011,0.037,0,0,0.877,0.289,0.068,0.233,0.009,0.001,0.387,8.1,0.917,0.923,0.73,0.96,0.99,N/A,N/A,0.98,N/A,N/A
,,,21K101,P.S. 101 The Verrazano,Elementary,1079,0.58,0.7,Excellent,Excellent,Excellent,0.91,0.94,0.95,0.97,0.98,0.99,0.98,0.93,0.99,,,0.5,0.5,0,0.222,0.209,0.002,0.151,0.038,0.757,0.027,0.661,0.539,0.016,0.154,0.007,0.001,0.274,0.274,0,N<5,0,0,0.655,0.2,0.535,0.014,0.163,0.003,0.002,0.265,0.289,0.068,0.233,0.009,0.001,0.387,19,0.762,0.943,0.814,0.959,0.98,N/A,N/A,0.96,N/A,N/A
,,,21K121,P.S. 121 Nelson A. Rockefeller,K-8,304,0.45,0.55,Good,Excellent,Excellent,0.76,0.9,0.73,0.88,0.74,0.88,0.97,0.93,0.97,,,0.461,0.539,0,0.286,0.266,0.01,0.211,0.01,0.759,0.105,0.688,0.214,0.043,0.359,0.01,0.003,0.345,N<5,N<5,0.122,0,0,0.755,0.5,0.324,0.026,0.36,0.005,0.002,0.276,0.277,0.082,0.25,0.007,0.002,0.367,5.2,0.918,0.926,0.757,0.961,0.97,N/A,N/A,0.99,N/A,N/A
,,,21K128,P.S. 128 Bensonhurst,Elementary,463,0.32,0.36,Fair,Excellent,Good,0.89,0.71,0.93,0.9,0.93,0.95,0.95,0.88,0.96,,,0.451,0.549,0,0.456,0.186,0.004,0.114,0.05,0.855,0.078,0.806,0.3,0.035,0.21,0.006,0,0.438,N<5,0,N<5,0,0,0.85,0.2,0.321,0.009,0.264,0,0,0.399,0.289,0.068,0.233,0.009,0.001,0.387,11.2,0.875,0.926,0.755,0.954,0.99,N/A,N/A,0.96,N/A,N/A
,,,21K153,P.S. 153 Homecrest,Elementary,490,0.39,0.41,Fair,Fair,Good,0.6,,0.65,0.71,0.71,0.67,0.91,0.89,0.95,,,0.48,0.52,0,0.361,0.184,0.006,0.092,0.067,0.882,0.055,0.847,0.257,0.02,0.29,0.031,0,0.388,0.13,0,N<5,0,0,0.804,0.3,0.256,0.023,0.258,0.033,0,0.42,0.289,0.068,0.233,0.009,0.001,0.387,21.1,0.826,0.915,0.663,0.965,0.93,N/A,N/A,0.95,N/A,N/A
,,,21K177,P.S. 177 The Marlboro,Elementary,829,0.53,0.54,Good,Fair,Good,0.73,0.45,0.87,0.65,0.8,0.7,0.96,0.93,0.9,,,0.469,0.531,0,0.407,0.207,0.027,0.086,0.07,0.884,0.07,0.826,0.294,0.018,0.286,0.002,0,0.392,N<5,N<5,0.074,N<5,N<5,0.868,0.2,0.29,0.028,0.256,0.005,0,0.41,0.289,0.068,0.233,0.009,0.001,0.387,1.7,0.868,0.928,0.736,0.97,0.94,0.06,0,0.97,N/A,N/A
,,,21K188,P.S. 188 Michael E. Berdy,Elementary,218,0.38,0.33,Fair,Fair,Good,0.76,,0.53,0.8,0.74,0.82,0.92,0.95,0.94,,,0.404,0.596,0,0.128,0.335,0.023,0.106,0.183,> 95%,0.133,> 95%,0.041,0.514,0.326,0.009,0,0.083,N<5,0.467,N<5,N<5,N<5,0.4,0.2,0.042,0.532,0.321,0.03,0,0.06,0.289,0.068,0.233,0.009,0.001,0.387,4.6,0.567,0.858,0.387,0.944,0.97,N/A,N/A,0.99,N/A,N/A
,,,21K199,P.S. 199 Frederick Wachtel,Elementary,504,0.39,0.39,Fair,Good,Good,0.79,1,0.79,0.86,0.87,0.89,0.95,0.9,0.96,,,0.435,0.565,0,0.385,0.282,0.01,0.085,0.159,0.853,0.113,0.81,0.23,0.081,0.218,0.004,0,0.452,N<5,N<5,N<5,0,0,0.815,0.4,0.2,0.061,0.245,0.009,0.002,0.467,0.289,0.068,0.233,0.009,0.001,0.387,1.1,0.796,0.904,0.62,0.961,0.97,N/A,N/A,0.98,0,0.02
,,,21K209,P.S. 209 Margaret Mead,K-8,725,0.52,0.47,Fair,Excellent,Good,0.77,0.9,0.76,0.87,0.74,0.9,0.96,0.87,0.97,,,0.473,0.527,0,0.327,0.192,0.001,0.113,0.065,0.775,0.07,0.732,0.28,0.023,0.228,0.001,0.001,0.45,N<5,N<5,N<5,0,0,0.857,0.3,0.283,0.034,0.167,0.001,0.001,0.497,0.277,0.082,0.25,0.007,0.002,0.367,3,0.893,0.923,0.687,0.961,0.98,N/A,N/A,0.98,N/A,N/A
,,,21K212,P.S. 212 Lady Deborah Moody,Elementary,542,0.47,0.47,Good,Good,Excellent,0.91,1,0.81,0.92,0.93,0.91,0.98,0.96,0.98,,,0.502,0.498,0,0.317,0.295,0.015,0.135,0.113,0.843,0.061,0.79,0.271,0.083,0.41,0.006,0,0.22,N<5,N<5,0.167,0,0,0.722,0.3,0.355,0.033,0.31,0,0,0.288,0.289,0.068,0.233,0.009,0.001,0.387,9.2,0.778,0.91,0.631,0.963,0.97,N/A,N/A,0.97,N/A,N/A
,,,21K215,P.S. 215 Morris H. Weiss,Elementary,667,0.46,0.54,Fair,Good,Excellent,0.83,1,0.85,0.9,0.88,0.93,0.96,0.9,0.98,,,0.463,0.537,0,0.283,0.168,0.006,0.087,0.042,0.769,0.037,0.703,0.277,0.012,0.241,0.003,0.001,0.456,0.115,N<5,N<5,N<5,0,0.692,0.4,0.247,0.018,0.237,0.009,0,0.484,0.289,0.068,0.233,0.009,0.001,0.387,1.6,0.865,0.921,0.681,0.962,0.99,N/A,N/A,0.98,N/A,N/A
,,,21K216,P.S. 216 Arturo Toscanini,Elementary,682,0.52,0.56,Good,Good,Excellent,0.83,,0.76,0.9,0.87,0.91,0.97,0.9,0.97,,,0.499,0.501,0,0.396,0.182,0.015,0.097,0.034,0.793,0.066,0.74,0.277,0.031,0.194,0.01,0.004,0.478,N<5,0,N<5,0,0,0.93,0.3,0.263,0.048,0.212,0.004,0,0.467,0.289,0.068,0.233,0.009,0.001,0.387,10,0.825,0.917,0.683,0.962,1,0,0,0.96,N/A,N/A
,,,21K225,P.S. K225 - The Eileen E. Zaglin,K-8,993,0.35,0.35,Fair,Good,Good,0.71,0.87,0.64,0.88,0.66,0.89,0.93,0.86,0.95,,,0.47,0.53,0,0.419,0.156,0,0.102,0.043,0.885,0.07,0.863,0.168,0.017,0.267,0.012,0.001,0.527,N<5,N<5,0.106,0,0,0.847,0.2,0.173,0.01,0.21,0.011,0,0.583,0.277,0.082,0.25,0.007,0.002,0.367,1.6,0.788,0.874,0.514,0.941,0.94,N/A,N/A,0.96,N/A,N/A
,,,21K226,P.S. 226 Alfred De B. Mason,K-8,860,0.42,0.44,Fair,Good,Good,0.73,0.89,0.59,0.81,0.69,0.85,0.94,0.9,0.96,,,0.485,0.515,0,0.341,0.197,0.012,0.073,0.093,0.854,0.076,0.77,0.279,0.017,0.338,0.009,0,0.35,0.063,N<5,0.113,0,0,0.775,0.2,0.334,0.008,0.284,0.005,0.002,0.36,0.277,0.082,0.25,0.007,0.002,0.367,8.2,0.85,0.928,0.733,0.961,0.95,0.05,0,0.98,N/A,N/A
,,,21K228,I.S. 228 David A. Boody,Middle,1550,0.48,0.67,Excellent,Good,Good,0.79,0.91,0.64,0.86,0.69,0.9,0.94,0.82,0.94,3.04,3.17,0.479,0.521,0,0.128,0.149,0,0.098,0.033,0.711,0.053,0.641,0.288,0.02,0.238,0.004,0.003,0.434,0.109,0.059,0.101,0,0,0.723,0.7,0.355,0.043,0.294,0.004,0.002,0.291,0.303,0.06,0.227,0.005,0.002,0.384,17.2,0.723,0.921,0.715,0.965,0.99,N/A,N/A,0.99,N/A,N/A
,,,21K238,P.S. 238 Anne Sullivan,K-8,523,0.39,0.27,Fair,Fair,Fair,0.72,0.89,0.61,0.83,0.66,0.9,0.91,0.8,0.94,,,0.509,0.491,0,0.48,0.201,0,0.09,0.09,0.93,0.067,0.899,0.237,0.025,0.432,0,0,0.3,N<5,N<5,0.093,0,0,0.741,0.2,0.287,0.044,0.305,0,0,0.354,0.277,0.082,0.25,0.007,0.002,0.367,19.1,0.741,0.896,0.545,0.957,0.76,0.15,0.09,0.98,N/A,N/A
,,,21K239,Mark Twain I.S. 239 for the Gifted & Talented,Middle,1210,0.53,0.94,Excellent,Good,Good,0.79,0.87,0.65,0.83,0.69,0.88,0.93,0.85,0.93,3.63,3.7,0.541,0.459,0,0.024,0.13,0.004,0.08,0.026,0.467,0.022,0.386,0.34,0.112,0.113,0.004,0.005,0.369,0.088,N<5,0.125,N<5,0,0.75,3,0.328,0.062,0.253,0.005,0.002,0.336,0.303,0.06,0.227,0.005,0.002,0.384,13,0.925,0.941,0.821,0.96,0.95,N/A,N/A,0.95,0,0.05
,,,21K253,P.S. 253,Elementary,920,0.64,0.67,Excellent,Good,Excellent,0.9,0.94,0.88,0.95,0.94,0.96,0.98,0.92,0.97,,,0.451,0.549,0,0.285,0.163,0,0.082,0.06,0.896,0.082,0.851,0.305,0.009,0.274,0.009,0.002,0.382,0.088,N<5,0.147,0,0,0.647,0.2,0.314,0.008,0.385,0.018,0.003,0.257,0.289,0.068,0.233,0.009,0.001,0.387,2.2,0.75,0.911,0.661,0.957,0.98,N/A,N/A,1,0,0
,,,21K281,I.S. 281 Joseph B Cavallaro,Middle,1236,0.55,0.64,Good,Good,Good,0.72,0.82,0.56,0.74,0.64,0.77,0.91,0.79,0.95,2.93,2.96,0.475,0.525,0,0.252,0.177,0.006,0.109,0.052,0.815,0.088,0.744,0.409,0.061,0.267,0.006,0.002,0.244,0.132,0.077,N<5,N<5,0,0.67,0.6,0.432,0.028,0.214,0.008,0.002,0.3,0.303,0.06,0.227,0.005,0.002,0.384,12.2,0.769,0.929,0.779,0.957,0.99,N/A,N/A,0.98,N/A,N/A
,,,21K288,P.S. 288 The Shirley Tanyhill,K-8,445,0.27,0.16,Needs Improvement,Fair,Fair,0.74,0.83,0.6,0.8,0.7,0.73,0.92,0.82,0.89,,,0.521,0.479,0,0.038,0.294,0.018,0.115,0.135,> 95%,0.137,> 95%,0.009,0.62,0.306,0.007,0.002,0.054,0.1,0.32,0.18,0,0,0.38,0.2,0.014,0.617,0.29,0.019,0.004,0.049,0.277,0.082,0.25,0.007,0.002,0.367,10.2,0.88,0.826,0.309,0.957,0.95,N/A,N/A,0.98,N/A,N/A
,,,21K303,I.S. 303 Herbert S. Eisenberg,Middle,389,0.43,0.46,Fair,Excellent,Good,0.78,0.92,0.68,0.88,0.73,0.9,0.95,0.85,0.97,2.6,2.75,0.44,0.56,0,0.373,0.162,0,0.118,0.036,0.902,0.177,0.864,0.195,0.123,0.26,0.008,0,0.401,N<5,0.152,N<5,N<5,0,0.606,0.6,0.208,0.026,0.196,0.006,0.006,0.546,0.303,0.06,0.227,0.005,0.002,0.384,2,0.758,0.916,0.694,0.975,1,0,0,1,0,0
,,,21K329,P.S. 329 Surfside,Elementary,288,0.27,0.22,Needs Improvement,Good,Good,0.85,1,0.83,0.84,0.91,0.93,0.95,0.89,0.93,,,0.521,0.479,0,0.059,0.316,0.007,0.108,0.177,> 95%,0.219,0.944,0.035,0.559,0.319,0.056,0,0.01,N<5,0.429,0.25,0,0,0.179,0.2,0.034,0.567,0.264,0.038,0.009,0.072,0.289,0.068,0.233,0.009,0.001,0.387,16.1,0.75,0.852,0.426,0.972,0.58,0.14,0.28,0.96,0,0.04
,,,21K468,Kingsborough Early College School,Middle,295,0.4,0.52,Good,Good,Good,0.82,0.89,0.63,0.94,0.73,0.95,0.95,0.8,0.93,2.77,2.67,0.444,0.556,0,0.081,0.241,0.007,0.159,0.054,0.833,0.067,0.732,0.075,0.2,0.437,0.014,0.003,0.254,N<5,N<5,N<5,0,0,0.771,1.3,0.351,0.06,0.269,0.005,0.002,0.3,0.303,0.06,0.227,0.005,0.002,0.384,9.2,0.729,0.883,0.542,0.968,0.99,N/A,N/A,0.97,N/A,N/A
,,,21K690,Brooklyn Studio Secondary School,Middle,353,0.45,0.43,Fair,Good,,0.7,0.8,0.63,0.6,0.66,0.63,,,,2.57,2.45,0.47,0.53,0,0.241,0.215,0,0.15,0.059,0.867,0.068,0.77,0.133,0.034,0.433,0.003,0,0.388,0.141,N<5,0.085,0,0,0.718,0.4,0.323,0.019,0.268,0.003,0.002,0.375,0.303,0.06,0.227,0.005,0.002,0.384,13.8,0.704,0.948,0.845,0.959,0.96,N/A,N/A,0.96,0,0.04
,,,22K014,J.H.S. 014 Shell Bank,Middle,484,0.45,0.41,Fair,Good,Good,0.77,0.88,0.56,0.9,0.66,0.95,0.94,0.85,0.93,2.56,2.47,0.483,0.517,0,0.333,0.287,0,0.105,0.149,0.88,0.153,0.841,0.124,0.262,0.223,0.008,0.027,0.339,N<5,0.18,N<5,0,0,0.72,0.5,0.179,0.27,0.16,0.003,0.024,0.345,0.187,0.296,0.184,0.01,0.007,0.284,10.9,0.84,0.88,0.52,0.956,0.97,N/A,N/A,0.99,N/A,N/A
,,,22K052,P.S. 052 Sheepshead Bay,Elementary,671,0.42,0.46,Fair,Good,Good,0.83,1,0.88,0.87,0.88,0.92,0.95,0.9,0.95,,,0.486,0.514,0,0.39,0.154,0.004,0.072,0.036,0.812,0.091,0.745,0.188,0.088,0.161,0.006,0.006,0.531,0.085,N<5,0.085,0,0,0.746,0.3,0.173,0.026,0.109,0,0.013,0.667,0.208,0.234,0.17,0.012,0.009,0.341,7.2,0.831,0.902,0.595,0.971,0.92,0.08,0,0.98,N/A,N/A
,,,22K078,J.H.S. 078 Roy H. Mann,Middle,591,0.45,0.51,Fair,Excellent,Good,0.83,0.9,0.64,0.94,0.72,0.96,0.94,0.9,0.95,2.9,2.78,0.472,0.528,0,0.093,0.269,0.022,0.115,0.108,0.657,0.107,0.601,0.096,0.513,0.169,0.007,0.003,0.184,0,0.133,N<5,0,0,0.8,0.7,0.12,0.508,0.138,0.011,0.001,0.194,0.187,0.296,0.184,0.01,0.007,0.284,11.8,0.867,0.92,0.711,0.954,0.93,0.07,0,0.99,N/A,N/A
,,,22K109,P.S. 109,K-8,520,0.53,0.41,Good,Good,Excellent,0.82,0.9,0.64,0.89,0.74,0.87,0.97,0.93,0.96,,,0.471,0.529,0,0.138,0.287,0.004,0.11,0.16,0.853,0.331,0.796,0.035,0.723,0.187,0.006,0.006,0.025,N<5,0.408,0.143,0,0,0.408,0.6,0.043,0.764,0.117,0.014,0.007,0.025,0.191,0.314,0.159,0.011,0.008,0.291,8.1,0.776,0.88,0.542,0.957,0.96,N/A,N/A,0.93,N/A,N/A
,,,22K119,P.S. 119 Amersfort,Elementary,361,0.4,0.41,Fair,Good,Good,0.88,0.82,0.94,0.91,0.89,0.91,0.96,0.9,0.97,,,0.512,0.488,0,0.144,0.202,0.006,0.094,0.083,0.794,0.102,0.759,0.219,0.518,0.15,0.008,0.025,0.05,0,0.5,N<5,0,0,0.423,0.3,0.127,0.598,0.145,0.015,0.013,0.066,0.208,0.234,0.17,0.012,0.009,0.341,2.7,0.885,0.896,0.62,0.947,0.97,N/A,N/A,0.95,N/A,N/A
,,,22K134,P.S. K134,Elementary,527,0.7,0.78,Excellent,Good,Good,0.81,0.86,0.86,0.63,0.89,0.79,0.97,0.91,0.94,,,0.478,0.522,0,0.176,0.154,0,0.121,0.017,0.85,0.032,0.816,0.423,0.038,0.074,0.017,0.002,0.431,N<5,N<5,0.143,0,0,0.762,0.2,0.389,0.053,0.174,0.015,0.002,0.357,0.208,0.234,0.17,0.012,0.009,0.341,5.2,0.833,0.935,0.771,0.967,1,0,0,0.99,N/A,N/A
,,,22K139,P.S. 139 Alexine A. Fenty,Elementary,640,0.48,0.52,Good,Fair,Good,0.8,0.8,0.71,0.63,0.8,0.7,0.96,0.95,0.91,,,0.497,0.502,0.002,0.175,0.202,0.002,0.098,0.064,0.693,0.105,0.634,0.131,0.178,0.408,0.011,0,0.203,N<5,0.131,0.295,0,0,0.525,0.3,0.21,0.155,0.308,0.011,0.002,0.246,0.208,0.234,0.17,0.012,0.009,0.341,3.2,0.738,0.922,0.711,0.967,0.92,0.08,0,0.96,N/A,N/A
,,,22K152,School of Science & Technology,Elementary,455,0.45,0.39,Fair,Good,Excellent,0.83,0.8,0.96,0.84,0.91,0.9,0.96,0.94,0.97,,,0.457,0.543,0,0.231,0.218,0,0.092,0.105,0.89,0.145,0.853,0.099,0.475,0.288,0.018,0.002,0.084,N<5,0.19,0,0,0,0.738,0.5,0.124,0.463,0.204,0.015,0.003,0.151,0.208,0.234,0.17,0.012,0.009,0.341,7.2,0.833,0.897,0.604,0.961,0.98,N/A,N/A,0.95,N/A,N/A
,,,22K193,P.S. 193 Gil Hodges,Elementary,455,0.47,0.51,Good,Good,Excellent,0.88,1,0.93,0.82,0.91,0.89,0.97,0.93,0.96,,,0.492,0.508,0,0.187,0.176,0.009,0.09,0.053,0.735,0.037,0.688,0.189,0.266,0.16,0.035,0.007,0.305,N<5,0.293,N<5,0,0,0.585,0.5,0.176,0.194,0.17,0.015,0.001,0.414,0.208,0.234,0.17,0.012,0.009,0.341,0.1,0.854,0.921,0.71,0.948,0.97,N/A,N/A,0.97,N/A,N/A
,,,22K194,P.S. 194 Raoul Wallenberg,Elementary,458,0.43,0.42,Fair,Good,Excellent,0.91,1,0.9,0.94,0.95,0.97,0.99,0.93,0.99,,,0.439,0.561,0,0.253,0.299,0,0.129,0.138,0.905,0.199,0.862,0.052,0.384,0.277,0.007,0.122,0.14,N<5,0.098,0.118,0,0,0.706,0.3,0.135,0.36,0.184,0.002,0.058,0.244,0.208,0.234,0.17,0.012,0.009,0.341,8.1,0.804,0.893,0.536,0.961,0.99,N/A,N/A,0.99,N/A,N/A
,,,22K195,P.S. 195 Manhattan Beach,Elementary,363,0.62,0.73,Excellent,,Excellent,,,,,,,0.98,0.95,0.98,,,0.499,0.501,0,0.22,0.149,0.003,0.077,0.033,0.433,0.028,0.386,0.047,0.008,0.022,0,0,0.915,N<5,0,N<5,0,0,0.867,0.5,0.068,0.014,0.068,0,0,0.844,0.208,0.234,0.17,0.012,0.009,0.341,12,0.833,0.92,0.714,0.961,0.9,N/A,N/A,0.97,N/A,N/A
,,,22K197,P.S. 197 - The Kings Highway Academy,Elementary,1002,0.49,0.51,Good,Good,Excellent,0.85,0.84,0.85,0.88,0.93,0.95,0.97,0.91,0.97,,,0.495,0.505,0,0.394,0.15,0.002,0.067,0.053,0.806,0.15,0.747,0.266,0.067,0.094,0.003,0,0.551,0.107,N<5,0.08,0,0,0.76,0.3,0.212,0.046,0.114,0.005,0,0.6,0.208,0.234,0.17,0.012,0.009,0.341,0.7,0.72,0.918,0.668,0.965,0.94,0.06,0,0.98,N/A,N/A
,,,22K198,P.S. 198 Brooklyn,Elementary,256,0.45,0.42,Fair,Good,Excellent,0.84,1,0.89,0.9,0.87,0.93,0.97,0.96,0.97,,,0.516,0.484,0,0.055,0.219,0.004,0.102,0.105,0.803,0.133,0.746,0.051,0.801,0.117,0.016,0,0.004,N<5,0.393,0,N<5,0,0.429,0.4,0.041,0.745,0.135,0.017,0.009,0.024,0.208,0.234,0.17,0.012,0.009,0.341,2.7,0.929,0.89,0.593,0.98,0.96,N/A,N/A,0.97,N/A,N/A
,,,22K203,P.S. 203 Floyd Bennett School,Elementary,417,0.42,0.41,Fair,Good,Excellent,0.82,1,0.8,0.88,0.87,0.94,0.96,0.93,0.96,,,0.516,0.484,0,0.146,0.206,0,0.082,0.098,0.757,0.096,0.727,0.089,0.652,0.106,0.017,0.022,0.094,N<5,0.205,N<5,0,0,0.659,0.3,0.125,0.646,0.096,0.018,0.02,0.07,0.208,0.234,0.17,0.012,0.009,0.341,9,0.773,0.9,0.604,0.962,0.96,N/A,N/A,0.97,N/A,N/A
,,,22K206,P.S. 206 Joseph F Lamb,K-8,1542,0.38,0.49,Fair,Good,Good,0.73,0.83,0.59,0.79,0.64,0.81,0.95,0.88,0.96,,,0.488,0.512,0,0.302,0.138,0.001,0.089,0.027,0.705,0.042,0.653,0.406,0.014,0.105,0.005,0.001,0.451,0.068,0.103,0.077,0,0,0.726,0.3,0.387,0.026,0.113,0.005,0.001,0.456,0.191,0.314,0.159,0.011,0.008,0.291,0.1,0.838,0.925,0.737,0.961,0.96,0.04,0,0.99,N/A,N/A
,,,22K207,P.S. 207 Elizabeth G. Leary,K-8,874,0.48,0.52,Fair,Good,Good,0.77,0.9,0.64,0.84,0.68,0.87,0.95,0.94,0.94,,,0.494,0.506,0,0.092,0.213,0.005,0.12,0.058,0.526,0.034,0.474,0.24,0.279,0.161,0.01,0.006,0.269,N<5,N<5,N<5,0,0,0.862,0.4,0.255,0.224,0.162,0.011,0.005,0.306,0.191,0.314,0.159,0.011,0.008,0.291,6.2,0.954,0.924,0.741,0.96,0.95,0.05,0,0.98,N/A,N/A
,,,22K217,P.S. 217 Colonel David Marcus School,Elementary,878,0.41,0.49,Fair,Fair,Good,0.81,0.83,0.85,0.75,0.85,0.79,0.95,0.91,0.96,,,0.501,0.499,0,0.35,0.141,0.003,0.065,0.059,0.845,0.129,0.805,0.522,0.054,0.18,0.014,0.003,0.213,0.068,0.123,0.082,0,0,0.712,0.2,0.464,0.07,0.207,0.012,0.002,0.231,0.208,0.234,0.17,0.012,0.009,0.341,8.1,0.822,0.904,0.624,0.964,0.95,N/A,N/A,0.99,N/A,N/A
,,,22K222,P.S. 222 Katherine R. Snyder,Elementary,673,0.63,0.7,Excellent,Excellent,Excellent,0.9,0.7,0.93,0.92,0.94,0.96,0.98,0.94,0.96,,,0.464,0.536,0,0.122,0.254,0.006,0.152,0.07,0.551,0.043,0.483,0.33,0.155,0.15,0.007,0.007,0.319,0,N<5,N<5,0,0,0.926,0.4,0.32,0.101,0.18,0.009,0.007,0.34,0.208,0.234,0.17,0.012,0.009,0.341,12,0.897,0.932,0.779,0.962,0.97,N/A,N/A,0.98,N/A,N/A
,,,22K234,J.H.S. 234 Arthur W. Cunningham,Middle,1402,0.56,0.67,Good,Good,Good,0.76,0.87,0.59,0.79,0.63,0.81,0.93,0.86,0.94,2.91,3,0.488,0.512,0,0.197,0.15,0.006,0.081,0.051,0.768,0.082,0.711,0.273,0.074,0.141,0.011,0.004,0.46,0.092,0.138,0.055,0,0,0.697,0.5,0.243,0.03,0.164,0.008,0.006,0.527,0.187,0.296,0.184,0.01,0.007,0.284,6.6,0.881,0.919,0.702,0.966,0.97,N/A,N/A,0.98,N/A,N/A
,,,22K236,P.S. 236 Mill Basin,Elementary,522,0.58,0.69,Excellent,Excellent,Excellent,0.93,1,0.97,0.94,0.98,0.99,0.98,0.96,0.97,,,0.519,0.481,0,0.063,0.182,0.015,0.094,0.036,0.404,0.038,0.358,0.197,0.176,0.105,0.004,0,0.481,0,N<5,N<5,0,0,0.902,0.5,0.175,0.286,0.135,0.012,0.004,0.349,0.208,0.234,0.17,0.012,0.009,0.341,10.8,0.878,0.924,0.738,0.962,0.99,N/A,N/A,0.99,N/A,N/A
,,,22K240,Andries Hudde,Middle,398,0.42,0.33,Fair,Fair,Fair,0.71,0.9,0.49,0.8,0.65,0.74,0.88,0.86,0.9,2.53,2.31,0.462,0.538,0,0.259,0.269,0.013,0.123,0.09,0.885,0.259,0.817,0.133,0.518,0.168,0.02,0.008,0.146,N<5,0.289,N<5,0,0,0.526,0.8,0.164,0.41,0.162,0.02,0.004,0.217,0.187,0.296,0.184,0.01,0.007,0.284,1.2,0.921,0.895,0.584,0.967,0.97,N/A,N/A,0.92,0,0.08
,,,22K245,P.S. 245,Elementary,207,0.6,0.52,Good,Excellent,Excellent,0.92,0.8,0.98,0.95,0.96,0.99,0.97,0.96,0.96,,,0.522,0.478,0,0.208,0.319,0.034,0.106,0.164,0.806,0.101,0.749,0.014,0.464,0.454,0.039,0.005,0.024,N<5,0.364,N<5,N<5,N<5,0.545,0.2,0.006,0.505,0.319,0.022,0.003,0.105,0.208,0.234,0.17,0.012,0.009,0.341,11,1,0.922,0.746,0.974,0.86,N/A,N/A,0.97,N/A,N/A
,,,22K251,P.S. 251 Paerdegat,Elementary,278,0.34,0.32,Fair,Fair,Good,0.81,1,0.73,0.74,0.91,0.88,0.96,0.91,0.93,,,0.525,0.475,0,0.101,0.219,0.004,0.09,0.112,0.854,0.144,0.817,0.043,0.73,0.108,0.061,0.022,0.022,N<5,0.464,N<5,0,0,0.429,0.3,0.034,0.761,0.089,0.048,0.01,0.017,0.208,0.234,0.17,0.012,0.009,0.341,9.2,0.964,0.871,0.451,0.948,0.95,N/A,N/A,0.96,N/A,N/A
,,,22K254,P.S. 254 Dag Hammarskjold,Elementary,676,0.61,0.67,Good,Good,Excellent,0.77,0.73,0.85,0.81,0.8,0.84,0.94,0.94,0.96,,,0.472,0.528,0,0.398,0.149,0,0.095,0.028,0.661,0.102,0.601,0.197,0.015,0.102,0.006,0.001,0.652,0,0,N<5,N<5,0,0.917,0.3,0.312,0.018,0.125,0.002,0,0.512,0.208,0.234,0.17,0.012,0.009,0.341,8.1,0.854,0.911,0.686,0.961,0.93,N/A,N/A,0.95,N/A,N/A
,,,22K255,P.S. 255 Barbara Reing School,Elementary,810,0.5,0.56,Good,Good,Excellent,0.89,1,0.91,0.81,0.87,0.91,0.98,0.94,0.98,,,0.495,0.505,0,0.316,0.159,0.001,0.079,0.049,0.83,0.043,0.785,0.289,0.021,0.096,0.009,0.001,0.569,0,N<5,N<5,0,0,0.907,0.3,0.236,0.022,0.096,0.013,0.003,0.61,0.208,0.234,0.17,0.012,0.009,0.341,11,0.773,0.914,0.671,0.96,0.93,0.07,0,0.98,N/A,N/A
,,,22K277,P.S. 277 Gerritsen Beach,Elementary,261,0.51,0.63,Good,Excellent,Excellent,0.87,0.6,0.91,0.84,0.95,0.95,0.99,0.96,0.96,,,0.529,0.471,0,0.103,0.226,0.004,0.134,0.023,0.435,0.015,0.395,0.284,0.031,0.13,0,0,0.54,0,N<5,N<5,0,0,0.813,0.4,0.21,0.107,0.143,0.006,0.107,0.412,0.208,0.234,0.17,0.012,0.009,0.341,8.1,0.813,0.944,0.841,0.972,1,0,0,0.99,N/A,N/A
,,,22K278,J.H.S. 278 Marine Park,Middle,937,0.38,0.52,Fair,Needs Improvement,Fair,0.65,0.85,0.47,0.53,0.59,0.59,0.87,0.82,0.89,2.92,2.83,0.496,0.504,0,0.106,0.207,0.017,0.114,0.059,0.698,0.077,0.647,0.205,0.331,0.177,0.009,0.009,0.227,0.095,N<5,N<5,0,0,0.81,1.2,0.254,0.161,0.155,0.009,0.007,0.394,0.187,0.296,0.184,0.01,0.007,0.284,5.1,0.714,0.9,0.639,0.96,0.97,N/A,N/A,0.96,0,0.04
,,,22K312,P.S. 312 Bergen Beach,Elementary,545,0.56,0.59,Good,Excellent,Excellent,0.88,1,0.91,0.95,0.99,0.99,0.97,0.96,0.96,,,0.481,0.519,0,0.128,0.218,0.002,0.116,0.077,0.551,0.088,0.499,0.088,0.323,0.176,0.007,0.007,0.372,N<5,0,N<5,0,0,0.936,0.3,0.096,0.365,0.161,0.013,0.005,0.336,0.208,0.234,0.17,0.012,0.009,0.341,10,0.936,0.912,0.681,0.963,0.98,N/A,N/A,0.96,0,0.04
,,,22K315,P.S. K315,Elementary,493,0.47,0.44,Fair,Fair,Excellent,0.74,0.67,0.78,0.77,0.63,0.81,0.95,0.93,0.97,,,0.497,0.503,0,0.199,0.245,0.014,0.097,0.091,0.855,0.12,0.805,0.146,0.428,0.268,0.02,0.002,0.103,N<5,0.245,0.102,0,0,0.531,0.4,0.106,0.471,0.211,0.017,0.004,0.143,0.208,0.234,0.17,0.012,0.009,0.341,13.4,0.837,0.898,0.603,0.957,0.92,0.08,0,0.96,N/A,N/A
,,,22K361,P.S. 361 East Flatbush Early Childhood School,Elementary,372,0.44,0.41,Fair,Good,Excellent,0.88,1,0.76,0.91,0.93,0.96,0.97,0.89,0.98,,,0.503,0.497,0,0.199,0.296,0.013,0.097,0.153,0.891,0.21,0.844,0.083,0.656,0.218,0.011,0.003,0.013,N<5,0.297,N<5,0,0,0.595,0.3,0.018,0.747,0.159,0.016,0.004,0.032,0.208,0.234,0.17,0.012,0.009,0.341,11.1,0.865,0.898,0.596,0.975,0.99,N/A,N/A,0.95,N/A,N/A
,,,22K381,I. S. 381,Middle,280,0.42,0.45,Fair,Fair,Good,0.74,0.92,0.47,0.84,0.64,0.75,0.95,0.91,0.95,2.71,2.61,0.514,0.486,0,0.111,0.25,0.014,0.121,0.075,0.749,0.146,0.671,0.082,0.596,0.189,0.011,0,0.082,N<5,0.37,N<5,0,0,0.37,0.8,0.161,0.411,0.164,0.021,0.004,0.214,0.187,0.296,0.184,0.01,0.007,0.284,8.1,0.556,0.9,0.635,0.961,1,0,0,0.97,N/A,N/A
,,,22K889,P.S. 889,Elementary,371,0.43,0.49,Fair,Excellent,Excellent,0.87,1,0.91,0.92,0.98,0.94,0.97,0.95,0.97,,,0.469,0.531,0,0.057,0.235,0.003,0.148,0.057,0.53,0.084,0.464,0.094,0.251,0.253,0.008,0.013,0.326,N<5,0.2,N<5,0,0,0.567,0.6,0.265,0.145,0.252,0.012,0.003,0.283,0.208,0.234,0.17,0.012,0.009,0.341,3,0.833,0.925,0.775,0.96,1,0,0,0.96,0,0.04
,,,22K890,M.S. 890,Middle,312,0.51,0.56,Good,Excellent,Excellent,0.84,0.92,0.69,0.98,0.74,0.98,0.98,0.93,0.98,2.89,2.79,0.484,0.516,0,0.083,0.218,0.029,0.09,0.077,0.761,0.093,0.724,0.176,0.279,0.385,0.01,0,0.122,N<5,0.172,N<5,0,0,0.655,0.7,0.224,0.224,0.289,0.007,0.001,0.221,0.187,0.296,0.184,0.01,0.007,0.284,7.2,0.586,0.942,0.842,0.972,1,0,0,0.98,N/A,N/A
,,,23K041,P.S. 041 Francis White,Elementary,146,0.5,0.46,Fair,Fair,Excellent,0.77,,0.78,0.77,0.78,0.76,0.95,0.96,0.96,,,0.507,0.493,0,0.11,0.199,0,0.151,0.041,> 95%,0.226,0.938,0.034,0.678,0.26,0.007,0,0.007,N<5,0.438,N<5,N<5,N<5,0.438,0.2,0.01,0.698,0.254,0.014,0.004,0.004,0.012,0.623,0.319,0.007,0.003,0.018,1.2,0.875,0.887,0.485,0.985,1,0,0,0.98,N/A,N/A
,,,23K137,P.S. 137 Rachel Jean Mitchell,Elementary,124,0.55,0.4,Good,,,,,,,,,,,,,,0.54,0.46,0,0.056,0.347,0.056,0.137,0.145,0.904,0.185,0.815,0,0.71,0.218,0.016,0,0.016,N<5,0.727,N<5,N<5,N<5,0.227,0.3,0.01,0.643,0.244,0.01,0.006,0.045,0.012,0.623,0.319,0.007,0.003,0.018,9.2,0.636,0.876,0.474,0.965,1,0,0,0.9,N/A,N/A
,,,23K150,P.S. 150 Christopher,Elementary,88,0.38,0.28,Fair,Fair,Good,0.81,,0.76,0.84,0.81,0.87,0.96,0.92,0.95,,,0.523,0.477,0,0.136,0.307,0.068,0.125,0.08,> 95%,0.307,> 95%,0.011,0.523,0.455,0,0,0.011,0,0.533,N<5,0,0,0.333,0.2,0.005,0.664,0.288,0.012,0.007,0.01,0.012,0.623,0.319,0.007,0.003,0.018,7,0.533,0.887,0.495,0.961,0.95,N/A,N/A,0.91,N/A,N/A
,,,23K155,P.S./ I.S. 155 Nicholas Herkimer,K-8,311,0.52,0.43,Good,Fair,Good,0.73,0.87,0.56,0.82,0.63,0.92,0.94,0.88,0.91,,,0.508,0.492,0,0.344,0.235,0.048,0.058,0.1,0.923,0.36,0.791,0.006,0.328,0.643,0.013,0.003,0.003,N<5,0.516,0.29,N<5,N<5,0.161,0.2,0.012,0.516,0.43,0.01,0.001,0.009,0.008,0.689,0.264,0.011,0.003,0.012,0.1,0.807,0.87,0.486,0.937,0.93,N/A,N/A,0.92,0,0.08
,,,23K156,P.S. 156 Waverly,Elementary,397,0.46,0.4,Fair,,Good,,,,,,,0.94,0.89,0.92,,,0.511,0.489,0,0.068,0.264,0.023,0.103,0.113,0.945,0.262,0.912,0.005,0.655,0.287,0.01,0.003,0.018,N<5,0.634,0.146,N<5,N<5,0.146,0.3,0.012,0.669,0.266,0.013,0.003,0.02,0.012,0.623,0.319,0.007,0.003,0.018,8,0.829,0.906,0.589,0.938,0.98,N/A,N/A,0.99,N/A,N/A
,,,23K165,P.S. 165 Ida Posner,Elementary,152,0.55,0.5,Good,Fair,Good,0.85,1,0.82,0.85,0.81,0.86,0.94,0.92,0.94,,,0.5,0.5,0,0.039,0.217,0,0.184,0.013,0.947,0.197,0.908,0,0.789,0.164,0.007,0,0.013,0,0.741,N<5,0,0,N<5,0.2,0.006,0.803,0.143,0.009,0.002,0.018,0.012,0.623,0.319,0.007,0.003,0.018,8.1,0.778,0.857,0.488,0.965,1,0,0,0.84,0,0.16
,,,23K178,P.S. 178 Saint Clair Mckelway,K-8,261,0.54,0.31,Fair,Good,Excellent,0.81,0.92,0.64,0.88,0.76,0.91,0.97,0.97,0.98,,,0.498,0.502,0,0.226,0.172,0.023,0.061,0.073,> 95%,0.356,0.854,0.015,0.594,0.33,0.019,0.004,0.031,N<5,0.769,N<5,0,0,N<5,0.3,0.011,0.693,0.251,0.009,0.003,0.015,0.008,0.689,0.264,0.011,0.003,0.012,5.6,0.731,0.87,0.454,0.94,0.89,N/A,N/A,0.89,N/A,N/A
,,,23K184,P.S. 184 Newport,K-8,419,0.28,0.15,Needs Improvement,Fair,,0.66,0.91,0.53,0.64,0.65,0.61,,,,,,0.496,0.504,0,0.095,0.31,0,0.115,0.174,> 95%,0.365,0.931,0.002,0.644,0.322,0.014,0.002,0.007,N<5,0.725,N<5,0,0,N<5,0.2,0.006,0.685,0.264,0.012,0.002,0.014,0.008,0.689,0.264,0.011,0.003,0.012,0.2,0.775,0.849,0.397,0.954,0.73,0.18,0.1,0.9,0,0.1
,,,23K284,"The Gregory Jocko Jackson School of Sports, Art, and Technology",Elementary,191,0.46,0.4,Fair,Good,Excellent,0.87,1,0.74,0.93,0.94,0.91,1,0.96,1,,,0.571,0.429,0,0.094,0.277,0.026,0.188,0.058,> 95%,0.188,0.906,0,0.602,0.356,0.005,0.005,0.026,N<5,0.6,N<5,0,0,N<5,0.2,0.002,0.68,0.275,0.009,0.008,0.013,0.012,0.623,0.319,0.007,0.003,0.018,12.3,0.88,0.891,0.536,0.971,1,0,0,0.94,N/A,N/A
,,,23K298,P.S. 298 Dr. Betty Shabazz,Elementary,287,0.35,0.33,Fair,Good,Good,0.8,,0.51,0.91,0.77,0.86,0.96,0.91,0.96,,,0.463,0.537,0,0.192,0.279,0.017,0.139,0.101,> 95%,0.359,0.878,0,0.533,0.439,0.007,0.01,0.007,N<5,0.606,N<5,0,0,0.242,0.2,0.004,0.628,0.33,0.013,0.002,0.015,0.012,0.623,0.319,0.007,0.003,0.018,5,0.758,0.899,0.631,0.937,0.96,N/A,N/A,0.88,0,0.12
,,,23K323,P.S./I.S. 323,K-8,433,0.54,0.36,Fair,Fair,Good,0.74,0.85,0.56,0.68,0.7,0.82,0.95,0.88,0.91,,,0.473,0.527,0,0.099,0.293,0.021,0.122,0.127,> 95%,0.268,0.938,0.002,0.707,0.268,0.007,0,0.005,N<5,0.822,N<5,0,0,N<5,0.3,0.009,0.643,0.305,0.011,0.004,0.014,0.008,0.689,0.264,0.011,0.003,0.012,20.5,0.689,0.855,0.41,0.969,0.93,N/A,N/A,0.89,N/A,N/A
,,,23K327,P.S. 327 Dr. Rose B. English,Elementary,193,0.36,0.33,Fair,,,,,,,,,,,,,,0.518,0.482,0,0.187,0.264,0.041,0.093,0.119,> 95%,0.306,0.896,0.021,0.632,0.28,0.021,0.01,0.021,0,0.885,N<5,0,0,N<5,0.3,0.014,0.607,0.338,0.011,0.003,0.018,0.012,0.623,0.319,0.007,0.003,0.018,1.3,0.808,0.869,0.518,0.962,0.91,N/A,N/A,0.97,N/A,N/A
,,,23K363,Brownsville Collaborative Middle School,Middle,286,0.6,0.63,Good,,,,,,,,,,,,2.5,2.34,0.472,0.528,0,0.157,0.304,0,0.21,0.07,> 95%,0.28,0.895,0.003,0.549,0.406,0.017,0,0.017,N<5,0.722,N<5,0,0,N<5,0.3,0.001,0.607,0.343,0.019,0,0.015,0.011,0.681,0.268,0.016,0.001,0.015,7.7,0.667,0.894,0.603,0.945,0.97,N/A,N/A,0.91,N/A,N/A
,,,23K392,I.S. 392,Middle,309,0.46,0.51,Good,Excellent,Good,0.86,0.91,0.65,0.95,0.75,0.99,0.94,0.85,0.91,2.87,2.74,0.511,0.489,0,0.042,0.191,0.01,0.107,0.061,0.818,0.159,0.741,0.019,0.735,0.204,0.016,0,0.013,0,0.857,0,0,0,N<5,0.6,0.01,0.741,0.213,0.013,0.003,0.01,0.011,0.681,0.268,0.016,0.001,0.015,1,0.762,0.934,0.754,0.969,0.98,N/A,N/A,0.91,0,0.09
,,,23K401,Christopher Avenue Community School,Elementary,220,0.55,0.48,Good,Good,Good,0.82,0.8,0.74,0.88,0.91,0.9,0.97,0.93,0.93,,,0.441,0.559,0,0.3,0.223,0.036,0.064,0.114,> 95%,0.541,0.832,0.009,0.464,0.491,0,0,0.018,N<5,0.458,0.208,0,0,N<5,0.2,0.009,0.558,0.398,0.007,0,0.016,0.012,0.623,0.319,0.007,0.003,0.018,11.5,0.75,0.883,0.538,0.956,0.95,N/A,N/A,0.96,N/A,N/A
,,,23K446,Riverdale Avenue Community School,Elementary,257,0.59,0.52,Good,Good,Excellent,0.82,1,0.82,0.92,0.86,0.9,0.97,0.94,0.97,,,0.518,0.482,0,0.097,0.257,0,0.148,0.086,> 95%,0.331,0.907,0.019,0.634,0.292,0.004,0,0.035,N<5,0.464,0.25,N<5,N<5,0.25,0.2,0.013,0.751,0.185,0.009,0.002,0.02,0.012,0.623,0.319,0.007,0.003,0.018,4.6,0.75,0.911,0.637,0.98,1,0,0,1,0,0
,,,23K518,Kappa V (Knowledge and Power Preparatory Academy),Middle,85,0.59,0.46,Excellent,Good,Good,0.79,0.91,0.61,0.92,0.71,0.92,0.95,0.92,0.94,2.57,2.32,0.471,0.529,0,0.047,0.318,0.012,0.153,0.153,0.934,0.376,0.882,0,0.788,0.2,0,0,0.012,N<5,0.7,N<5,N<5,N<5,N<5,0.6,0.005,0.754,0.201,0.011,0.001,0.016,0.011,0.681,0.268,0.016,0.001,0.015,0.1,0.9,0.918,0.664,0.985,0.93,N/A,N/A,0.74,0,0.26
,,,23K522,Mott Hall IV,Middle,116,0.39,0.26,Fair,Good,Excellent,0.79,0.93,0.63,0.94,0.72,0.93,0.99,0.93,0.99,2.19,2.12,0.534,0.466,0,0.078,0.328,0.009,0.207,0.103,> 95%,0.284,0.948,0.017,0.612,0.31,0.017,0,0.026,0,0.786,N<5,0,0,N<5,0.3,0.004,0.697,0.265,0.004,0,0.022,0.011,0.681,0.268,0.016,0.001,0.015,6.1,0.786,0.889,0.637,0.975,1,0,0,1,0,0
,,,23K599,Brooklyn Landmark Elementary School,Elementary,348,0.78,0.72,Excellent,Good,Good,0.88,1,0.74,0.9,0.91,0.88,0.96,0.95,0.94,,,0.54,0.46,0,0.072,0.247,0.006,0.161,0.04,0.847,0.158,0.773,0.026,0.658,0.261,0.006,0,0.017,N<5,0.455,0.182,0,0,0.182,0.5,0.011,0.52,0.4,0.01,0.004,0.029,0.012,0.623,0.319,0.007,0.003,0.018,6.5,0.909,0.91,0.681,0.961,1,0,0,0.95,0,0.05
,,,23K644,Eagle Academy for Young Men II,Middle,205,0.72,0.7,Excellent,Excellent,Excellent,0.87,0.91,0.8,0.95,0.84,0.97,1,0.98,1,2.62,2.5,0,1,0,0.015,0.405,0.029,0.278,0.049,0.893,0.133,0.789,0.005,0.844,0.122,0.015,0,0.005,N<5,0.659,N<5,0,0,0.182,1.1,0.015,0.593,0.344,0.01,0.004,0.022,0.011,0.681,0.268,0.016,0.001,0.015,16.2,0.886,0.946,0.89,0.964,0.96,0.04,0,0.84,0,0.16
,,,23K664,Brooklyn Environmental Exploration School (BEES),Middle,171,0.28,0.26,Needs Improvement,Good,Excellent,0.74,0.9,0.64,0.88,0.71,0.83,0.98,0.9,1,2.51,2.49,0.503,0.497,0,0.193,0.363,0.035,0.31,0,0.919,0.269,0.819,0.018,0.596,0.345,0.018,0,0.018,N<5,0.364,N<5,0,0,0.409,0.5,0.013,0.53,0.406,0.008,0.002,0.027,0.011,0.681,0.268,0.016,0.001,0.015,11,0.909,0.913,0.766,0.963,0.98,N/A,N/A,0.99,N/A,N/A
,,,23K668,Riverdale Avenue Middle School,Middle,115,0.47,0.3,Fair,Good,Excellent,0.75,0.88,0.54,0.85,0.73,0.76,0.97,0.97,0.98,2.18,1.95,0.47,0.53,0,0.113,0.348,0,0.243,0.07,> 95%,0.261,0.922,0.017,0.661,0.278,0.009,0.009,0.026,N<5,0.563,N<5,N<5,N<5,0.313,0.2,0.012,0.814,0.129,0.012,0.003,0.018,0.011,0.681,0.268,0.016,0.001,0.015,5.2,0.688,0.901,0.674,0.97,0.97,N/A,N/A,1,0,0
,,,23K671,Mott Hall Bridges Academy,Middle,122,0.35,0.25,Needs Improvement,,Excellent,,,,,,,0.94,0.95,0.98,2.25,1.97,0.557,0.443,0,0.033,0.344,0.016,0.164,0.156,> 95%,0.238,> 95%,0,0.713,0.246,0.025,0,0.008,0,1,0,0,0,0,0.4,0.009,0.669,0.288,0.012,0,0.008,0.011,0.681,0.268,0.016,0.001,0.015,1.2,0.467,0.842,0.418,0.956,1,0,0,0.93,N/A,N/A
,,,24Q005,I.S. 5 - The Walter Crowley Intermediate School,Middle,1300,0.47,0.53,Good,Good,Good,0.72,0.87,0.62,0.73,0.66,0.73,0.91,0.8,0.95,2.86,2.83,0.478,0.522,0,0.242,0.18,0.007,0.09,0.072,0.829,0.163,0.766,0.372,0.01,0.581,0.006,0.002,0.025,0.089,N<5,0.17,0,N<5,0.714,0.6,0.518,0.017,0.407,0.006,0.006,0.039,0.155,0.016,0.754,0.004,0.001,0.065,11,0.982,0.927,0.764,0.943,0.96,N/A,N/A,0.99,N/A,N/A
,,,24Q007,P.S. 007 Louis F. Simeone,Elementary,1130,0.62,0.73,Excellent,Good,Excellent,0.85,1,0.85,0.83,0.9,0.88,0.98,0.94,0.98,,,0.481,0.519,0,0.366,0.141,0.007,0.059,0.061,0.791,0.127,0.734,0.577,0.008,0.364,0.017,0.002,0.023,0.161,0,0.195,N<5,0,0.598,0.3,0.525,0.045,0.377,0.018,0.003,0.021,0.152,0.016,0.733,0.007,0.001,0.084,3.1,0.943,0.923,0.698,0.963,0.97,N/A,N/A,0.98,N/A,N/A
,,,24Q012,P.S. 012 James B. Colgate,Elementary,845,0.52,0.58,Good,Good,Excellent,0.8,1,0.84,0.87,0.88,0.88,0.97,0.91,0.98,,,0.44,0.56,0,0.388,0.17,0.012,0.076,0.073,0.815,0.155,0.738,0.553,0.006,0.386,0.011,0,0.03,N<5,N<5,N<5,0,0,0.875,0.3,0.551,0.009,0.392,0.01,0,0.022,0.152,0.016,0.733,0.007,0.001,0.084,3.7,0.953,0.932,0.767,0.962,0.92,0.08,0,0.93,0.02,0.05
,,,24Q013,P.S. 013 Clement C. Moore,Elementary,884,0.57,0.59,Good,Good,Good,0.83,0.92,0.89,0.88,0.84,0.9,0.96,0.89,0.94,,,0.511,0.489,0,0.368,0.21,0,0.076,0.127,0.851,0.219,0.767,0.242,0.078,0.623,0.007,0,0.046,0.14,N<5,0.256,0,0,0.57,0.3,0.294,0.091,0.556,0.011,0,0.04,0.152,0.016,0.733,0.007,0.001,0.084,0.5,0.849,0.928,0.719,0.963,0.95,0.05,0,0.98,0,0.02
,,,24Q014,P.S. 014 Fairview,Elementary,1032,0.3,0.2,Needs Improvement,Fair,Good,0.72,0.73,0.65,0.76,0.74,0.77,0.92,0.83,0.96,,,0.496,0.504,0,0.643,0.175,0,0.08,0.076,0.893,0.214,0.779,0.024,0.008,0.942,0.007,0,0.016,0.085,N<5,0.309,N<5,0,0.543,0.2,0.031,0.012,0.919,0.008,0,0.027,0.152,0.016,0.733,0.007,0.001,0.084,10.1,0.904,0.912,0.661,0.958,0.97,N/A,N/A,0.95,N/A,N/A
,,,24Q016,P.S. Q016 The Nancy DeBenedittis School,Elementary,1014,0.41,0.29,Fair,Good,Good,0.89,0.9,0.76,0.86,0.93,0.89,0.96,0.89,0.96,,,0.502,0.498,0,0.589,0.16,0.001,0.065,0.066,0.944,0.511,0.796,0.009,0.002,0.979,0.003,0,0.006,N<5,N<5,0.265,0,0,0.663,0.2,0.018,0.005,0.97,0.002,0,0.004,0.152,0.016,0.733,0.007,0.001,0.084,0.1,0.976,0.937,0.782,0.954,0.96,N/A,N/A,0.97,N/A,N/A
,,,24Q019,P.S. 019 Marino Jeantet,Elementary,1534,0.43,0.27,Fair,Good,Good,0.77,0.88,0.76,0.85,0.84,0.89,0.95,0.9,0.95,,,0.488,0.512,0,0.709,0.27,0.03,0.126,0.097,0.918,0.278,0.808,0.02,0,0.97,0.003,0,0.008,0.041,N<5,0.331,0,0,0.608,0.3,0.03,0.003,0.957,0.004,0,0.005,0.152,0.016,0.733,0.007,0.001,0.084,3.9,0.885,0.939,0.796,0.951,0.94,0.04,0.02,0.94,0.03,0.03
,,,24Q049,P.S. 049 Dorothy Bonawit Kole,K-8,1220,0.42,0.59,Good,,Excellent,,,,,,,0.98,0.93,0.98,,,0.506,0.493,0.001,0.093,0.179,0,0.115,0.049,0.477,0.075,0.432,0.241,0.006,0.303,0.002,0,0.42,0.064,N<5,0.103,0,0,0.795,0.4,0.249,0.007,0.218,0,0,0.502,0.174,0.016,0.681,0.006,0.002,0.112,10.5,0.821,0.938,0.818,0.965,0.96,N/A,N/A,0.99,N/A,N/A
,,,24Q058,P.S. 58 - The School of Heroes,Elementary,745,0.42,0.52,Fair,Good,Good,0.79,0.82,0.89,0.74,0.76,0.81,0.96,0.89,0.97,,,0.467,0.533,0,0.157,0.191,0.001,0.089,0.071,0.71,0.085,0.652,0.357,0.007,0.486,0.008,0.001,0.125,N<5,N<5,N<5,0,0,0.889,0.3,0.361,0.011,0.49,0.002,0,0.127,0.152,0.016,0.733,0.007,0.001,0.084,22.2,0.963,0.93,0.734,0.954,0.97,N/A,N/A,0.97,N/A,N/A
,,,24Q061,I.S. 061 Leonardo Da Vinci,Middle,2200,0.5,0.34,Good,Fair,Good,0.75,0.91,0.61,0.82,0.69,0.8,0.93,0.79,0.94,2.37,2.25,0.501,0.499,0,0.448,0.168,0.003,0.079,0.078,0.911,0.339,0.786,0.03,0.013,0.942,0.003,0,0.01,N<5,0.088,0.254,N<5,0,0.591,0.5,0.08,0.045,0.841,0.003,0.002,0.023,0.155,0.016,0.754,0.004,0.001,0.065,17.2,0.873,0.907,0.663,0.949,0.94,N/A,N/A,1,N/A,N/A
,,,24Q068,P.S. 068 Cambridge,Elementary,401,0.49,0.39,Good,Excellent,Excellent,0.84,0.57,0.97,0.9,0.9,0.96,0.97,0.93,0.96,,,0.516,0.484,0,0.287,0.279,0.007,0.112,0.137,0.804,0.192,0.716,0.025,0.027,0.848,0.007,0,0.072,N<5,N<5,N<5,0,0,0.881,0.2,0.057,0.036,0.758,0.008,0,0.122,0.152,0.016,0.733,0.007,0.001,0.084,18.1,0.929,0.912,0.686,0.954,0.99,N/A,N/A,0.91,N/A,N/A
,,,24Q071,P.S. 071 Forest,Elementary,456,0.44,0.46,Fair,Good,Excellent,0.91,1,0.89,0.94,0.96,0.95,0.97,0.92,0.96,,,0.489,0.511,0,0.283,0.145,0.002,0.112,0.015,0.737,0.129,0.636,0.042,0.007,0.634,0.02,0.013,0.276,0,N<5,0.156,0,0,0.8,0.4,0.051,0.013,0.587,0.014,0.004,0.317,0.152,0.016,0.733,0.007,0.001,0.084,11.1,0.911,0.906,0.628,0.94,0.92,N/A,N/A,0.98,N/A,N/A
,,,24Q073,I.S. 73 - The Frank Sansivieri Intermediate School,Middle,1647,0.54,0.62,Good,Good,Good,0.77,0.9,0.66,0.85,0.69,0.85,0.94,0.8,0.95,2.97,2.93,0.471,0.529,0,0.172,0.177,0.012,0.097,0.06,0.73,0.108,0.662,0.285,0.004,0.593,0.002,0.002,0.106,0.066,N<5,0.161,0,0,0.715,1,0.352,0.014,0.44,0.005,0.005,0.173,0.155,0.016,0.754,0.004,0.001,0.065,10.1,0.883,0.928,0.74,0.946,0.88,N/A,N/A,0.98,N/A,N/A
,,,24Q077,Joseph F. Quinn Intermediate School 77,Middle,610,0.44,0.35,Fair,Fair,Good,0.74,0.9,0.62,0.72,0.69,0.76,0.93,0.79,0.94,2.66,2.5,0.454,0.546,0,0.338,0.266,0.003,0.138,0.115,0.836,0.251,0.692,0.041,0.016,0.889,0.003,0,0.049,0.107,0.089,0.107,0,0,0.679,0.4,0.065,0.034,0.78,0.004,0,0.11,0.155,0.016,0.754,0.004,0.001,0.065,1.6,0.857,0.908,0.663,0.951,0.99,N/A,N/A,0.98,N/A,N/A
,,,24Q081,P.S. 81Q Jean Paul Richter,Elementary,630,0.47,0.39,Good,Excellent,Good,0.89,1,0.95,0.95,0.95,0.98,0.97,0.87,0.97,,,0.479,0.521,0,0.394,0.23,0.017,0.113,0.092,0.864,0.283,0.717,0.035,0.016,0.894,0,0,0.051,N<5,N<5,0.203,0,0,0.695,0.2,0.041,0.015,0.855,0.003,0,0.073,0.152,0.016,0.733,0.007,0.001,0.084,13,0.797,0.91,0.645,0.966,0.85,N/A,N/A,0.97,0,0.03
,,,24Q087,P.S./I.S. 087 Middle Village,K-8,480,0.43,0.62,Good,Fair,Excellent,0.73,0.9,0.63,0.82,0.63,0.86,0.98,0.96,0.95,,,0.496,0.504,0,0.15,0.275,0,0.138,0.11,0.674,0.081,0.615,0.073,0.008,0.617,0.008,0.002,0.273,N<5,N<5,0.115,N<5,0,0.712,0.3,0.06,0.013,0.61,0.005,0.003,0.288,0.174,0.016,0.681,0.006,0.002,0.112,19.5,0.769,0.908,0.633,0.957,0.98,N/A,N/A,0.96,N/A,N/A
,,,24Q088,P.S. 088 Seneca,Elementary,621,0.41,0.45,Fair,Excellent,Excellent,0.8,0.63,0.91,0.94,0.91,0.94,0.97,0.93,0.97,,,0.501,0.498,0.002,0.184,0.229,0,0.113,0.09,0.727,0.105,0.649,0.081,0.011,0.597,0.008,0,0.288,N<5,N<5,0.111,0,0,0.841,0.3,0.082,0.008,0.552,0.005,0,0.337,0.152,0.016,0.733,0.007,0.001,0.084,6.1,0.841,0.915,0.712,0.964,0.96,N/A,N/A,0.95,N/A,N/A
,,,24Q089,P.S. 89Q: The Jose Peralta School of Dreamers,Elementary,1121,0.43,0.39,Fair,Good,Excellent,0.82,0.92,0.78,0.89,0.91,0.92,0.97,0.92,0.96,,,0.47,0.53,0,0.526,0.211,0.005,0.107,0.086,0.87,0.184,0.809,0.188,0.006,0.781,0.002,0.001,0.015,0.135,0,0.225,0,0,0.622,0.2,0.29,0.008,0.665,0.007,0.001,0.021,0.152,0.016,0.733,0.007,0.001,0.084,9.1,0.901,0.919,0.692,0.957,0.89,0.11,0,0.98,N/A,N/A
,,,24Q091,P.S. 091 Richard Arkwright,Elementary,708,0.38,0.43,Fair,Good,Excellent,0.81,1,0.84,0.85,0.81,0.9,0.97,0.92,0.97,,,0.446,0.554,0,0.15,0.195,0.001,0.069,0.102,0.646,0.031,0.603,0.044,0.031,0.565,0.011,0.007,0.335,N<5,N<5,0.125,0,0,0.778,0.3,0.037,0.019,0.576,0.008,0.008,0.344,0.152,0.016,0.733,0.007,0.001,0.084,7.7,0.917,0.906,0.647,0.962,1,0,0,0.96,0,0.04
,,,24Q093,I.S. 093 Ridgewood,Middle,1008,0.46,0.42,Good,Excellent,Good,0.77,0.89,0.63,0.91,0.71,0.91,0.94,0.85,0.94,2.62,2.55,0.461,0.539,0,0.296,0.217,0.014,0.122,0.078,0.779,0.186,0.67,0.051,0.013,0.772,0.004,0.002,0.153,N<5,0.08,0.159,0,0,0.682,0.5,0.052,0.017,0.708,0.007,0.001,0.203,0.155,0.016,0.754,0.004,0.001,0.065,17.1,0.83,0.912,0.69,0.965,0.99,N/A,N/A,0.97,0,0.03
,,,24Q102,P.S. 102 Bayview,K-8,1126,0.51,0.63,Good,Good,Good,0.74,0.9,0.69,0.79,0.75,0.82,0.96,0.88,0.98,,,0.488,0.512,0,0.236,0.155,0,0.083,0.054,0.74,0.117,0.663,0.585,0.02,0.35,0.004,0.012,0.015,0.161,N<5,0.075,N<5,0,0.699,0.3,0.6,0.006,0.34,0.002,0.016,0.026,0.174,0.016,0.681,0.006,0.002,0.112,6.5,0.903,0.933,0.77,0.958,0.95,0.05,0,0.94,0.04,0.02
,,,24Q110,P.S. 110,Elementary,849,0.5,0.4,Fair,Good,Excellent,0.81,0.73,0.75,0.88,0.86,0.88,0.97,0.95,0.98,,,0.511,0.489,0,0.561,0.216,0.004,0.09,0.1,0.909,0.291,0.787,0.035,0,0.947,0.005,0,0.013,0.101,0,0.275,N<5,0,0.594,0.2,0.052,0.004,0.929,0.005,0,0.008,0.152,0.016,0.733,0.007,0.001,0.084,8.1,0.812,0.93,0.753,0.966,0.9,N/A,N/A,0.95,0,0.05
,,,24Q113,P.S./I.S. 113 Anthony J. Pranzo,K-8,760,0.5,0.6,Good,Excellent,Good,0.9,0.98,0.9,0.88,0.87,0.92,0.95,0.93,0.95,,,0.463,0.537,0,0.092,0.141,0.003,0.076,0.046,0.475,0.079,0.4,0.113,0.018,0.437,0.008,0,0.404,N<5,0,0.154,0,0,0.788,0.3,0.134,0.017,0.435,0.006,0,0.387,0.174,0.016,0.681,0.006,0.002,0.112,12.4,0.846,0.938,0.819,0.957,0.97,N/A,N/A,0.96,0,0.04
,,,24Q119,P.S./I.S. 119 The Glendale,K-8,1201,0.5,0.74,Good,Excellent,Excellent,0.79,0.87,0.57,0.89,0.67,0.91,0.96,0.92,0.97,,,0.492,0.508,0,0.095,0.109,0.002,0.061,0.018,0.545,0.097,0.474,0.311,0.014,0.317,0.006,0.001,0.325,0.1,N<5,0.063,0,0,0.788,0.8,0.064,0.018,0.529,0.006,0.002,0.362,0.174,0.016,0.681,0.006,0.002,0.112,3.5,0.913,0.931,0.767,0.963,0.98,N/A,N/A,0.98,N/A,N/A
,,,24Q125,I.S. 125 Thom J. McCann Woodside,Middle,1508,0.43,0.48,Fair,Good,Good,0.71,0.9,0.55,0.79,0.64,0.8,0.91,0.8,0.94,2.76,2.72,0.489,0.51,0.001,0.261,0.198,0.027,0.098,0.066,0.815,0.19,0.746,0.271,0.016,0.651,0.008,0.002,0.044,0.065,0.049,0.138,0,0,0.748,0.9,0.242,0.011,0.562,0.014,0.001,0.145,0.155,0.016,0.754,0.004,0.001,0.065,3,0.911,0.916,0.707,0.956,0.96,N/A,N/A,0.97,0,0.03
,,,24Q128,"P.S. 128 The Lorraine Tuzzo, Juniper Valley Elementary School",K-8,632,0.37,0.61,Good,Good,Good,0.73,0.77,0.54,0.68,0.6,0.74,0.95,0.94,0.92,,,0.468,0.532,0,0.068,0.176,0.006,0.087,0.055,0.43,0.054,0.383,0.079,0.017,0.271,0.005,0.003,0.6,N<5,N<5,0.13,0,0,0.739,0.3,0.118,0.008,0.288,0.008,0.003,0.548,0.174,0.016,0.681,0.006,0.002,0.112,3.7,0.957,0.931,0.769,0.961,0.99,N/A,N/A,1,0,0
,,,24Q143,P.S. 143 Louis Armstrong,Elementary,1439,0.36,0.23,Fair,Excellent,Excellent,0.95,1,0.94,0.95,0.98,0.97,0.98,0.91,0.97,,,0.496,0.504,0,0.693,0.197,0,0.1,0.076,0.901,0.318,0.789,0.018,0.015,0.953,0.004,0,0.008,0.07,N<5,0.45,N<5,N<5,0.457,0.3,0.029,0.042,0.912,0.005,0,0.009,0.152,0.016,0.733,0.007,0.001,0.084,5.8,0.822,0.924,0.721,0.946,1,0,0,0.97,0,0.03
,,,24Q153,P.S. 153 Maspeth Elem,Elementary,740,0.48,0.54,Fair,Good,Excellent,0.78,1,0.83,0.85,0.84,0.91,0.97,0.93,0.97,,,0.503,0.497,0,0.2,0.168,0.004,0.114,0.032,0.645,0.05,0.569,0.147,0.008,0.457,0.007,0,0.376,N<5,0,0.12,0,0,0.827,0.4,0.082,0.011,0.556,0.011,0.001,0.319,0.152,0.016,0.733,0.007,0.001,0.084,9,0.92,0.918,0.7,0.953,0.99,N/A,N/A,0.95,0.03,0.02
,,,24Q199,P.S. 199 Maurice A. Fitzgerald,Elementary,545,0.4,0.38,Fair,Fair,Good,0.73,0.81,0.75,0.75,0.84,0.78,0.95,0.89,0.95,,,0.503,0.497,0,0.538,0.189,0.006,0.099,0.051,0.841,0.244,0.765,0.217,0.015,0.664,0.006,0.002,0.084,N<5,0,0.149,0,0,0.723,0.3,0.219,0.024,0.525,0.005,0,0.193,0.152,0.016,0.733,0.007,0.001,0.084,5.1,0.766,0.907,0.617,0.957,0.99,N/A,N/A,0.99,N/A,N/A
,,,24Q211,Elm Tree Elementary School,Elementary,797,0.47,0.34,Fair,Good,Excellent,0.79,0.94,0.73,0.83,0.73,0.86,0.97,0.92,0.98,,,0.527,0.473,0,0.59,0.203,0,0.125,0.061,0.924,0.483,0.765,0.061,0.033,0.88,0.005,0,0.021,N<5,N<5,0.453,N<5,N<5,0.493,0.2,0.119,0.052,0.799,0.009,0,0.02,0.152,0.016,0.733,0.007,0.001,0.084,6.9,0.72,0.925,0.713,0.972,0.98,N/A,N/A,0.99,N/A,N/A
,,,24Q229,P.S. 229 Emanuel Kaplan,Elementary,1063,0.49,0.57,Good,Good,Good,0.77,0.94,0.85,0.81,0.85,0.86,0.94,0.91,0.96,,,0.502,0.498,0,0.169,0.214,0.013,0.102,0.077,0.687,0.119,0.626,0.387,0.014,0.46,0.007,0.002,0.123,0.073,N<5,0.11,0,0,0.78,0.4,0.375,0.006,0.499,0.003,0.004,0.106,0.152,0.016,0.733,0.007,0.001,0.084,7.6,0.902,0.927,0.729,0.958,0.97,N/A,N/A,0.96,0.02,0.02
,,,24Q239,P.S. 239,Elementary,368,0.42,0.34,Fair,Good,Excellent,0.84,1,0.9,0.84,0.87,0.86,0.97,0.93,0.98,,,0.486,0.514,0,0.427,0.255,0.005,0.13,0.095,0.834,0.234,0.728,0.057,0.033,0.818,0.008,0,0.082,0,N<5,N<5,0,0,0.833,0.3,0.077,0.021,0.761,0.009,0,0.113,0.152,0.016,0.733,0.007,0.001,0.084,3,0.944,0.924,0.717,0.954,0.87,N/A,N/A,0.89,0,0.11
,,,24Q290,A.C.E. Academy for Scholars at the Geraldine Ferraro Campus,Elementary,528,0.5,0.57,Good,Excellent,Good,0.88,1,0.93,0.92,0.94,0.9,0.95,0.92,0.95,,,0.508,0.492,0,0.157,0.176,0.023,0.112,0.006,0.632,0.07,0.534,0.089,0.006,0.551,0,0,0.314,0,N<5,0.194,0,0,0.667,0.5,0.046,0.012,0.639,0.009,0.003,0.272,0.152,0.016,0.733,0.007,0.001,0.084,0.1,0.944,0.935,0.8,0.958,0.96,N/A,N/A,0.94,0,0.06
,,,24Q305,Learners and Leaders,Elementary,387,0.47,0.42,Good,Good,Excellent,0.81,,0.84,0.87,0.83,0.89,0.96,0.93,0.96,,,0.512,0.488,0,0.349,0.297,0.003,0.121,0.147,0.807,0.23,0.685,0.065,0.016,0.796,0.016,0,0.088,N<5,N<5,0.317,0,0,0.585,0.3,0.08,0.013,0.776,0.007,0.005,0.101,0.152,0.016,0.733,0.007,0.001,0.084,2.2,0.854,0.917,0.658,0.948,0.96,N/A,N/A,0.99,N/A,N/A
,,,24Q307,Pioneer Academy,Elementary,692,0.5,0.38,Good,,Excellent,,,,,,,0.97,0.91,0.98,,,0.514,0.486,0,0.523,0.195,0.003,0.082,0.094,0.903,0.22,0.79,0.014,0.006,0.971,0.003,0,0.004,N<5,0.234,0.344,N<5,0,0.297,0.2,0.022,0.002,0.966,0.002,0,0.005,0.152,0.016,0.733,0.007,0.001,0.084,16.2,0.734,0.941,0.804,0.971,0.92,N/A,N/A,1,N/A,N/A
,,,24Q311,Corona Arts & Sciences Academy,Middle,739,0.34,0.29,Fair,Good,Good,0.72,0.87,0.64,0.83,0.69,0.8,0.92,0.81,0.94,2.51,2.39,0.468,0.532,0,0.352,0.215,0.011,0.111,0.085,0.932,0.292,0.825,0.008,0.003,0.984,0,0.001,0.004,0.077,N<5,0.372,N<5,N<5,0.5,0.4,0.058,0,0.932,0.002,0.002,0.005,0.155,0.016,0.754,0.004,0.001,0.065,11.2,0.705,0.939,0.814,0.955,0.71,0.29,0,0.97,N/A,N/A
,,,24Q330,Helen M. Marshall School,Elementary,503,0.49,0.36,Fair,Good,Good,0.77,0.75,0.73,0.81,0.77,0.79,0.93,0.9,0.95,,,0.497,0.503,0,0.543,0.173,0.004,0.07,0.082,0.931,0.515,0.775,0.028,0.032,0.922,0.002,0,0.006,N<5,N<5,0.317,0,0,0.415,0.2,0.027,0.033,0.922,0.004,0,0.011,0.152,0.016,0.733,0.007,0.001,0.084,8.1,0.902,0.903,0.619,0.94,0.93,N/A,N/A,0.97,N/A,N/A
,,,24Q343,The Children's Lab School,Elementary,461,0.57,0.57,Good,Excellent,Excellent,0.84,0.79,0.83,0.93,0.93,0.89,0.97,0.95,0.98,,,0.469,0.529,0.002,0.28,0.262,0.03,0.132,0.067,0.679,0.126,0.614,0.213,0.015,0.568,0.007,0.002,0.167,N<5,N<5,0.233,0,0,0.605,0.3,0.207,0.011,0.52,0.007,0.003,0.219,0.152,0.016,0.733,0.007,0.001,0.084,10.2,0.837,0.923,0.744,0.961,0.94,0.06,0,0.96,0,0.04
,,,24Q419,MS 419,Middle,399,0.44,0.33,Fair,Good,Good,0.75,0.91,0.63,0.86,0.7,0.85,0.94,0.87,0.95,2.43,2.32,0.491,0.509,0,0.451,0.165,0.003,0.093,0.055,0.917,0.411,0.767,0.025,0.023,0.942,0.005,0,0.005,N<5,N<5,0.469,0,0,0.344,0.3,0.023,0.04,0.915,0.004,0.002,0.011,0.155,0.016,0.754,0.004,0.001,0.065,2.2,0.344,0.934,0.776,0.969,0.95,N/A,N/A,0.91,0,0.09
,,,24Q560,"Robert F. Wagner, Jr. Secondary School for Arts and Technology",Middle,151,0.46,0.7,Excellent,Good,Good,0.78,0.83,0.71,0.74,0.67,0.68,0.94,0.86,0.96,3.19,3.19,0.477,0.523,0,0.06,0.238,0.007,0.159,0.06,0.665,0.075,0.669,0.265,0.026,0.47,0.013,0,0.192,N<5,N<5,0.122,0,0,0.634,2,0.186,0.084,0.449,0.011,0.004,0.233,0.155,0.016,0.754,0.004,0.001,0.065,9.1,0.805,0.945,0.856,0.949,0.96,N/A,N/A,0.89,0,0.11
,,,25Q020,P.S. 020 John Bowne,Elementary,928,0.47,0.54,Fair,Good,Excellent,0.81,1,0.77,0.88,0.95,0.9,0.97,0.88,0.98,,,0.484,0.516,0,0.494,0.127,0.008,0.066,0.034,0.825,0.077,0.754,0.655,0.031,0.26,0.005,0.001,0.028,0.244,N<5,0.064,0,0,0.654,0.3,0.749,0.008,0.186,0.009,0.003,0.028,0.534,0.031,0.321,0.006,0.001,0.09,2.2,0.91,0.929,0.752,0.965,0.98,N/A,N/A,0.97,N/A,N/A
,,,25Q021,P.S. 021 Edward Hart,Elementary,1036,0.55,0.62,Good,Good,Excellent,0.83,0.78,0.77,0.72,0.87,0.8,0.96,0.93,0.98,,,0.498,0.502,0,0.278,0.145,0.002,0.067,0.06,0.736,0.142,0.637,0.576,0.011,0.336,0.004,0,0.056,0.216,0,0.08,0,0,0.659,0.5,0.643,0.006,0.237,0.003,0,0.1,0.534,0.031,0.321,0.006,0.001,0.09,8.2,0.932,0.941,0.789,0.965,0.97,N/A,N/A,0.98,N/A,N/A
,,,25Q022,P.S. 022 Thomas Jefferson,Elementary,720,0.62,0.63,Good,Good,Excellent,0.82,0.86,0.88,0.74,0.92,0.75,0.98,0.93,0.98,,,0.467,0.533,0,0.494,0.169,0.001,0.083,0.061,0.803,0.101,0.715,0.551,0.007,0.4,0.004,0.004,0.021,0.238,N<5,0.079,0,0,0.651,0.3,0.448,0.014,0.484,0.005,0.003,0.036,0.534,0.031,0.321,0.006,0.001,0.09,10.6,0.873,0.948,0.855,0.958,0.98,N/A,N/A,0.98,N/A,N/A
,,,25Q024,P.S. 024 Andrew Jackson,Elementary,1133,0.62,0.71,Excellent,Excellent,Excellent,0.86,0.95,0.85,0.94,0.92,0.92,0.97,0.91,0.98,,,0.474,0.526,0,0.393,0.123,0.006,0.058,0.046,0.791,0.061,0.719,0.84,0.01,0.125,0.003,0,0.012,0.318,N<5,N<5,0,0,0.576,0.3,0.813,0.018,0.144,0.003,0,0.012,0.534,0.031,0.321,0.006,0.001,0.09,1,0.718,0.952,0.855,0.967,0.97,N/A,N/A,0.99,N/A,N/A
,,,25Q025,I.S. 025 Adrien Block,Middle,1048,0.51,0.74,Excellent,Good,Good,0.68,0.82,0.68,0.6,0.65,0.57,0.9,0.79,0.93,3.16,3.29,0.488,0.512,0,0.14,0.15,0.006,0.094,0.041,0.599,0.089,0.531,0.589,0.01,0.294,0.006,0.003,0.08,0.194,N<5,0.097,N<5,0,0.639,0.7,0.59,0.013,0.27,0.005,0.001,0.106,0.519,0.033,0.328,0.004,0.002,0.1,2,0.903,0.955,0.862,0.958,0.97,N/A,N/A,0.93,N/A,N/A
,,,25Q029,P.S. 029 Queens,Elementary,682,0.42,0.43,Fair,Excellent,Excellent,0.93,1,0.94,0.97,0.99,0.96,0.98,0.9,0.98,,,0.484,0.516,0,0.39,0.211,0.001,0.123,0.063,0.792,0.088,0.73,0.21,0.018,0.699,0.001,0,0.067,N<5,N<5,0.125,N<5,N<5,0.839,0.3,0.31,0.017,0.597,0.007,0,0.062,0.534,0.031,0.321,0.006,0.001,0.09,10.9,0.893,0.923,0.717,0.965,0.98,N/A,N/A,1,N/A,N/A
,,,25Q032,P.S. 032 State Street,Elementary,839,0.54,0.66,Good,Good,Excellent,0.84,0.96,0.83,0.83,0.86,0.86,0.98,0.94,0.98,,,0.499,0.501,0,0.175,0.179,0,0.066,0.081,0.627,0.058,0.559,0.625,0.004,0.265,0.006,0.004,0.067,0.164,0,0.082,0,0,0.705,0.6,0.584,0.005,0.283,0.004,0.002,0.1,0.534,0.031,0.321,0.006,0.001,0.09,13.9,0.951,0.952,0.862,0.969,0.95,N/A,N/A,0.97,0,0.03
,,,25Q079,P.S. 079 Francis Lewis,Elementary,1004,0.67,0.82,Excellent,Excellent,Excellent,0.88,0.85,0.91,0.94,0.94,0.97,0.99,0.95,0.98,,,0.476,0.524,0,0.187,0.174,0,0.123,0.042,0.575,0.028,0.524,0.607,0.017,0.219,0.004,0.003,0.141,0.072,0,N<5,0,0,0.884,0.5,0.496,0.016,0.263,0.005,0.001,0.218,0.534,0.031,0.321,0.006,0.001,0.09,9.8,0.87,0.947,0.848,0.969,0.96,N/A,N/A,0.97,0,0.03
,,,25Q107,P.S. 107 Thomas A Dooley,Elementary,776,0.41,0.47,Fair,Good,Good,0.77,0.86,0.84,0.62,0.8,0.75,0.92,0.85,0.92,,,0.47,0.53,0,0.419,0.153,0.005,0.059,0.062,0.729,0.113,0.638,0.481,0.01,0.455,0.009,0.001,0.036,0.188,0,0.141,0,0,0.641,0.4,0.482,0.006,0.441,0.01,0.002,0.048,0.534,0.031,0.321,0.006,0.001,0.09,12,0.875,0.94,0.801,0.95,0.86,N/A,N/A,0.97,N/A,N/A
,,,25Q120,P.S. 120 Queens,Elementary,720,0.53,0.57,Good,Good,Good,0.83,0.75,0.88,0.86,0.87,0.87,0.95,0.89,0.98,,,0.472,0.528,0,0.558,0.157,0.003,0.071,0.068,0.859,0.104,0.76,0.671,0.003,0.297,0.006,0,0.015,0.123,0,0.088,0,0,0.789,0.3,0.68,0,0.29,0.005,0,0.017,0.534,0.031,0.321,0.006,0.001,0.09,9.2,0.842,0.935,0.779,0.962,1,0,0,0.99,N/A,N/A
,,,25Q129,P.S. 129 Patricia Larkin,Elementary,1062,0.48,0.47,Fair,Good,Good,0.74,0.79,0.74,0.77,0.89,0.8,0.96,0.87,0.97,,,0.476,0.524,0,0.347,0.202,0,0.116,0.081,0.77,0.109,0.716,0.249,0.012,0.646,0.011,0.001,0.073,0.095,N<5,0.116,0,0,0.737,0.4,0.287,0.014,0.596,0.009,0,0.084,0.534,0.031,0.321,0.006,0.001,0.09,1,0.8,0.915,0.665,0.959,0.97,0.03,0,0.98,N/A,N/A
,,,25Q130,P.S. 130,Elementary,349,0.63,0.75,Excellent,Excellent,Excellent,0.92,,0.87,0.93,0.99,0.95,0.96,0.95,0.97,,,0.479,0.521,0,0.181,0.158,0.003,0.115,0.017,0.531,0.017,0.476,0.645,0.026,0.169,0.009,0,0.12,N<5,0,0,0,0,0.862,0.8,0.59,0.019,0.251,0.005,0.001,0.107,0.534,0.031,0.321,0.006,0.001,0.09,2,0.966,0.944,0.852,0.944,0.98,N/A,N/A,1,0,0
,,,25Q154,P.S. 154 Queens,Elementary,548,0.5,0.62,Good,Good,Excellent,0.86,0.8,0.84,0.81,0.93,0.86,0.96,0.92,0.98,,,0.46,0.54,0,0.239,0.204,0,0.126,0.057,0.742,0.058,0.693,0.387,0.077,0.365,0.011,0.004,0.142,N<5,N<5,N<5,0,0,0.786,0.3,0.461,0.06,0.34,0.018,0.008,0.103,0.534,0.031,0.321,0.006,0.001,0.09,9.1,0.881,0.921,0.684,0.96,0.94,0.06,0,0.96,N/A,N/A
,,,25Q163,P.S. 163 Flushing Heights,Elementary,704,0.59,0.69,Excellent,Excellent,Excellent,0.86,,0.82,0.83,0.99,0.92,0.98,0.94,0.98,,,0.474,0.526,0,0.442,0.134,0.003,0.057,0.038,0.737,0.04,0.692,0.773,0.006,0.18,0.004,0.001,0.011,0.424,N<5,N<5,0,0,0.458,0.5,0.497,0.089,0.337,0.009,0.001,0.041,0.534,0.031,0.321,0.006,0.001,0.09,9.1,0.712,0.956,0.872,0.975,0.98,N/A,N/A,0.99,N/A,N/A
,,,25Q164,P.S. 164 Queens Valley,K-8,520,0.47,0.56,Good,Good,Good,0.74,0.86,0.59,0.71,0.68,0.79,0.96,0.89,0.95,,,0.521,0.479,0,0.187,0.181,0.002,0.11,0.06,0.645,0.048,0.581,0.308,0.048,0.327,0.006,0,0.296,0.094,N<5,0.17,0,0,0.66,0.4,0.189,0.113,0.414,0.009,0,0.253,0.513,0.039,0.325,0.006,0.002,0.098,2.1,0.925,0.937,0.789,0.969,0.91,0,0.09,1,0,0
,,,25Q165,P.S. 165 Edith K. Bergtraum,Elementary,607,0.58,0.65,Good,Good,Good,0.79,0.92,0.67,0.65,0.88,0.75,0.97,0.94,0.94,,,0.478,0.522,0,0.129,0.265,0.012,0.155,0.074,0.722,0.069,0.659,0.455,0.15,0.272,0.015,0.002,0.081,0.088,N<5,N<5,0,0,0.8,0.4,0.305,0.244,0.299,0.012,0.001,0.107,0.534,0.031,0.321,0.006,0.001,0.09,8.1,0.9,0.925,0.758,0.96,0.92,0,0.08,0.99,N/A,N/A
,,,25Q169,P.S. 169 Bay Terrace,Elementary,396,0.46,0.63,Good,Excellent,Excellent,0.89,,0.66,0.92,0.97,0.95,0.98,0.96,0.95,,,0.523,0.477,0,0.093,0.152,0,0.109,0.005,0.321,0.02,0.275,0.381,0.033,0.25,0,0,0.263,0.192,N<5,N<5,0,0,0.615,0.3,0.348,0.022,0.265,0,0.004,0.27,0.534,0.031,0.321,0.006,0.001,0.09,14.1,0.923,0.941,0.82,0.966,1,0,0,1,0,0
,,,25Q184,P.S. 184 Flushing Manor,Elementary,452,0.5,0.66,Good,Excellent,Excellent,0.87,0.83,0.93,0.93,0.92,0.95,0.96,0.94,0.96,,,0.511,0.489,0,0.175,0.17,0.007,0.104,0.033,0.491,0.042,0.434,0.588,0.002,0.15,0.004,0.002,0.241,0.162,0,N<5,0,0,0.703,0.4,0.503,0.005,0.17,0.003,0.003,0.298,0.534,0.031,0.321,0.006,0.001,0.09,1.1,0.784,0.954,0.874,0.971,1,0,0,0.96,0,0.04
,,,25Q185,J.H.S. 185 Edward Bleeker,Middle,1473,0.55,0.75,Excellent,Excellent,Good,0.79,0.9,0.68,0.89,0.73,0.94,0.94,0.79,0.96,3.14,3.3,0.496,0.504,0,0.179,0.161,0.003,0.116,0.035,0.691,0.103,0.599,0.585,0.016,0.319,0.002,0,0.07,0.132,N<5,0.075,N<5,N<5,0.783,0.8,0.556,0.008,0.309,0.002,0,0.114,0.519,0.033,0.328,0.004,0.002,0.1,1,0.774,0.954,0.851,0.964,0.98,N/A,N/A,0.99,N/A,N/A
,,,25Q189,J.H.S. 189 Daniel Carter Beard,Middle,620,0.44,0.54,Fair,Good,Good,0.79,0.88,0.61,0.88,0.69,0.91,0.93,0.78,0.96,2.71,2.86,0.458,0.542,0,0.34,0.192,0.013,0.079,0.084,0.825,0.152,0.726,0.497,0.039,0.427,0.005,0,0.021,0.229,N<5,0.167,N<5,0,0.5,0.5,0.66,0.015,0.282,0.005,0,0.026,0.519,0.033,0.328,0.004,0.002,0.1,2.3,0.771,0.944,0.817,0.944,0.97,N/A,N/A,0.97,N/A,N/A
,,,25Q193,P.S. 193 Alfred J. Kennedy,Elementary,532,0.56,0.68,Good,Good,Excellent,0.82,,0.69,0.85,0.85,0.83,0.97,0.94,0.97,,,0.496,0.504,0,0.1,0.175,0.009,0.103,0.034,0.446,0.021,0.35,0.278,0.011,0.252,0.002,0.002,0.43,N<5,N<5,N<5,0,0,0.854,0.4,0.325,0.009,0.245,0.003,0.006,0.394,0.534,0.031,0.321,0.006,0.001,0.09,2.3,0.927,0.951,0.892,0.949,0.93,N/A,N/A,0.98,N/A,N/A
,,,25Q194,J.H.S. 194 William Carr,Middle,995,0.48,0.74,Excellent,Excellent,Good,0.73,0.88,0.69,0.87,0.67,0.89,0.94,0.81,0.95,3.19,3.4,0.494,0.506,0,0.127,0.137,0.011,0.088,0.028,0.571,0.074,0.502,0.443,0.007,0.341,0.005,0.003,0.186,0.075,N<5,N<5,N<5,N<5,0.866,1.1,0.473,0.005,0.229,0.002,0.004,0.272,0.519,0.033,0.328,0.004,0.002,0.1,12,0.985,0.942,0.802,0.957,0.98,N/A,N/A,0.99,N/A,N/A
,,,25Q200,P.S./M.S. 200 - The Magnet School of Global Studies and Leadership,K-8,482,0.58,0.52,Good,Fair,Excellent,0.72,0.9,0.59,0.73,0.66,0.66,0.96,0.95,0.95,,,0.483,0.517,0,0.102,0.249,0.004,0.143,0.093,0.632,0.077,0.587,0.11,0.197,0.546,0.017,0,0.093,N<5,0,N<5,0,0,0.8,0.3,0.28,0.095,0.45,0.019,0.002,0.104,0.513,0.039,0.325,0.006,0.002,0.098,3.5,0.756,0.917,0.647,0.962,0.98,N/A,N/A,1,0,0
,,,25Q201,P.S. 201 The Discovery School for Inquiry and Research,Elementary,309,0.51,0.48,Fair,Fair,Fair,0.7,0.66,0.52,0.76,0.76,0.75,0.92,0.86,0.86,,,0.495,0.505,0,0.139,0.33,0.023,0.129,0.155,0.887,0.094,0.841,0.123,0.405,0.417,0.01,0,0.036,N<5,0.162,N<5,0,0,0.73,0.2,0.168,0.374,0.405,0.011,0,0.023,0.534,0.031,0.321,0.006,0.001,0.09,0,0.811,0.909,0.629,0.97,0.97,N/A,N/A,0.99,N/A,N/A
,,,25Q209,P.S. 209 Clearview Gardens,Elementary,442,0.59,0.75,Excellent,Excellent,Excellent,0.82,1,1,0.84,0.83,0.88,0.96,0.95,0.96,,,0.457,0.543,0,0.12,0.172,0.002,0.102,0.009,0.378,0.011,0.337,0.559,0.005,0.19,0,0,0.231,N<5,N<5,N<5,0,0,0.8,0.6,0.433,0.008,0.181,0.004,0.002,0.349,0.534,0.031,0.321,0.006,0.001,0.09,2.6,0.914,0.95,0.88,0.97,1,0,0,0.98,N/A,N/A
,,,25Q214,P.S. 214 Cadwallader Colden,Elementary,322,0.43,0.53,Fair,Good,Good,0.77,,0.54,0.89,0.85,0.91,0.97,0.87,0.97,,,0.55,0.45,0,0.326,0.23,0,0.196,0.025,0.758,0.062,0.658,0.584,0.053,0.307,0.009,0,0.028,0.233,N<5,N<5,0,0,0.667,0.3,0.743,0.012,0.199,0.005,0,0.029,0.534,0.031,0.321,0.006,0.001,0.09,1,0.9,0.924,0.72,0.956,0.93,N/A,N/A,0.96,N/A,N/A
,,,25Q219,P.S. 219 Paul Klapper,K-8,578,0.59,0.57,Good,Good,Excellent,0.69,0.87,0.61,0.72,0.7,0.71,0.95,0.91,0.99,,,0.446,0.554,0,0.221,0.311,0.003,0.164,0.109,0.671,0.116,0.612,0.493,0.043,0.325,0.009,0.003,0.111,0.187,N<5,0.107,0,0,0.613,0.5,0.654,0.016,0.271,0.009,0.001,0.043,0.513,0.039,0.325,0.006,0.002,0.098,3,0.88,0.928,0.728,0.956,0.98,N/A,N/A,0.99,N/A,N/A
,,,25Q237,I.S. 237,Middle,1296,0.49,0.71,Good,Good,Good,0.74,0.83,0.55,0.74,0.62,0.79,0.93,0.76,0.94,3.1,3.4,0.471,0.529,0,0.25,0.117,0,0.073,0.032,0.803,0.079,0.719,0.741,0.033,0.201,0.004,0.001,0.01,0.198,N<5,0.128,0,N<5,0.547,0.5,0.782,0.014,0.178,0.004,0,0.011,0.519,0.033,0.328,0.004,0.002,0.1,15.7,0.884,0.95,0.83,0.953,0.99,N/A,N/A,0.96,N/A,N/A
,,,25Q250,I.S. 250 The Robert F. Kennedy Community Middle School,Middle,267,0.4,0.36,Fair,Fair,Good,0.71,0.85,0.57,0.76,0.68,0.84,0.93,0.76,0.95,2.6,2.51,0.483,0.517,0,0.255,0.285,0.011,0.135,0.131,0.825,0.195,0.757,0.236,0.228,0.427,0.007,0.011,0.056,0,N<5,N<5,0,0,0.846,0.5,0.37,0.132,0.342,0.003,0.003,0.125,0.519,0.033,0.328,0.004,0.002,0.1,11,0.885,0.905,0.637,0.97,0.96,N/A,N/A,0.97,N/A,N/A
,,,25Q252,"Queens School of Inquiry, The",Middle,229,0.34,0.54,Fair,Good,Good,0.78,0.87,0.66,0.78,0.68,0.76,0.9,0.83,0.93,3.15,3.02,0.502,0.498,0,0.079,0.179,0,0.17,0.004,0.675,0.063,0.57,0.297,0.162,0.354,0,0.004,0.153,N<5,N<5,0.102,0,0,0.755,0.5,0.391,0.118,0.326,0.004,0.002,0.132,0.519,0.033,0.328,0.004,0.002,0.1,14.1,0.796,0.928,0.749,0.972,1,0,0,0.98,N/A,N/A
,,,25Q281,East-West School of International Studies,Middle,293,0.54,0.87,Excellent,Good,Good,0.79,0.86,0.71,0.75,0.7,0.77,0.92,0.78,0.96,3.29,3.62,0.471,0.529,0,0.061,0.133,0,0.116,0.01,0.728,0.041,0.69,0.829,0.031,0.106,0.003,0.003,0.027,0.258,N<5,N<5,0,0,0.636,0.6,0.752,0.011,0.205,0.003,0.001,0.017,0.519,0.033,0.328,0.004,0.002,0.1,7.5,0.788,0.966,0.919,0.958,0.69,0.31,0,0.99,N/A,N/A
,,,25Q285,World Journalism Preparatory: A College Board School,Middle,269,0.45,0.71,Excellent,Good,Good,0.73,0.77,0.64,0.79,0.62,0.82,0.9,0.84,0.91,3.26,3.18,0.565,0.435,0,0.026,0.223,0.004,0.201,0.004,0.359,0.024,0.378,0.171,0.007,0.264,0.011,0.004,0.506,N<5,N<5,0.13,0,0,0.696,1.5,0.58,0.015,0.264,0.004,0.003,0.116,0.519,0.033,0.328,0.004,0.002,0.1,0.5,0.935,0.936,0.816,0.962,0.97,N/A,N/A,0.99,N/A,N/A
,,,25Q294,BELL Academy,Middle,360,0.6,0.93,Excellent,Good,Excellent,0.75,0.79,0.75,0.74,0.72,0.83,0.94,0.91,0.97,3.49,3.78,0.472,0.528,0,0.036,0.211,0.003,0.133,0.05,0.387,0.022,0.325,0.428,0.053,0.236,0,0.003,0.256,N<5,N<5,N<5,0,0,0.857,1.2,0.503,0.021,0.209,0.005,0.002,0.231,0.519,0.033,0.328,0.004,0.002,0.1,11.4,0.821,0.958,0.876,0.964,0.93,N/A,N/A,0.99,N/A,N/A
,,,25Q379,College Point Collaborative,Middle,467,0.39,0.4,Fair,Good,Fair,0.71,0.81,0.57,0.75,0.61,0.73,0.88,0.77,0.91,2.72,2.63,0.49,0.51,0,0.274,0.191,0,0.113,0.066,0.75,0.152,0.664,0.075,0.017,0.799,0,0.004,0.099,0.2,0,N<5,0,0,0.7,0.4,0.206,0.014,0.704,0,0.004,0.068,0.519,0.033,0.328,0.004,0.002,0.1,0.6,0.8,0.919,0.69,0.951,0.98,N/A,N/A,0.95,N/A,N/A
,,,25Q499,"The Queens College School for Math, Science and Technology",K-8,534,0.48,0.71,Good,Excellent,Good,0.83,0.96,0.73,0.85,0.72,0.92,0.94,0.92,0.9,,,0.481,0.519,0,0.03,0.182,0.032,0.086,0.036,0.496,0.03,0.427,0.487,0.15,0.202,0.009,0.006,0.086,0.273,N<5,N<5,0,0,0.545,2,0.456,0.045,0.352,0.006,0.002,0.115,0.513,0.039,0.325,0.006,0.002,0.098,9,0.818,0.954,0.889,0.971,0.99,N/A,N/A,0.99,N/A,N/A
,,,26Q018,P.S. 018 Winchester,Elementary,368,0.54,0.66,Good,Excellent,Excellent,0.9,1,0.88,0.92,0.94,0.95,0.97,0.94,0.97,,,0.478,0.522,0,0.177,0.209,0.035,0.114,0.033,0.55,0.03,0.522,0.557,0.117,0.217,0.016,0.003,0.071,N<5,0,N<5,0,0,0.919,0.4,0.526,0.094,0.286,0.024,0.002,0.053,0.623,0.038,0.175,0.009,0.002,0.125,1.1,0.973,0.939,0.819,0.97,0.98,N/A,N/A,0.99,N/A,N/A
,,,26Q026,P.S. 026 Rufus King,Elementary,521,0.51,0.62,Good,Excellent,Excellent,0.9,1,0.75,0.87,0.99,0.92,0.97,0.94,0.96,,,0.537,0.463,0,0.215,0.175,0.021,0.094,0.046,0.671,0.033,0.63,0.537,0.081,0.205,0.019,0,0.136,0.14,N<5,N<5,0,0,0.767,0.3,0.569,0.065,0.175,0.013,0.003,0.148,0.623,0.038,0.175,0.009,0.002,0.125,10.1,0.954,0.926,0.753,0.963,1,0,0,1,0,0
,,,26Q031,P.S. 031 Bayside,Elementary,347,0.52,0.62,Good,Excellent,Good,0.88,,0.83,0.94,0.99,0.98,0.95,0.93,0.94,,,0.464,0.536,0,0.32,0.245,0,0.092,0.135,0.625,0.153,0.573,0.427,0.046,0.389,0.003,0,0.101,N<5,N<5,0,0,0,0.882,0.4,0.61,0.028,0.233,0.007,0,0.088,0.623,0.038,0.175,0.009,0.002,0.125,21.1,0.912,0.921,0.72,0.961,0.99,N/A,N/A,0.99,N/A,N/A
,,,26Q041,P.S. 041 Crocheron,Elementary,402,0.75,0.87,Excellent,Excellent,Excellent,0.88,,0.95,0.95,0.94,0.98,0.98,0.96,0.97,,,0.493,0.507,0,0.152,0.224,0,0.144,0.057,0.48,0.015,0.418,0.58,0.005,0.214,0.005,0,0.172,0.2,N<5,N<5,N<5,N<5,0.767,0.4,0.554,0,0.259,0.01,0,0.167,0.623,0.038,0.175,0.009,0.002,0.125,9.2,0.933,0.946,0.83,0.962,0.97,N/A,N/A,0.93,N/A,N/A
,,,26Q046,P.S. 046 Alley Pond,Elementary,434,0.59,0.69,Good,Good,Good,0.79,0.8,0.89,0.79,0.88,0.86,0.95,0.94,0.94,,,0.419,0.581,0,0.157,0.348,0,0.196,0.111,0.486,0.044,0.454,0.59,0.062,0.205,0.012,0.005,0.101,0.154,N<5,N<5,0,0,0.712,0.3,0.721,0.025,0.164,0.009,0,0.062,0.623,0.038,0.175,0.009,0.002,0.125,0.1,0.942,0.945,0.832,0.967,0.95,0.05,0,1,N/A,N/A
,,,26Q067,J.H.S. 067 Louis Pasteur,Middle,948,0.52,0.93,Excellent,Good,Good,0.76,0.89,0.63,0.77,0.65,0.81,0.93,0.86,0.97,3.56,3.73,0.436,0.563,0.001,0.015,0.137,0.003,0.094,0.03,0.344,0.021,0.277,0.63,0.026,0.136,0.006,0.003,0.166,0.133,N<5,N<5,0,0,0.783,0.8,0.637,0.016,0.138,0.004,0,0.174,0.652,0.042,0.161,0.011,0.004,0.108,8.1,0.933,0.964,0.907,0.954,0.98,N/A,N/A,0.99,N/A,N/A
,,,26Q074,J.H.S. 074 Nathaniel Hawthorne,Middle,1073,0.54,0.92,Excellent,Good,Good,0.76,0.85,0.66,0.83,0.68,0.87,0.92,0.86,0.96,3.41,3.64,0.497,0.503,0,0.076,0.15,0,0.088,0.048,0.418,0.038,0.379,0.663,0.042,0.145,0.013,0.001,0.106,0.097,N<5,0.111,0,0,0.736,0.7,0.754,0.016,0.118,0.01,0.001,0.081,0.652,0.042,0.161,0.011,0.004,0.108,4.2,0.944,0.961,0.89,0.959,0.97,N/A,N/A,0.98,N/A,N/A
,,,26Q094,P.S. 094 David D. Porter,Elementary,323,0.71,0.88,Excellent,Excellent,Excellent,0.93,,0.97,0.92,0.99,0.99,0.98,0.96,0.98,,,0.548,0.452,0,0.118,0.158,0,0.111,0.028,0.455,0.025,0.347,0.777,0.019,0.093,0.003,0,0.053,N<5,N<5,N<5,0,0,0.821,0.3,0.717,0.027,0.152,0.004,0,0.049,0.623,0.038,0.175,0.009,0.002,0.125,10.1,0.821,0.965,0.941,0.959,0.93,N/A,N/A,1,0,0
,,,26Q098,P.S. 098 The Douglaston School,Elementary,242,0.65,0.8,Excellent,Excellent,Excellent,0.96,0.82,0.98,0.9,0.97,0.94,0.99,0.98,0.98,,,0.471,0.529,0,0.079,0.19,0.004,0.136,0.012,0.285,0.004,0.252,0.38,0.033,0.236,0.008,0,0.306,N<5,0,N<5,0,0,0.8,0.6,0.65,0.025,0.146,0,0,0.137,0.623,0.038,0.175,0.009,0.002,0.125,4,0.96,0.948,0.883,0.967,1,0,0,0.95,N/A,N/A
,,,26Q115,The James J. Ambrose School,Elementary,605,0.58,0.75,Excellent,Good,Excellent,0.85,0.86,0.73,0.84,0.84,0.9,0.97,0.96,0.96,,,0.519,0.481,0,0.094,0.139,0.005,0.086,0.028,0.446,0.017,0.405,0.704,0.058,0.137,0.013,0.002,0.051,N<5,0,0.119,0,0,0.81,0.4,0.669,0.054,0.178,0.017,0.005,0.062,0.623,0.038,0.175,0.009,0.002,0.125,8.1,0.905,0.944,0.842,0.96,0.9,N/A,N/A,1,0,0
,,,26Q133,P.S. 133 Queens,Elementary,528,0.55,0.7,Good,Excellent,Excellent,0.87,1,0.87,0.94,0.89,0.93,0.95,0.94,0.96,,,0.5,0.5,0,0.102,0.121,0,0.066,0.045,0.53,0.057,0.477,0.646,0.038,0.17,0.013,0.008,0.089,0,0,N<5,0,0,0.95,0.4,0.619,0.033,0.17,0.02,0.008,0.122,0.623,0.038,0.175,0.009,0.002,0.125,2.2,0.875,0.934,0.778,0.962,0.97,N/A,N/A,0.99,N/A,N/A
,,,26Q158,M.S. 158 Marie Curie,Middle,787,0.52,0.86,Excellent,Good,Good,0.73,0.78,0.61,0.7,0.62,0.71,0.87,0.81,0.96,3.34,3.54,0.51,0.49,0,0.099,0.17,0.006,0.104,0.056,0.534,0.046,0.482,0.605,0.033,0.234,0.008,0.008,0.102,0.102,N<5,0.085,N<5,0,0.763,0.7,0.651,0.031,0.202,0.004,0.007,0.09,0.652,0.042,0.161,0.011,0.004,0.108,4,0.932,0.948,0.834,0.951,0.98,N/A,N/A,0.95,0,0.05
,,,26Q159,P.S. 159,Elementary,520,0.6,0.72,Excellent,Excellent,Excellent,0.86,0.82,0.93,0.94,0.91,0.93,0.97,0.95,0.95,,,0.463,0.537,0,0.256,0.187,0,0.098,0.065,0.491,0.04,0.458,0.587,0.006,0.2,0.006,0,0.183,N<5,N<5,N<5,0,0,0.829,0.3,0.608,0.013,0.21,0,0,0.153,0.623,0.038,0.175,0.009,0.002,0.125,13.1,1,0.957,0.892,0.966,0.95,N/A,N/A,0.99,N/A,N/A
,,,26Q162,P.S. 162 John Golden,Elementary,461,0.56,0.66,Good,Good,Excellent,0.81,0.65,0.84,0.85,0.83,0.87,0.96,0.92,0.97,,,0.49,0.51,0,0.334,0.184,0.004,0.093,0.061,0.578,0.039,0.549,0.766,0.015,0.111,0.004,0,0.085,0.282,N<5,0,0,0,0.641,0.4,0.743,0.019,0.132,0.008,0,0.079,0.623,0.038,0.175,0.009,0.002,0.125,2.7,0.897,0.953,0.852,0.959,0.86,0.14,0,1,0,0
,,,26Q172,Irwin Altman Middle School 172,Middle,829,0.49,0.75,Excellent,Good,Good,0.74,0.83,0.55,0.79,0.64,0.82,0.93,0.87,0.92,3.14,3.18,0.497,0.502,0.001,0.1,0.169,0.013,0.11,0.037,0.501,0.065,0.455,0.609,0.08,0.185,0.019,0.007,0.072,N<5,0,0.136,0,0,0.797,0.8,0.667,0.051,0.15,0.021,0.005,0.076,0.652,0.042,0.161,0.011,0.004,0.108,3.2,0.983,0.938,0.806,0.955,0.99,N/A,N/A,0.97,N/A,N/A
,,,26Q173,P.S. 173 Fresh Meadows,Elementary,897,0.57,0.7,Good,Good,Excellent,0.78,0.8,0.63,0.89,0.84,0.86,0.97,0.93,0.97,,,0.501,0.499,0,0.165,0.183,0.009,0.086,0.067,0.545,0.046,0.504,0.594,0.017,0.149,0.011,0.001,0.201,0.273,0,0.091,0,0,0.591,0.4,0.659,0.009,0.135,0.005,0.002,0.154,0.623,0.038,0.175,0.009,0.002,0.125,4,0.879,0.946,0.834,0.96,0.99,N/A,N/A,1,0,0
,,,26Q178,P.S./ IS 178 Holliswood,K-8,482,0.31,0.49,Fair,Good,Good,0.71,0.85,0.57,0.71,0.63,0.83,0.96,0.91,0.92,,,0.502,0.498,0,0.093,0.16,0,0.106,0.044,0.421,0.046,0.388,0.193,0.058,0.149,0.017,0.004,0.548,0.209,N<5,0.116,0,0,0.605,0.4,0.176,0.035,0.099,0.014,0.007,0.634,0.608,0.049,0.172,0.01,0.003,0.131,8.1,0.884,0.922,0.731,0.955,0.99,N/A,N/A,0.92,0.04,0.04
,,,26Q186,P.S. 186 Castlewood,Elementary,313,0.55,0.65,Good,Excellent,Excellent,0.84,0.86,0.9,0.86,0.95,0.92,0.97,0.94,0.96,,,0.422,0.578,0,0.035,0.412,0.006,0.281,0.073,0.447,0.016,0.403,0.46,0.102,0.195,0.013,0.01,0.192,0.081,0,0.081,0,0,0.806,0.4,0.486,0.109,0.156,0.012,0.004,0.191,0.623,0.038,0.175,0.009,0.002,0.125,2,0.952,0.936,0.799,0.962,1,0,0,0.99,N/A,N/A
,,,26Q188,P.S. 188 Kingsbury,Elementary,628,0.68,0.86,Excellent,Excellent,Excellent,0.83,,0.83,0.9,0.87,0.88,0.97,0.95,0.97,,,0.455,0.545,0,0.089,0.115,0,0.067,0.027,0.316,0.029,0.253,0.688,0.016,0.068,0.005,0.002,0.194,0.152,0,N<5,0,0,0.783,0.8,0.511,0.073,0.188,0.02,0.001,0.165,0.623,0.038,0.175,0.009,0.002,0.125,2.6,0.891,0.962,0.937,0.971,1,0,0,0.98,N/A,N/A
,,,26Q191,P.S. 191 Mayflower,Elementary,317,0.47,0.63,Good,Excellent,Excellent,0.93,0.81,0.99,0.96,0.99,0.99,0.98,0.96,0.97,,,0.457,0.543,0,0.205,0.189,0,0.12,0.057,0.588,0.174,0.53,0.669,0.019,0.227,0.009,0,0.047,N<5,0,N<5,0,0,0.806,0.3,0.71,0.028,0.157,0.021,0,0.059,0.623,0.038,0.175,0.009,0.002,0.125,1.1,0.774,0.929,0.749,0.971,0.98,N/A,N/A,0.95,N/A,N/A
,,,26Q203,P.S. 203 Oakland Gardens,Elementary,760,0.7,0.87,Excellent,Excellent,Excellent,0.86,0.73,0.96,0.86,0.87,0.9,0.95,0.96,0.96,,,0.497,0.503,0,0.143,0.143,0.001,0.078,0.037,0.454,0.011,0.38,0.767,0.009,0.122,0.003,0,0.064,0.086,0,0.086,0,0,0.828,0.5,0.69,0.027,0.148,0.008,0,0.087,0.623,0.038,0.175,0.009,0.002,0.125,9.2,0.897,0.957,0.895,0.955,0.98,N/A,N/A,0.98,N/A,N/A
,,,26Q205,P.S. 205 Alexander Graham Bell,Elementary,204,0.61,0.76,Excellent,Excellent,Good,0.84,,0.89,0.89,0.85,0.95,0.96,0.95,0.91,,,0.505,0.495,0,0.108,0.172,0.142,0.015,0,0.389,0.02,0.328,0.51,0.054,0.196,0.02,0,0.152,N<5,0,N<5,0,0,0.667,0.2,0.505,0.016,0.177,0.016,0,0.231,0.623,0.038,0.175,0.009,0.002,0.125,0,1,0.943,0.825,0.952,1,0,0,1,0,0
,,,26Q213,P.S. 213 The Carl Ullman School,Elementary,320,0.53,0.63,Good,Excellent,Excellent,0.86,,0.93,0.94,0.95,0.96,0.97,0.96,0.98,,,0.509,0.491,0,0.144,0.213,0,0.103,0.088,0.534,0.041,0.481,0.525,0.097,0.253,0.006,0.006,0.091,0.176,0,N<5,0,0,0.735,0.3,0.653,0.054,0.207,0.012,0.008,0.054,0.623,0.038,0.175,0.009,0.002,0.125,0.2,0.971,0.935,0.766,0.96,0.94,N/A,N/A,1,0,0
,,,26Q216,J.H.S. 216 George J. Ryan,Middle,1501,0.57,0.86,Excellent,Good,Fair,0.76,0.85,0.63,0.71,0.7,0.77,0.9,0.77,0.92,3.33,3.51,0.498,0.502,0,0.09,0.114,0.008,0.067,0.033,0.606,0.099,0.542,0.708,0.035,0.137,0.011,0.002,0.097,0.159,0.17,0.057,0,0,0.591,0.8,0.602,0.04,0.201,0.006,0.003,0.126,0.652,0.042,0.161,0.011,0.004,0.108,3.7,0.807,0.951,0.852,0.951,0.98,N/A,N/A,0.99,N/A,N/A
,,,26Q221,P.S. 221 The North Hills School,Elementary,467,0.53,0.7,Good,Excellent,Excellent,0.89,0.8,0.96,0.92,0.95,0.95,0.97,0.95,0.98,,,0.505,0.495,0,0.111,0.182,0.013,0.111,0.034,0.42,0.009,0.364,0.632,0.015,0.178,0.002,0,0.154,0.132,N<5,N<5,0,0,0.816,0.5,0.64,0.012,0.146,0.002,0,0.174,0.623,0.038,0.175,0.009,0.002,0.125,1,0.974,0.948,0.868,0.953,0.95,N/A,N/A,0.99,N/A,N/A
,,,26Q266,P.S./I.S. 266,K-8,471,0.49,0.53,Fair,Good,Good,0.68,0.79,0.57,0.86,0.62,0.84,0.96,0.96,0.92,,,0.501,0.499,0,0.059,0.28,0.03,0.153,0.081,0.435,0.034,0.389,0.268,0.321,0.257,0.015,0.008,0.089,0,N<5,0.149,0,0,0.766,1.8,0.592,0.057,0.197,0.018,0.004,0.104,0.608,0.049,0.172,0.01,0.003,0.131,7.1,0.979,0.927,0.746,0.966,0.99,N/A,N/A,0.99,N/A,N/A
,,,26Q376,P.S. 376,Elementary,463,0.69,0.79,Excellent,Good,Good,0.8,0.83,0.76,0.75,0.83,0.75,0.95,0.94,0.93,,,0.438,0.562,0,0.181,0.14,0,0.089,0.03,0.487,0.104,0.423,0.689,0.037,0.168,0.011,0,0.067,0.306,N<5,0.222,N<5,N<5,0.444,0.3,0.672,0.03,0.172,0.009,0,0.078,0.623,0.038,0.175,0.009,0.002,0.125,1.2,0.722,0.952,0.861,0.953,0.94,N/A,N/A,0.96,N/A,N/A
,,,27Q042,P.S./M.S 042 R. Vernam,K-8,567,0.48,0.23,Fair,Fair,Good,0.76,0.84,0.56,0.69,0.68,0.77,0.94,0.89,0.95,,,0.52,0.48,0,0.055,0.282,0.026,0.122,0.104,0.928,0.168,0.908,0.025,0.638,0.295,0.012,0,0.012,N<5,0.385,0.096,N<5,0,0.404,0.4,0.035,0.622,0.273,0.016,0.001,0.025,0.186,0.227,0.425,0.054,0.008,0.082,13.1,0.904,0.838,0.412,0.961,0.98,N/A,N/A,0.98,N/A,N/A
,,,27Q043,P.S. 043,K-8,555,0.42,0.24,Fair,Needs Improvement,Good,0.6,0.82,0.42,0.43,0.54,0.44,0.9,0.93,0.88,,,0.503,0.497,0,0.108,0.294,0.009,0.135,0.137,0.937,0.27,0.897,0.013,0.571,0.384,0.009,0.004,0.009,N<5,0.172,0.121,0,0,0.655,0.3,0.015,0.61,0.324,0.017,0.003,0.024,0.186,0.227,0.425,0.054,0.008,0.082,9,0.914,0.816,0.334,0.959,0.94,N/A,N/A,0.98,N/A,N/A
,,,27Q045,P.S. 045 Clarence Witherspoon,Elementary,366,0.29,0.28,Needs Improvement,,,,,,,,,,,,,,0.527,0.473,0,0.404,0.142,0,0.09,0.041,0.871,0.443,0.811,0.049,0.413,0.475,0.036,0,0.008,N<5,N<5,N<5,0,0,0.724,0.4,0.082,0.535,0.262,0.071,0.011,0.026,0.215,0.177,0.479,0.065,0.008,0.041,14.1,0.828,0.833,0.31,0.975,0.91,N/A,N/A,0.93,N/A,N/A
,,,27Q047,P.S. 047 Chris Galas,K-8,243,0.56,0.57,Good,Good,Fair,0.82,0.86,0.82,0.79,0.71,0.91,0.88,0.93,0.78,,,0.498,0.502,0,0.029,0.337,0,0.198,0.103,0.446,0.045,0.391,0.041,0.049,0.181,0.012,0,0.687,N<5,N<5,N<5,0,0,0.767,0.3,0.022,0.022,0.138,0,0,0.819,0.186,0.227,0.425,0.054,0.008,0.082,8.9,0.833,0.908,0.635,0.967,0.85,0.15,0,1,0,0
,,,27Q053,M.S. 053 Brian Piccolo,Middle,251,0.55,0.34,Good,Fair,Excellent,0.79,0.93,0.61,0.87,0.73,0.84,0.97,0.99,1,2.25,2.14,0.462,0.538,0,0.339,0.287,0.016,0.139,0.116,0.888,0.426,0.785,0.012,0.414,0.478,0.008,0.016,0.052,N<5,0.286,0.238,N<5,N<5,0.429,0.4,0.009,0.401,0.549,0.013,0.001,0.02,0.231,0.175,0.455,0.061,0.011,0.056,5.1,0.762,0.855,0.417,0.951,0.78,N/A,N/A,0.99,N/A,N/A
,,,27Q056,P.S. 056 Harry Eichler,Elementary,330,0.46,0.49,Good,Good,Excellent,0.86,,0.85,0.87,0.97,0.95,0.97,0.93,0.96,,,0.491,0.509,0,0.264,0.148,0,0.07,0.061,0.718,0.094,0.667,0.233,0.085,0.515,0.045,0.012,0.097,N<5,0,N<5,0,0,0.808,0.4,0.205,0.068,0.581,0.026,0.007,0.094,0.215,0.177,0.479,0.065,0.008,0.041,4,0.846,0.921,0.68,0.972,0.88,N/A,N/A,1,0,0
,,,27Q060,P.S. 060 Woodhaven,Elementary,823,0.56,0.55,Good,Good,Good,0.87,0.9,0.79,0.91,0.97,0.95,0.98,0.87,0.97,,,0.478,0.522,0,0.29,0.174,0.005,0.106,0.038,0.782,0.111,0.723,0.168,0.03,0.758,0.018,0,0.022,N<5,N<5,0.218,0,0,0.705,0.4,0.17,0.043,0.719,0.021,0.004,0.033,0.215,0.177,0.479,0.065,0.008,0.041,2.9,0.859,0.91,0.643,0.954,0.96,N/A,N/A,0.99,N/A,N/A
,,,27Q062,P. S. 62 - Chester Park School,Elementary,749,0.4,0.5,Fair,Good,Excellent,0.85,0.86,0.88,0.91,0.84,0.88,0.95,0.95,0.97,,,0.473,0.527,0,0.16,0.15,0.011,0.061,0.059,0.794,0.029,0.757,0.423,0.039,0.3,0.17,0.016,0.027,N<5,N<5,0.103,N<5,0,0.776,0.2,0.372,0.059,0.361,0.151,0.013,0.024,0.215,0.177,0.479,0.065,0.008,0.041,3.2,0.897,0.912,0.664,0.966,0.9,0.1,0,0.99,N/A,N/A
,,,27Q063,P.S. 063 Old South,Elementary,872,0.5,0.55,Good,Good,Excellent,0.83,1,0.88,0.85,0.9,0.91,0.98,0.95,0.98,,,0.517,0.483,0,0.205,0.218,0.006,0.095,0.102,0.744,0.097,0.697,0.397,0.055,0.432,0.044,0.009,0.053,N<5,N<5,N<5,0,0,0.882,0.4,0.361,0.083,0.436,0.044,0.013,0.051,0.215,0.177,0.479,0.065,0.008,0.041,1.1,0.947,0.903,0.624,0.962,0.96,N/A,N/A,0.96,0,0.04
,,,27Q064,P.S. 064 Joseph P. Addabbo,Elementary,441,0.32,0.41,Fair,Fair,Excellent,0.79,,0.91,0.78,0.81,0.81,0.95,0.97,0.98,,,0.478,0.522,0,0.338,0.15,0.014,0.061,0.063,0.85,0.088,0.805,0.667,0.032,0.224,0.029,0.007,0.032,N<5,N<5,N<5,0,0,0.897,0.2,0.594,0.041,0.299,0.02,0.008,0.03,0.215,0.177,0.479,0.065,0.008,0.041,10.1,0.718,0.896,0.6,0.962,0.95,N/A,N/A,0.95,0,0.05
,,,27Q065,P.S. 65 - The Raymond York Elementary School,Elementary,321,0.43,0.49,Fair,Good,Excellent,0.88,0.87,1,0.9,0.99,0.99,0.97,0.92,0.96,,,0.526,0.474,0,0.125,0.227,0,0.14,0.081,0.81,0.062,0.76,0.308,0.065,0.445,0.103,0.031,0.047,N<5,0,0.194,0,0,0.71,0.2,0.284,0.077,0.521,0.073,0.01,0.035,0.215,0.177,0.479,0.065,0.008,0.041,16.2,0.903,0.905,0.598,0.957,1,0,0,0.97,N/A,N/A
,,,27Q066,P.S. 066 Jacqueline Kennedy Onassis,Elementary,469,0.9,0.84,Excellent,Excellent,Excellent,0.9,1,1,0.96,0.97,0.99,0.99,0.95,0.98,,,0.507,0.493,0,0.262,0.205,0.028,0.13,0.028,0.678,0.092,0.597,0.166,0.06,0.642,0.032,0,0.079,N<5,N<5,N<5,0,0,0.763,0.3,0.143,0.027,0.697,0.021,0.004,0.091,0.215,0.177,0.479,0.065,0.008,0.041,7.6,0.79,0.923,0.737,0.969,0.94,N/A,N/A,0.97,N/A,N/A
,,,27Q090,P.S. 090 Horace Mann,Elementary,521,0.46,0.44,Fair,Fair,Excellent,0.76,0.87,0.82,0.78,0.72,0.77,0.95,0.92,0.97,,,0.466,0.534,0,0.345,0.223,0.013,0.096,0.086,0.831,0.142,0.779,0.259,0.04,0.618,0.035,0.002,0.038,N<5,N<5,0.265,0,N<5,0.633,0.3,0.19,0.038,0.635,0.028,0.006,0.084,0.215,0.177,0.479,0.065,0.008,0.041,3,0.898,0.915,0.677,0.951,0.92,0.08,0,0.99,N/A,N/A
,,,27Q096,P.S. 096,Elementary,286,0.6,0.69,Good,Fair,Good,0.83,,0.92,0.66,0.68,0.61,0.88,0.95,0.96,,,0.493,0.507,0,0.175,0.066,0.003,0.042,0.01,0.785,0.066,0.717,0.388,0.15,0.196,0.203,0.021,0.031,0.238,0.286,N<5,N<5,N<5,0.286,0.2,0.405,0.164,0.164,0.2,0.023,0.032,0.215,0.177,0.479,0.065,0.008,0.041,11,0.905,0.911,0.688,0.966,0.94,N/A,N/A,0.95,N/A,N/A
,,,27Q097,P.S. 097 Forest Park,Elementary,546,0.5,0.45,Good,Fair,Good,0.78,0.89,0.72,0.77,0.69,0.75,0.92,0.92,0.95,,,0.538,0.462,0,0.332,0.229,0.004,0.114,0.101,0.829,0.101,0.791,0.126,0.027,0.769,0.011,0.002,0.053,N<5,N<5,0.3,0,0,0.58,0.3,0.151,0.033,0.75,0.005,0.003,0.044,0.215,0.177,0.479,0.065,0.008,0.041,4,0.78,0.904,0.597,0.959,0.95,0.05,0,0.98,N/A,N/A
,,,27Q100,P.S. 100 Glen Morris,Elementary,608,0.44,0.49,Fair,Good,Excellent,0.83,0.4,0.85,0.83,0.88,0.87,0.97,0.92,0.96,,,0.452,0.548,0,0.132,0.215,0.012,0.095,0.079,0.722,0.039,0.676,0.265,0.063,0.219,0.383,0.02,0.025,N<5,N<5,N<5,0,0,0.828,0.3,0.344,0.065,0.282,0.244,0.032,0.017,0.215,0.177,0.479,0.065,0.008,0.041,2.1,0.948,0.901,0.601,0.956,0.95,N/A,N/A,0.96,0,0.04
,,,27Q104,P.S. 104 The Bays Water,Elementary,451,0.47,0.4,Good,Good,Excellent,0.94,1,0.88,0.95,0.97,0.98,0.98,0.95,0.96,,,0.424,0.576,0,0.231,0.259,0,0.089,0.157,0.886,0.113,0.829,0.016,0.302,0.585,0.044,0.004,0.04,0,0.22,0.14,0,0,0.6,0.4,0.005,0.473,0.408,0.041,0.013,0.03,0.215,0.177,0.479,0.065,0.008,0.041,4.6,0.88,0.893,0.529,0.955,0.94,0.06,0,0.96,0,0.04
,,,27Q105,P.S. 105 The Bay School,K-8,563,0.38,0.19,Fair,Fair,Good,0.68,0.9,0.4,0.78,0.64,0.78,0.91,0.89,0.96,,,0.481,0.517,0.002,0.06,0.345,0.007,0.146,0.169,> 95%,0.165,0.924,0.025,0.558,0.38,0.014,0.005,0.007,0,0.097,0.097,0,0,0.774,0.3,0.032,0.581,0.344,0.013,0.009,0.006,0.186,0.227,0.425,0.054,0.008,0.082,1.1,0.855,0.855,0.413,0.952,0.99,N/A,N/A,0.95,N/A,N/A
,,,27Q106,Lighthouse Elementary School,Elementary,148,0.28,0.22,Needs Improvement,Needs Improvement,Good,0.65,,0.39,0.71,0.77,0.65,0.95,0.96,0.9,,,0.493,0.507,0,0.155,0.372,0,0.155,0.182,> 95%,0.257,0.919,0.014,0.5,0.419,0.007,0,0.027,N<5,N<5,N<5,N<5,0,0.611,0.3,0.009,0.605,0.317,0.02,0.002,0.03,0.215,0.177,0.479,0.065,0.008,0.041,1.1,0.5,0.828,0.348,0.972,0.87,N/A,N/A,0.98,N/A,N/A
,,,27Q108,P.S. 108 Captain Vincent G. Fowler,Elementary,1058,0.54,0.63,Good,Good,Excellent,0.85,0.91,0.85,0.81,0.9,0.84,0.97,0.92,0.97,,,0.494,0.506,0,0.075,0.199,0.001,0.085,0.098,0.678,0.027,0.642,0.377,0.063,0.435,0.063,0.001,0.049,N<5,N<5,0.11,0,0,0.805,0.4,0.336,0.056,0.466,0.069,0.006,0.056,0.215,0.177,0.479,0.065,0.008,0.041,7.7,0.866,0.918,0.694,0.948,1,0,0,0.96,N/A,N/A
,,,27Q114,P.S./M.S. 114 Belle Harbor,K-8,567,0.41,0.61,Good,Excellent,Excellent,0.82,0.93,0.74,0.91,0.72,0.92,0.98,0.97,0.97,,,0.478,0.522,0,0.021,0.275,0.034,0.152,0.046,0.265,0.009,0.208,0.016,0.03,0.166,0.002,0,0.758,N<5,N<5,N<5,N<5,N<5,0.98,0.6,0.018,0.008,0.129,0,0,0.818,0.186,0.227,0.425,0.054,0.008,0.082,7.1,0.918,0.925,0.742,0.951,0.93,0.07,0,0.98,N/A,N/A
,,,27Q123,P.S. 123,Elementary,497,0.63,0.61,Good,Good,Good,0.82,0.86,0.8,0.83,0.78,0.89,0.95,0.89,0.96,,,0.495,0.505,0,0.131,0.239,0.024,0.103,0.103,0.771,0.099,0.712,0.155,0.511,0.181,0.078,0.012,0.036,0.114,0.205,N<5,0,0,0.545,0.3,0.12,0.514,0.193,0.109,0.023,0.023,0.215,0.177,0.479,0.065,0.008,0.041,11.1,0.864,0.907,0.652,0.969,0.96,N/A,N/A,1,0,0
,,,27Q124,P.S. 124 Osmond A Church,K-8,1038,0.39,0.44,Fair,Good,Good,0.79,0.92,0.64,0.85,0.71,0.89,0.95,0.89,0.93,,,0.502,0.498,0,0.149,0.126,0,0.077,0.036,0.726,0.106,0.675,0.397,0.152,0.224,0.134,0.023,0.043,0.123,0.246,N<5,0,0,0.6,0.5,0.401,0.142,0.241,0.112,0.032,0.039,0.186,0.227,0.425,0.054,0.008,0.082,10.1,0.846,0.91,0.64,0.981,0.95,N/A,N/A,0.95,0,0.05
,,,27Q137,M.S. 137 America's School of Heroes,Middle,1661,0.51,0.59,Good,Fair,Good,0.82,0.92,0.63,0.82,0.73,0.89,0.94,0.84,0.93,2.92,2.8,0.486,0.514,0,0.14,0.166,0.004,0.099,0.058,0.726,0.048,0.682,0.388,0.045,0.458,0.059,0.011,0.031,0.105,0.089,0.185,0,0,0.565,0.9,0.317,0.061,0.483,0.061,0.015,0.051,0.231,0.175,0.455,0.061,0.011,0.056,3.4,0.782,0.907,0.651,0.953,0.98,N/A,N/A,0.98,N/A,N/A
,,,27Q146,P.S. 146 Howard Beach,K-8,484,0.46,0.55,Good,Good,Excellent,0.81,0.87,0.66,0.81,0.72,0.82,0.96,0.92,0.96,,,0.5,0.5,0,0.083,0.264,0.004,0.176,0.054,0.52,0.052,0.504,0.118,0.031,0.43,0.01,0.014,0.378,N<5,0,N<5,0,0,0.867,0.4,0.111,0.021,0.397,0.01,0.005,0.443,0.186,0.227,0.425,0.054,0.008,0.082,2.1,0.822,0.905,0.653,0.973,0.98,N/A,N/A,1,N/A,N/A
,,,27Q155,P.S. 155,Elementary,448,0.54,0.66,Good,Excellent,Excellent,0.88,1,0.95,0.97,0.96,0.95,0.96,0.93,0.96,,,0.487,0.513,0,0.069,0.156,0.009,0.058,0.069,0.726,0.063,0.663,0.46,0.167,0.188,0.145,0.018,0.009,N<5,0.343,N<5,0,0,0.457,0.2,0.441,0.181,0.187,0.137,0.016,0.022,0.215,0.177,0.479,0.065,0.008,0.041,3.9,0.914,0.911,0.654,0.972,0.92,N/A,N/A,0.99,N/A,N/A
,,,27Q183,P.S. 183 Dr. Richard R. Green,K-8,381,0.45,0.23,Fair,Fair,,0.74,0.72,0.56,0.65,0.67,0.68,,,,,,0.486,0.514,0,0.052,0.357,0.016,0.178,0.139,0.941,0.205,0.908,0.045,0.572,0.307,0.024,0.003,0.045,N<5,0.244,N<5,N<5,N<5,0.689,0.3,0.033,0.513,0.28,0.016,0,0.132,0.186,0.227,0.425,0.054,0.008,0.082,,0.867,0.835,0.361,0.949,0.9,N/A,N/A,0.98,N/A,N/A
,,,27Q197,P.S. 197 The Ocean School,Elementary,342,0.57,0.44,Good,Good,Good,0.89,1,0.71,0.89,0.93,0.94,0.95,0.87,0.96,,,0.482,0.518,0,0.175,0.33,0,0.12,0.199,0.891,0.132,0.868,0.009,0.412,0.52,0.026,0.003,0.023,N<5,0.25,0.194,0,0,0.472,0.3,0.004,0.447,0.458,0.032,0.004,0.04,0.215,0.177,0.479,0.065,0.008,0.041,13,0.75,0.895,0.559,0.969,0.88,N/A,N/A,0.97,N/A,N/A
,,,27Q202,J.H.S. 202 Robert H. Goddard,Middle,882,0.5,0.57,Good,Good,Good,0.81,0.89,0.59,0.9,0.73,0.93,0.93,0.85,0.94,2.86,2.77,0.491,0.509,0,0.138,0.18,0.003,0.092,0.075,0.753,0.08,0.705,0.328,0.066,0.491,0.039,0.019,0.046,0.088,N<5,0.132,0,0,0.735,0.8,0.233,0.085,0.496,0.032,0.009,0.132,0.231,0.175,0.455,0.061,0.011,0.056,15.9,0.853,0.9,0.599,0.968,1,0,0,0.96,0,0.04
,,,27Q207,P.S. 207 Rockwood Park,K-8,569,0.45,0.58,Fair,Excellent,Excellent,0.76,0.91,0.7,0.86,0.7,0.91,0.95,0.95,0.95,,,0.471,0.529,0,0.026,0.232,0,0.128,0.053,0.303,0.016,0.271,0.095,0.026,0.255,0,0.005,0.585,N<5,N<5,N<5,0,0,0.866,0.4,0.102,0.013,0.207,0.003,0.008,0.647,0.186,0.227,0.425,0.054,0.008,0.082,3,0.91,0.928,0.775,0.961,0.97,N/A,N/A,0.99,N/A,N/A
,,,27Q210,J.H.S. 210 Elizabeth Blackwell,Middle,1469,0.51,0.51,Good,Fair,Fair,0.7,0.87,0.55,0.67,0.65,0.71,0.88,0.79,0.91,2.69,2.63,0.47,0.53,0,0.256,0.197,0.014,0.102,0.071,0.794,0.099,0.741,0.245,0.043,0.639,0.03,0.01,0.027,0.072,0.088,0.12,0,0,0.664,0.7,0.327,0.051,0.517,0.043,0.015,0.036,0.231,0.175,0.455,0.061,0.011,0.056,6.2,0.888,0.905,0.615,0.956,0.97,N/A,N/A,0.98,N/A,N/A
,,,27Q223,P.S. 223 Lyndon B. Johnson,Elementary,582,0.23,0.25,Needs Improvement,Good,Good,0.83,1,0.72,0.91,0.86,0.93,0.94,0.89,0.94,,,0.473,0.527,0,0.387,0.211,0.003,0.1,0.093,0.851,0.282,0.775,0.088,0.34,0.474,0.064,0.005,0.015,N<5,0.289,0.111,N<5,0,0.444,0.5,0.099,0.533,0.217,0.095,0.014,0.029,0.215,0.177,0.479,0.065,0.008,0.041,5.6,0.844,0.858,0.404,0.991,0.95,N/A,N/A,0.95,0,0.05
,,,27Q226,J.H.S. 226 Virgil I. Grissom,Middle,804,0.41,0.44,Fair,Fair,Fair,0.76,0.87,0.51,0.88,0.65,0.85,0.9,0.82,0.89,2.7,2.67,0.453,0.547,0,0.183,0.177,0.016,0.081,0.068,0.77,0.164,0.689,0.224,0.267,0.276,0.177,0.017,0.026,0.075,0.373,0.149,0,0,0.343,0.8,0.327,0.168,0.263,0.166,0.029,0.032,0.231,0.175,0.455,0.061,0.011,0.056,4.5,0.866,0.886,0.555,0.958,0.96,N/A,N/A,0.98,N/A,N/A
,,,27Q232,P.S. 232 Lindenwood,K-8,777,0.34,0.42,Fair,Good,Excellent,0.76,0.92,0.61,0.83,0.7,0.85,0.96,0.94,0.96,,,0.468,0.532,0,0.055,0.247,0.031,0.113,0.069,0.548,0.028,0.53,0.097,0.059,0.556,0.013,0,0.245,N<5,N<5,0.077,0,0,0.846,0.3,0.091,0.071,0.514,0.014,0,0.276,0.186,0.227,0.425,0.054,0.008,0.082,1.1,0.908,0.91,0.658,0.959,0.88,N/A,N/A,0.98,0,0.02
,,,27Q253,The Randolph Holder School for Social Justice,Elementary,510,0.35,0.3,Fair,Good,Good,0.86,1,0.67,0.96,0.9,0.96,0.95,0.88,0.93,,,0.484,0.516,0,0.288,0.3,0.002,0.131,0.135,0.906,0.269,0.81,0.014,0.3,0.649,0.014,0.01,0.01,0,0.318,0.25,0,0,0.386,0.2,0.01,0.411,0.534,0.013,0.005,0.013,0.215,0.177,0.479,0.065,0.008,0.041,0.2,0.932,0.87,0.485,0.959,0.97,N/A,N/A,0.9,N/A,N/A
,,,27Q254,P.S. 254 - The Rosa Parks School,Elementary,443,0.46,0.47,Fair,Good,Excellent,0.8,0.86,0.82,0.75,0.85,0.82,0.96,0.92,0.98,,,0.528,0.472,0,0.321,0.214,0.011,0.104,0.084,0.751,0.138,0.668,0.129,0.023,0.779,0.007,0.002,0.043,0.14,0.163,0.14,N<5,0,0.488,0.3,0.14,0.031,0.66,0.022,0,0.128,0.215,0.177,0.479,0.065,0.008,0.041,2,0.93,0.911,0.658,0.957,0.86,0.14,0,0.99,N/A,N/A
,,,27Q262,Channel View School for Research,Middle,356,0.41,0.5,Good,Fair,Fair,0.76,0.84,0.59,0.78,0.65,0.79,0.9,0.81,0.87,2.8,2.71,0.466,0.534,0,0.056,0.174,0.003,0.16,0.003,0.826,0.073,0.707,0.034,0.41,0.43,0.025,0.006,0.076,0.061,0.212,0.081,0,0,0.606,3.5,0.018,0.535,0.279,0.013,0.003,0.137,0.231,0.175,0.455,0.061,0.011,0.056,9.9,0.788,0.903,0.614,0.946,0.93,N/A,N/A,0.98,N/A,N/A
,,,27Q273,P.S. 273,Elementary,281,0.55,0.56,Good,Good,Excellent,0.83,,0.89,0.82,0.88,0.79,0.97,0.95,0.97,,,0.502,0.498,0,0.196,0.189,0.004,0.096,0.06,0.769,0.075,0.715,0.139,0.028,0.74,0.036,0.025,0.018,0.167,0.167,0.3,N<5,N<5,0.3,0.3,0.147,0.048,0.729,0.026,0.006,0.038,0.215,0.177,0.479,0.065,0.008,0.041,2.1,0.8,0.9,0.604,0.97,0.91,N/A,N/A,0.97,N/A,N/A
,,,27Q282,Knowledge and Power Preparatory Academy VI,Middle,263,0.41,0.52,Good,Good,Good,0.68,0.86,0.58,0.66,0.63,0.72,0.93,0.93,0.95,2.9,2.78,0.51,0.49,0,0.103,0.171,0.011,0.11,0.03,0.841,0.144,0.776,0.023,0.376,0.559,0.004,0.004,0.023,N<5,N<5,N<5,0,0,0.75,0.5,0.019,0.5,0.442,0.015,0.002,0.018,0.231,0.175,0.455,0.061,0.011,0.056,1.6,0.8,0.939,0.811,0.951,0.73,N/A,N/A,0.93,N/A,N/A
,,,27Q297,Hawtree Creek Middle School,Middle,392,0.43,0.6,Good,Excellent,Excellent,0.87,0.98,0.75,0.92,0.79,0.95,0.96,0.95,0.96,2.81,2.84,0.5,0.5,0,0.056,0.181,0.02,0.079,0.077,0.677,0.079,0.61,0.212,0.278,0.219,0.224,0.023,0.028,N<5,0.179,N<5,N<5,N<5,0.786,0.8,0.335,0.164,0.247,0.174,0.029,0.036,0.231,0.175,0.455,0.061,0.011,0.056,11.2,0.75,0.92,0.717,0.962,0.85,N/A,N/A,0.98,N/A,N/A
,,,27Q306,New York City Academy for Discovery,Elementary,321,0.45,0.41,Fair,Good,Excellent,0.83,1,0.87,0.93,0.92,0.91,0.96,0.96,0.96,,,0.486,0.514,0,0.246,0.237,0,0.121,0.097,0.799,0.153,0.745,0.165,0.053,0.682,0.019,0.006,0.053,N<5,N<5,0.29,0,0,0.613,0.4,0.161,0.044,0.721,0.026,0.006,0.031,0.215,0.177,0.479,0.065,0.008,0.041,11.1,0.807,0.896,0.599,0.959,0.94,N/A,N/A,0.98,N/A,N/A
,,,27Q309,Academy of Medical Technology: A College Board School,Middle,201,0.39,0.35,Fair,Fair,Fair,0.7,0.86,0.58,0.79,0.67,0.73,0.88,0.83,0.92,2.4,2.35,0.493,0.507,0,0.194,0.259,0,0.224,0.015,0.881,0.138,0.809,0.025,0.323,0.587,0.02,0,0.02,N<5,0.102,0.204,0,0,0.571,0.5,0.019,0.527,0.41,0.016,0.003,0.019,0.231,0.175,0.455,0.061,0.011,0.056,0.9,0.939,0.874,0.564,0.959,0.97,N/A,N/A,0.97,N/A,N/A
,,,27Q316,Queens Explorers Elementary School,Elementary,350,0.57,0.62,Good,Good,Good,0.83,0.86,0.9,0.82,0.85,0.84,0.92,0.96,0.95,,,0.474,0.526,0,0.097,0.237,0,0.151,0.077,0.718,0.051,0.674,0.3,0.043,0.531,0.04,0.011,0.046,N<5,N<5,N<5,0,0,0.765,0.3,0.291,0.053,0.524,0.057,0.014,0.044,0.215,0.177,0.479,0.065,0.008,0.041,4.2,0.912,0.918,0.687,0.97,0.99,N/A,N/A,0.93,0,0.07
,,,27Q317,Waterside Children's Studio School,Elementary,408,0.61,0.62,Good,Good,Excellent,0.88,1,0.94,0.93,0.94,0.93,0.97,0.96,0.95,,,0.466,0.534,0,0.086,0.277,0.01,0.181,0.061,0.727,0.049,0.652,0.022,0.245,0.483,0.01,0,0.199,0,N<5,N<5,0,0,0.848,0.7,0.034,0.114,0.46,0.006,0.003,0.336,0.215,0.177,0.479,0.065,0.008,0.041,15.2,0.978,0.907,0.624,0.958,0.89,0.11,0,0.97,N/A,N/A
,,,27Q318,Waterside School For Leadership,Middle,169,0.52,0.45,Good,Fair,Good,0.73,0.87,0.61,0.7,0.68,0.74,0.94,0.92,0.89,2.55,2.26,0.497,0.503,0,0.036,0.296,0.012,0.154,0.107,0.817,0.095,0.751,0.018,0.544,0.355,0.012,0,0.053,N<5,N<5,N<5,0,0,0.647,2.3,0.022,0.389,0.286,0.009,0.001,0.266,0.231,0.175,0.455,0.061,0.011,0.056,1.1,0.941,0.904,0.626,0.955,1,0,0,0.94,N/A,N/A
,,,27Q319,Village Academy,Middle,295,0.59,0.47,Good,Good,Good,0.83,0.91,0.69,0.86,0.79,0.9,0.95,0.83,0.95,2.44,2.25,0.434,0.566,0,0.159,0.319,0.007,0.217,0.075,0.896,0.21,0.844,0.02,0.481,0.464,0.01,0.003,0.014,0,0.314,0.314,0,0,0.343,0.4,0.008,0.39,0.561,0.013,0.002,0.02,0.231,0.175,0.455,0.061,0.011,0.056,15.2,0.571,0.873,0.531,0.961,0.89,0.11,0,0.97,N/A,N/A
,,,27Q323,Scholars' Academy,Middle,586,0.47,0.81,Excellent,Good,Good,0.8,0.88,0.75,0.7,0.75,0.7,0.92,0.87,0.95,3.54,3.46,0.512,0.488,0,0.002,0.162,0.014,0.116,0.02,0.466,0.012,0.374,0.176,0.191,0.273,0.029,0.005,0.305,0.065,0.104,0.13,N<5,0,0.662,4,0.018,0.514,0.329,0.012,0.003,0.109,0.231,0.175,0.455,0.061,0.011,0.056,4.5,0.883,0.942,0.849,0.966,0.93,N/A,N/A,0.97,0,0.03
,,,27Q333,Goldie Maple Academy,K-8,299,0.35,0.21,Needs Improvement,,Fair,,,,,,,0.88,0.87,0.92,,,0.458,0.542,0,0.023,0.271,0,0.137,0.107,0.902,0.137,0.863,0.003,0.706,0.234,0.02,0.013,0.013,N<5,0.353,N<5,0,0,0.529,0.3,0.011,0.668,0.289,0.015,0.003,0.009,0.186,0.227,0.425,0.054,0.008,0.082,2,0.794,0.869,0.491,0.942,0.92,N/A,N/A,0.94,0,0.06
,,,27Q362,Wave Preparatory Elementary School,Elementary,435,0.64,0.59,Excellent,Excellent,Good,0.95,,0.95,0.95,0.99,0.99,0.97,0.88,0.96,,,0.501,0.499,0,0.317,0.234,0,0.101,0.11,0.869,0.198,0.795,0.011,0.315,0.648,0.009,0,0.005,0,N<5,0.143,0,0,0.771,0.2,0.012,0.367,0.573,0.016,0.002,0.012,0.215,0.177,0.479,0.065,0.008,0.041,12.2,0.857,0.905,0.61,0.957,0.78,0.22,0,0.99,N/A,N/A
,,,27Q377,S.T.A.R. Leadership Academy,Elementary,430,0.45,0.52,Good,Good,Excellent,0.87,0.85,0.92,0.92,0.94,0.98,0.98,0.97,0.97,,,0.495,0.505,0,0.137,0.193,0.005,0.084,0.086,0.616,0.077,0.57,0.226,0.072,0.526,0.037,0.03,0.093,N<5,N<5,0.171,N<5,N<5,0.8,0.6,0.171,0.068,0.499,0.016,0.009,0.214,0.215,0.177,0.479,0.065,0.008,0.041,7.2,0.886,0.912,0.641,0.959,0.96,N/A,N/A,0.96,N/A,N/A
,,,28Q008,J.H.S. 008 Richard S. Grossley,Middle,353,0.46,0.47,Fair,Fair,Good,0.76,0.9,0.52,0.87,0.66,0.91,0.92,0.8,0.93,2.6,2.52,0.513,0.487,0,0.218,0.19,0.006,0.102,0.074,0.794,0.238,0.708,0.215,0.371,0.297,0.071,0.017,0.014,N<5,0.387,N<5,N<5,0,0.387,0.9,0.137,0.471,0.311,0.041,0.013,0.014,0.251,0.187,0.362,0.033,0.008,0.134,7.1,0.936,0.877,0.531,0.937,1,0,0,0.99,N/A,N/A
,,,28Q040,P.S. 040 Samuel Huntington,Elementary,334,0.65,0.56,Excellent,Good,Excellent,0.91,1,0.66,0.91,0.99,0.92,0.99,0.92,1,,,0.506,0.494,0,0.249,0.257,0.003,0.087,0.141,0.912,0.296,0.865,0.15,0.323,0.437,0.024,0.021,0.027,N<5,0.414,N<5,0,N<5,0.414,0.3,0.168,0.478,0.285,0.029,0.014,0.012,0.292,0.142,0.33,0.045,0.01,0.142,15.8,0.862,0.87,0.457,0.969,0.96,N/A,N/A,1,0,0
,,,28Q048,David N. Dinkins School,Elementary,399,0.59,0.55,Good,Fair,Good,0.8,0.83,0.77,0.72,0.78,0.76,0.94,0.92,0.92,,,0.509,0.491,0,0.233,0.261,0,0.108,0.13,0.861,0.258,0.797,0.291,0.348,0.293,0.033,0.01,0.018,N<5,0.457,N<5,0,0,0.314,0.2,0.247,0.455,0.236,0.03,0.007,0.011,0.292,0.142,0.33,0.045,0.01,0.142,3,0.971,0.897,0.573,0.967,0.96,N/A,N/A,0.87,0,0.13
,,,28Q050,P.S. 050 Talfourd Lawn Elementary School,Elementary,827,0.5,0.49,Good,Fair,Excellent,0.79,1,0.82,0.84,0.76,0.85,0.96,0.91,0.98,,,0.489,0.511,0,0.319,0.202,0.01,0.094,0.071,0.79,0.17,0.751,0.195,0.158,0.511,0.093,0.012,0.024,0.179,N<5,0.125,0,N<5,0.589,0.3,0.186,0.123,0.557,0.08,0.019,0.024,0.292,0.142,0.33,0.045,0.01,0.142,14.8,0.696,0.898,0.572,0.96,0.93,0.07,0,0.96,0,0.04
,,,28Q054,P.S. 054 Hillside,Elementary,442,0.51,0.52,Good,Good,Excellent,0.82,0.9,0.88,0.89,0.86,0.92,0.98,0.94,0.98,,,0.464,0.536,0,0.267,0.181,0,0.088,0.077,0.873,0.229,0.781,0.222,0.052,0.606,0.038,0.018,0.043,0.237,N<5,0.184,0,0,0.395,0.2,0.254,0.062,0.568,0.045,0.011,0.04,0.292,0.142,0.33,0.045,0.01,0.142,2.1,0.842,0.912,0.651,0.96,0.95,N/A,N/A,0.95,N/A,N/A
,,,28Q055,P.S. 055 Maure,Elementary,426,0.5,0.6,Good,Good,Excellent,0.88,1,0.87,0.88,0.88,0.93,1,0.98,1,,,0.516,0.484,0,0.209,0.185,0.021,0.101,0.045,0.72,0.108,0.655,0.256,0.082,0.296,0.275,0.066,0.016,N<5,0.128,0.128,0,0,0.641,0.2,0.283,0.087,0.311,0.227,0.07,0.014,0.292,0.142,0.33,0.045,0.01,0.142,17.4,0.897,0.902,0.637,0.958,0.97,N/A,N/A,0.93,N/A,N/A
,,,28Q072,Catherine & Count Basie Middle School 72,Middle,330,0.43,0.35,Fair,,Good,,,,,,,0.94,0.87,0.98,2.41,2.35,0.47,0.53,0,0.2,0.233,0.042,0.097,0.079,0.798,0.23,0.742,0.073,0.603,0.23,0.058,0.012,0.012,N<5,0.633,N<5,0,0,0.2,0.7,0.032,0.771,0.138,0.028,0.006,0.012,0.251,0.187,0.362,0.033,0.008,0.134,5.1,0.867,0.88,0.552,0.957,0.93,N/A,N/A,0.94,0,0.06
,,,28Q080,PS 80  The Thurgood Marshall Magnet School of Multimedia and Communication,Elementary,344,0.49,0.43,Fair,Fair,Good,0.76,0.8,0.71,0.72,0.76,0.78,0.94,0.94,0.96,,,0.477,0.523,0,0.122,0.299,0.012,0.125,0.148,0.802,0.154,0.759,0.029,0.724,0.177,0.035,0.006,0.012,N<5,0.424,N<5,N<5,N<5,0.455,0.4,0.021,0.786,0.138,0.021,0.003,0.008,0.292,0.142,0.33,0.045,0.01,0.142,2.5,0.818,0.901,0.611,0.961,0.85,N/A,N/A,0.91,0,0.09
,,,28Q082,P.S. 082 Hammond,Elementary,636,0.4,0.38,Fair,Fair,Good,0.75,0.83,0.78,0.71,0.76,0.71,0.95,0.9,0.94,,,0.459,0.541,0,0.406,0.156,0,0.066,0.083,0.888,0.296,0.758,0.157,0.072,0.714,0.03,0.003,0.019,0.102,N<5,0.367,0,0,0.429,0.2,0.213,0.05,0.683,0.024,0.007,0.016,0.292,0.142,0.33,0.045,0.01,0.142,9,0.714,0.884,0.506,0.967,0.98,N/A,N/A,0.97,0,0.03
,,,28Q086,P.S. Q086,Elementary,647,0.51,0.57,Good,Good,Good,0.84,0.9,0.86,0.8,0.81,0.92,0.97,0.9,0.96,,,0.502,0.498,0,0.312,0.142,0,0.08,0.04,0.819,0.162,0.737,0.515,0.062,0.376,0.017,0.011,0.02,N<5,N<5,0.191,0,0,0.702,0.3,0.445,0.112,0.384,0.03,0.005,0.017,0.292,0.142,0.33,0.045,0.01,0.142,7.2,0.957,0.901,0.601,0.956,0.97,N/A,N/A,0.99,N/A,N/A
,,,28Q099,P.S. 099 Kew Gardens,Elementary,738,0.65,0.71,Excellent,Excellent,Excellent,0.9,0.93,0.91,0.94,0.9,0.97,0.98,0.94,0.99,,,0.504,0.496,0,0.121,0.202,0.022,0.111,0.05,0.571,0.1,0.522,0.233,0.061,0.407,0.019,0.001,0.213,0,N<5,0.088,0,0,0.842,0.4,0.177,0.102,0.421,0.012,0.005,0.22,0.292,0.142,0.33,0.045,0.01,0.142,4.6,0.912,0.926,0.728,0.981,0.92,0.08,0,0.98,N/A,N/A
,,,28Q101,P.S. 101 School in the Gardens,Elementary,594,0.67,0.83,Excellent,Excellent,Excellent,0.87,1,0.88,0.84,0.93,0.91,0.95,0.95,0.95,,,0.478,0.522,0,0.051,0.202,0.034,0.089,0.045,0.223,0.013,0.189,0.279,0.022,0.197,0,0,0.364,N<5,N<5,N<5,0,0,0.872,0.4,0.326,0.016,0.145,0,0,0.352,0.292,0.142,0.33,0.045,0.01,0.142,11.6,0.851,0.943,0.863,0.96,0.97,N/A,N/A,0.97,0,0.03
,,,28Q117,P.S. 117 J. Keld / Briarwood School,Elementary,720,0.46,0.5,Fair,Good,Excellent,0.82,1,0.76,0.93,0.84,0.91,0.96,0.93,0.97,,,0.501,0.499,0,0.244,0.188,0.004,0.097,0.074,0.773,0.135,0.719,0.306,0.092,0.461,0.015,0.004,0.107,N<5,0.172,0.156,N<5,N<5,0.625,0.3,0.34,0.076,0.406,0.018,0.011,0.119,0.292,0.142,0.33,0.045,0.01,0.142,3.3,0.984,0.896,0.601,0.956,0.99,N/A,N/A,0.98,N/A,N/A
,,,28Q121,P.S. 121 Queens,Elementary,685,0.69,0.84,Excellent,Good,Excellent,0.89,0.91,0.9,0.93,0.96,0.97,0.98,0.97,0.98,,,0.498,0.502,0,0.057,0.153,0.003,0.069,0.064,0.691,0.041,0.638,0.426,0.134,0.127,0.234,0.051,0.01,N<5,N<5,0.098,0,0,0.804,0.3,0.403,0.134,0.179,0.211,0.043,0.012,0.292,0.142,0.33,0.045,0.01,0.142,3.2,0.922,0.91,0.631,0.966,1,0,0,0.99,N/A,N/A
,,,28Q139,P.S. 139 Rego Park,Elementary,578,0.54,0.61,Good,Good,Good,0.85,0.88,0.82,0.89,0.85,0.92,0.96,0.94,0.95,,,0.486,0.514,0,0.311,0.173,0.002,0.073,0.078,0.68,0.09,0.645,0.26,0.04,0.32,0.009,0.005,0.346,N<5,N<5,0.205,0,0,0.636,0.2,0.33,0.041,0.291,0.007,0.007,0.297,0.292,0.142,0.33,0.045,0.01,0.142,4.2,0.796,0.921,0.727,0.967,0.93,0.07,0,0.91,N/A,N/A
,,,28Q140,P.S. 140 Edward K Ellington,Elementary,301,0.49,0.49,Good,Good,Good,0.92,1,0.88,0.94,0.97,0.93,0.95,0.88,0.93,,,0.508,0.492,0,0.163,0.206,0,0.047,0.11,0.814,0.163,0.781,0.113,0.571,0.266,0.017,0.007,0.007,0.286,0.214,N<5,N<5,N<5,0.429,0.3,0.065,0.675,0.209,0.031,0.006,0.006,0.292,0.142,0.33,0.045,0.01,0.142,5.5,0.607,0.887,0.584,0.97,1,0,0,0.94,N/A,N/A
,,,28Q144,P.S. 144 Col Jeromus Remsen,Elementary,719,0.61,0.77,Excellent,Excellent,Excellent,0.86,0.83,0.89,0.92,0.92,0.98,0.96,0.95,0.95,,,0.519,0.481,0,0.049,0.185,0.031,0.081,0.026,0.276,0.018,0.21,0.349,0.018,0.229,0.001,0,0.296,N<5,N<5,0.091,0,0,0.836,0.4,0.365,0.004,0.173,0,0,0.34,0.292,0.142,0.33,0.045,0.01,0.142,4,0.909,0.94,0.816,0.962,0.98,N/A,N/A,0.98,N/A,N/A
,,,28Q157,J.H.S. 157 Stephen A. Halsey,Middle,1618,0.6,0.84,Excellent,Excellent,Good,0.8,0.67,0.64,0.88,0.7,0.91,0.94,0.81,0.95,3.28,3.32,0.493,0.506,0.001,0.111,0.125,0.004,0.067,0.043,0.516,0.068,0.462,0.287,0.053,0.237,0.005,0.002,0.363,0.095,N<5,0.057,0,0,0.762,0.5,0.258,0.042,0.288,0.004,0.001,0.371,0.251,0.187,0.362,0.033,0.008,0.134,19,0.781,0.922,0.728,0.967,0.98,N/A,N/A,0.96,N/A,N/A
,,,28Q160,P.S. 160 Walter Francis Bishop,Elementary,542,0.54,0.52,Good,Good,Excellent,0.87,0.86,0.83,0.94,0.87,0.94,0.98,0.93,0.98,,,0.507,0.493,0,0.199,0.244,0.013,0.1,0.107,0.841,0.161,0.786,0.201,0.319,0.306,0.116,0.007,0.009,0.104,0.25,0.104,0,0,0.521,0.3,0.184,0.4,0.27,0.108,0.008,0.01,0.292,0.142,0.33,0.045,0.01,0.142,11,0.917,0.882,0.517,0.959,0.97,N/A,N/A,0.97,0,0.03
,,,28Q161,P.S. 161 Arthur Ashe School,Elementary,500,0.42,0.55,Fair,Good,Excellent,0.88,0.92,0.95,0.94,0.95,0.96,0.96,0.95,0.97,,,0.464,0.536,0,0.186,0.198,0.006,0.114,0.066,0.784,0.06,0.746,0.608,0.036,0.178,0.128,0.02,0.016,0.119,N<5,N<5,N<5,0,0.714,0.2,0.494,0.073,0.155,0.201,0.039,0.017,0.292,0.142,0.33,0.045,0.01,0.142,20.2,0.857,0.908,0.623,0.963,0.98,N/A,N/A,0.96,N/A,N/A
,,,28Q167,Metropolitan Expeditionary Learning School,Middle,368,0.28,0.47,Fair,Good,Good,0.75,0.81,0.66,0.82,0.67,0.81,0.91,0.85,0.93,2.97,2.89,0.467,0.533,0,0.065,0.193,0,0.144,0.027,0.648,0.071,0.567,0.209,0.092,0.465,0.054,0.005,0.13,0.116,0.087,0.188,0,0,0.565,2,0.246,0.052,0.457,0.02,0.005,0.198,0.251,0.187,0.362,0.033,0.008,0.134,14.2,0.87,0.921,0.742,0.953,0.96,0.04,0,0.98,N/A,N/A
,,,28Q174,P.S. 174 William Sidney Mount,Elementary,538,0.64,0.78,Excellent,Good,Good,0.85,,0.79,0.8,0.82,0.77,0.95,0.86,0.96,,,0.517,0.483,0,0.141,0.141,0.006,0.095,0.024,0.46,0.054,0.401,0.414,0.035,0.201,0.007,0,0.262,N<5,N<5,N<5,0,0,0.838,0.4,0.281,0.038,0.273,0.006,0,0.319,0.292,0.142,0.33,0.045,0.01,0.142,1.2,0.946,0.946,0.832,0.952,0.85,0.15,0,0.98,N/A,N/A
,,,28Q175,P.S. 175 The Lynn Gross Discovery School,Elementary,638,0.42,0.54,Fair,Good,Excellent,0.84,1,0.79,0.88,0.85,0.91,0.97,0.94,0.97,,,0.437,0.563,0,0.161,0.201,0.002,0.124,0.047,0.579,0.025,0.533,0.293,0.016,0.19,0.002,0,0.45,N<5,0.125,N<5,0,0,0.688,0.2,0.305,0.004,0.174,0.002,0.004,0.454,0.292,0.142,0.33,0.045,0.01,0.142,5.6,0.938,0.921,0.711,0.959,0.94,0.06,0,0.99,N/A,N/A
,,,28Q182,P.S. 182 Samantha Smith,Elementary,695,0.4,0.37,Fair,Fair,Good,0.75,0.71,0.45,0.8,0.79,0.82,0.96,0.9,0.96,,,0.495,0.505,0,0.476,0.178,0,0.14,0.019,0.894,0.292,0.804,0.217,0.127,0.591,0.032,0.01,0.006,N<5,N<5,0.217,0,N<5,0.683,0.3,0.29,0.155,0.494,0.029,0.004,0.011,0.292,0.142,0.33,0.045,0.01,0.142,16.8,0.933,0.911,0.631,0.955,0.97,N/A,N/A,0.99,N/A,N/A
,,,28Q190,J.H.S. 190 Russell Sage,Middle,944,0.44,0.66,Excellent,Good,Fair,0.74,0.86,0.52,0.87,0.62,0.86,0.9,0.79,0.91,3.24,3.24,0.494,0.506,0,0.138,0.14,0.006,0.088,0.036,0.539,0.096,0.479,0.294,0.073,0.331,0.012,0.004,0.254,0.177,0.081,0.145,0,0,0.548,0.8,0.299,0.026,0.218,0.002,0.001,0.396,0.251,0.187,0.362,0.033,0.008,0.134,7.6,0.887,0.91,0.695,0.959,0.98,N/A,N/A,0.96,0,0.04
,,,28Q196,P.S. 196 Grand Central Parkway,Elementary,777,0.79,0.95,Excellent,Excellent,Excellent,0.91,0.87,0.92,0.89,0.95,0.95,0.98,0.97,0.96,,,0.486,0.514,0,0.073,0.161,0.001,0.1,0.027,0.263,0.019,0.208,0.434,0.013,0.158,0.001,0.001,0.3,N<5,N<5,0.096,0,0,0.827,0.4,0.466,0.02,0.135,0,0.004,0.27,0.292,0.142,0.33,0.045,0.01,0.142,15,1,0.949,0.885,0.962,0.96,N/A,N/A,0.98,N/A,N/A
,,,28Q206,P.S. 206 The Horace Harding School,Elementary,500,0.42,0.49,Fair,Good,Excellent,0.83,1,0.91,0.87,0.9,0.9,0.95,0.94,0.96,,,0.512,0.486,0.002,0.29,0.14,0,0.062,0.066,0.757,0.068,0.68,0.296,0.088,0.272,0.002,0,0.316,N<5,N<5,N<5,0,0,0.816,0.2,0.301,0.136,0.335,0.002,0,0.212,0.292,0.142,0.33,0.045,0.01,0.142,2,0.763,0.916,0.691,0.964,0.97,N/A,N/A,0.94,N/A,N/A
,,,28Q217,J.H.S. 217 Robert A. Van Wyck,Middle,1278,0.44,0.44,Fair,Fair,Good,0.81,0.94,0.6,0.85,0.74,0.84,0.94,0.83,0.94,2.7,2.57,0.459,0.541,0,0.261,0.182,0.005,0.101,0.071,0.827,0.2,0.746,0.26,0.127,0.513,0.038,0.008,0.045,0.113,0.196,0.134,N<5,0,0.495,0.6,0.319,0.101,0.476,0.025,0.007,0.058,0.251,0.187,0.362,0.033,0.008,0.134,17.2,0.907,0.896,0.613,0.967,0.98,N/A,N/A,0.95,N/A,N/A
,,,28Q220,P.S. 220 Edward Mandel,Elementary,572,0.41,0.5,Fair,Good,Excellent,0.73,1,0.81,0.8,0.83,0.82,0.95,0.93,0.96,,,0.472,0.528,0,0.294,0.101,0.014,0.063,0.007,0.751,0.086,0.703,0.332,0.079,0.29,0.003,0,0.266,N<5,N<5,0.13,0,0,0.739,0.3,0.164,0.064,0.557,0.009,0.001,0.186,0.292,0.142,0.33,0.045,0.01,0.142,19,0.739,0.909,0.679,0.961,0.94,N/A,N/A,0.92,0,0.08
,,,28Q284,York Early College Academy,Middle,277,0.33,0.51,Fair,Excellent,Good,0.84,0.93,0.68,0.95,0.73,0.96,0.95,0.88,0.97,2.92,2.8,0.545,0.455,0,0.022,0.152,0.004,0.144,0,0.651,0.063,0.526,0.278,0.455,0.079,0.134,0.025,0.018,N<5,0.273,0.182,0,0,0.424,1.3,0.227,0.374,0.319,0.041,0.011,0.017,0.251,0.187,0.362,0.033,0.008,0.134,0.7,0.758,0.907,0.698,0.953,1,0,0,1,0,0
,,,28Q287,The Emerson School,Middle,319,0.31,0.33,Needs Improvement,Fair,Good,0.7,0.82,0.47,0.78,0.58,0.72,0.87,0.82,0.94,2.76,2.52,0.539,0.461,0,0.285,0.129,0.003,0.063,0.063,0.843,0.295,0.787,0.144,0.361,0.392,0.047,0.019,0.025,0.179,0.286,0.214,N<5,0,0.25,0.9,0.154,0.439,0.328,0.04,0.013,0.013,0.251,0.187,0.362,0.033,0.008,0.134,10.1,0.679,0.875,0.514,0.953,0.93,N/A,N/A,0.98,N/A,N/A
,,,28Q303,The Academy for Excellence through the Arts,Elementary,445,0.73,0.88,Excellent,Excellent,Excellent,0.9,1,0.98,0.9,0.98,0.96,0.96,0.96,0.94,,,0.526,0.474,0,0.016,0.146,0.002,0.101,0.002,0.235,0.007,0.191,0.369,0.038,0.166,0,0.022,0.319,N<5,N<5,N<5,0,0,0.73,0.4,0.383,0.029,0.173,0.003,0.004,0.322,0.292,0.142,0.33,0.045,0.01,0.142,16.2,0.838,0.947,0.864,0.966,0.98,N/A,N/A,0.97,N/A,N/A
,,,28Q310,Queens Collegiate: A College Board School,Middle,263,0.44,0.55,Fair,Good,,0.64,0.84,0.59,0.76,0.63,0.67,,,,2.88,2.78,0.502,0.498,0,0.141,0.171,0,0.084,0.076,0.764,0.118,0.663,0.217,0.342,0.327,0.057,0.019,0.015,0.152,0.261,0.13,0,0,0.391,1.6,0.322,0.175,0.381,0.026,0.008,0.075,0.251,0.187,0.362,0.033,0.008,0.134,3.1,0.891,0.943,0.814,0.938,0.89,N/A,N/A,0.97,N/A,N/A
,,,28Q312,Jamaica Children's School,Elementary,243,0.39,0.4,Fair,Fair,Excellent,0.83,,0.59,0.9,0.88,0.85,0.97,0.95,0.97,,,0.556,0.444,0,0.202,0.259,0,0.111,0.111,0.869,0.214,0.827,0.119,0.461,0.333,0.037,0.012,0.016,N<5,N<5,N<5,0,0,0.542,0.4,0.191,0.469,0.263,0.035,0.014,0.013,0.292,0.142,0.33,0.045,0.01,0.142,2.1,0.625,0.874,0.441,0.964,0.98,N/A,N/A,0.99,N/A,N/A
,,,28Q332,Redwood Middle School,Middle,300,0.52,0.5,Good,,Good,,,,,,,0.93,0.84,0.94,2.62,2.49,0.477,0.523,0,0.14,0.147,0.013,0.07,0.06,0.789,0.22,0.72,0.09,0.567,0.237,0.05,0.013,0.017,N<5,0.261,0,0,0,0.609,0.8,0.036,0.765,0.138,0.029,0.008,0.013,0.251,0.187,0.362,0.033,0.008,0.134,5.1,0.913,0.881,0.531,0.97,0.98,N/A,N/A,0.96,N/A,N/A
,,,28Q349,The Queens School for Leadership and Excellence,Elementary,578,0.45,0.48,Fair,Good,Excellent,0.87,0.71,0.66,0.87,0.87,0.89,0.98,0.95,0.96,,,0.49,0.51,0,0.237,0.151,0,0.052,0.071,0.854,0.189,0.784,0.408,0.111,0.422,0.033,0.003,0.016,N<5,0.116,0.14,0,0,0.605,0.2,0.456,0.11,0.378,0.03,0.007,0.013,0.292,0.142,0.33,0.045,0.01,0.142,9.2,0.628,0.915,0.68,0.961,0.94,N/A,N/A,1,0,0
,,,28Q354,The Jermaine L. Green STEM Institute of Queens,Elementary,451,0.47,0.45,Good,Fair,Good,0.8,1,0.49,0.65,0.79,0.71,0.93,0.95,0.95,,,0.508,0.492,0,0.071,0.235,0.013,0.098,0.091,0.768,0.146,0.725,0.02,0.701,0.195,0.033,0.009,0.013,N<5,0.395,N<5,0,0,0.442,0.3,0.02,0.777,0.142,0.015,0.006,0.006,0.292,0.142,0.33,0.045,0.01,0.142,1.9,0.721,0.896,0.607,0.962,1,0,0,0.98,N/A,N/A
,,,28Q358,M.S. 358,Middle,350,0.57,0.56,Excellent,Good,Good,0.81,0.88,0.65,0.89,0.74,0.92,0.92,0.8,0.92,2.64,2.56,0.483,0.517,0,0.22,0.157,0.023,0.086,0.04,0.838,0.16,0.771,0.317,0.169,0.483,0.014,0.003,0.014,N<5,0.481,N<5,0,0,0.259,0.2,0.401,0.112,0.458,0.009,0.003,0.017,0.251,0.187,0.362,0.033,0.008,0.134,1.3,0.815,0.913,0.657,0.963,0.94,N/A,N/A,0.93,N/A,N/A
,,,28Q680,Queens Gateway to Health Sciences Secondary School,Middle,281,0.49,0.78,Excellent,Good,Fair,0.79,0.85,0.68,0.65,0.68,0.68,0.87,0.85,0.86,3.46,3.42,0.395,0.605,0,0.036,0.174,0,0.125,0.039,0.642,0.062,0.548,0.577,0.199,0.128,0.046,0.014,0.021,N<5,0.268,0.122,N<5,N<5,0.512,1.5,0.357,0.125,0.396,0.019,0.006,0.081,0.251,0.187,0.362,0.033,0.008,0.134,12.4,0.805,0.941,0.838,0.945,0.9,0.1,0,0.99,N/A,N/A
,,,28Q896,"Young Women's Leadership School, Queens",Middle,256,0.31,0.47,Fair,Good,Good,0.75,0.81,0.56,0.77,0.61,0.83,0.94,0.83,0.95,2.91,2.74,1,0,0,0.094,0.223,0.098,0.063,0.047,0.728,0.077,0.647,0.422,0.254,0.254,0.035,0.012,0.012,0.206,0.265,0.176,0,0,0.353,1.3,0.302,0.177,0.415,0.036,0.01,0.048,0.251,0.187,0.362,0.033,0.008,0.134,11.2,0.765,0.923,0.7,0.967,0.98,N/A,N/A,0.88,0,0.13
,,,29Q015,P.S. 015 Jackie Robinson,Elementary,290,0.52,0.49,Good,Good,Excellent,0.84,1,0.63,0.89,0.88,0.87,0.98,0.98,0.99,,,0.483,0.517,0,0.097,0.279,0.003,0.124,0.134,0.754,0.103,0.7,0.028,0.783,0.141,0.017,0.003,0.003,N<5,0.308,N<5,N<5,0,0.462,0.4,0.032,0.76,0.146,0.018,0.007,0.007,0.235,0.476,0.208,0.041,0.008,0.012,1.1,0.846,0.914,0.666,0.957,0.92,N/A,N/A,0.93,N/A,N/A
,,,29Q033,P.S. 033 Edward M. Funk,Elementary,700,0.35,0.47,Fair,Good,Excellent,0.83,0.62,0.95,0.89,0.85,0.94,0.96,0.93,0.96,,,0.493,0.507,0,0.157,0.156,0.001,0.081,0.054,0.692,0.124,0.63,0.477,0.121,0.256,0.069,0.009,0.02,N<5,0.167,N<5,0,0,0.685,0.5,0.471,0.13,0.3,0.037,0.005,0.04,0.235,0.476,0.208,0.041,0.008,0.012,8.6,0.982,0.924,0.738,0.941,0.98,N/A,N/A,0.96,N/A,N/A
,,,29Q034,P.S. 034 John Harvard,Elementary,440,0.51,0.51,Fair,Fair,Good,0.72,,0.67,0.69,0.79,0.64,0.92,0.92,0.94,,,0.489,0.511,0,0.173,0.189,0.009,0.075,0.08,0.773,0.116,0.73,0.195,0.511,0.223,0.036,0.011,0.011,N<5,N<5,N<5,0,0,0.794,0.3,0.162,0.575,0.171,0.048,0.009,0.017,0.235,0.476,0.208,0.041,0.008,0.012,20.5,0.647,0.922,0.683,0.957,0.98,N/A,N/A,0.93,N/A,N/A
,,,29Q035,P.S. 035 Nathaniel Woodhull,Elementary,557,0.44,0.48,Fair,Needs Improvement,Excellent,0.74,0.64,0.62,0.59,0.62,0.57,0.95,0.94,0.98,,,0.492,0.508,0,0.197,0.189,0.002,0.088,0.092,0.807,0.106,0.768,0.357,0.28,0.248,0.07,0.014,0.018,0.244,0.267,0.111,0,0,0.378,0.3,0.24,0.412,0.252,0.059,0.009,0.016,0.235,0.476,0.208,0.041,0.008,0.012,4,0.844,0.897,0.599,0.957,0.99,N/A,N/A,0.95,0,0.05
,,,29Q036,P.S. 036 Saint Albans School,Elementary,274,0.33,0.33,Fair,Fair,Good,0.77,,0.65,0.57,0.78,0.61,0.91,0.9,0.96,,,0.456,0.544,0,0.12,0.201,0.007,0.099,0.073,0.792,0.153,0.741,0.077,0.646,0.175,0.055,0.011,0.018,N<5,0.5,N<5,0,0,0.344,0.4,0.05,0.725,0.152,0.023,0.007,0.016,0.235,0.476,0.208,0.041,0.008,0.012,2.1,0.75,0.902,0.636,0.961,1,0,0,0.99,N/A,N/A
,,,29Q037,Cynthia Jenkins School,Elementary,252,0.41,0.38,Fair,Fair,Good,0.71,,0.59,0.78,0.83,0.69,0.95,0.9,0.93,,,0.452,0.544,0.004,0.087,0.242,0,0.111,0.123,0.81,0.21,0.762,0.012,0.825,0.119,0.016,0.004,0.016,N<5,0.538,N<5,0,0,0.346,0.4,0.02,0.78,0.133,0.025,0.009,0.011,0.235,0.476,0.208,0.041,0.008,0.012,4.4,0.923,0.89,0.554,0.941,0.98,N/A,N/A,0.97,N/A,N/A
,,,29Q038,P.S. 038 Rosedale,Elementary,230,0.66,0.66,Excellent,Good,Excellent,0.87,,0.78,0.84,0.9,0.86,0.98,0.94,0.97,,,0.448,0.552,0,0.039,0.213,0.004,0.096,0.087,0.619,0.096,0.552,0.061,0.752,0.135,0.009,0.009,0,N<5,0.375,N<5,0,0,0.5,0.5,0.044,0.733,0.148,0.019,0.007,0.016,0.235,0.476,0.208,0.041,0.008,0.012,10.1,0.958,0.907,0.691,0.942,1,0,0,0.97,N/A,N/A
,,,29Q052,P.S. 052 Queens,Elementary,255,0.39,0.33,Fair,Good,Excellent,0.79,0.91,0.86,0.89,0.86,0.91,0.96,0.93,0.97,,,0.478,0.522,0,0.325,0.239,0.004,0.118,0.11,0.876,0.451,0.812,0.039,0.482,0.42,0.008,0.004,0.031,N<5,0.419,N<5,0,0,0.452,0.5,0.059,0.64,0.228,0.02,0.005,0.015,0.235,0.476,0.208,0.041,0.008,0.012,6.1,0.936,0.861,0.433,0.972,0.93,N/A,N/A,0.92,N/A,N/A
,,,29Q059,I.S. 059 Springfield Gardens,Middle,406,0.49,0.47,Good,Fair,Good,0.76,0.87,0.51,0.87,0.64,0.83,0.91,0.88,0.92,2.67,2.4,0.507,0.493,0,0.059,0.18,0,0.106,0.064,0.705,0.167,0.643,0.032,0.781,0.131,0.03,0.002,0.012,N<5,0.727,N<5,0,0,N<5,0.9,0.021,0.817,0.111,0.025,0.005,0.011,0.159,0.543,0.216,0.048,0.01,0.013,0.6,0.97,0.889,0.555,0.978,0.98,N/A,N/A,0.96,N/A,N/A
,,,29Q095,P.S. 095 Eastwood,Elementary,1104,0.6,0.68,Good,Good,Excellent,0.87,0.99,0.87,0.93,0.91,0.94,0.99,0.95,0.99,,,0.497,0.503,0,0.335,0.131,0.023,0.056,0.036,0.807,0.161,0.738,0.406,0.08,0.429,0.063,0.003,0.009,0.096,0.315,0.247,0,0,0.329,0.3,0.453,0.089,0.353,0.073,0.005,0.009,0.235,0.476,0.208,0.041,0.008,0.012,12.9,0.945,0.88,0.525,0.973,0.91,N/A,N/A,0.98,N/A,N/A
,,,29Q109,Jean Nuzzi Intermediate School,Middle,924,0.49,0.55,Fair,Good,Fair,0.77,0.9,0.55,0.84,0.66,0.88,0.91,0.86,0.9,2.75,2.67,0.491,0.509,0,0.143,0.165,0.006,0.085,0.062,0.692,0.116,0.639,0.344,0.303,0.224,0.079,0.014,0.023,0.085,0.38,0.07,0,0,0.408,0.7,0.424,0.24,0.218,0.071,0.016,0.023,0.159,0.543,0.216,0.048,0.01,0.013,0.5,0.958,0.91,0.674,0.953,0.97,N/A,N/A,0.98,N/A,N/A
,,,29Q116,P.S./I.S. 116 William C. Hughley,K-8,777,0.45,0.35,Fair,,Good,,,,,,,0.95,0.87,0.94,,,0.501,0.498,0.001,0.29,0.227,0.01,0.081,0.113,0.847,0.203,0.798,0.113,0.356,0.458,0.037,0.023,0.008,N<5,0.541,0.164,0,0,0.262,0.3,0.13,0.473,0.32,0.036,0.022,0.009,0.166,0.548,0.205,0.04,0.009,0.013,1.1,0.918,0.886,0.548,0.963,0.93,0.07,0,0.96,0,0.04
,,,29Q118,P.S. 118 Lorraine Hansberry,Elementary,347,0.49,0.45,Fair,Good,Good,0.8,,0.89,0.79,0.8,0.85,0.96,0.92,0.93,,,0.493,0.507,0,0.138,0.222,0.009,0.089,0.104,0.79,0.118,0.749,0.184,0.585,0.205,0.02,0.006,0,N<5,0.548,N<5,0,0,0.323,0.4,0.146,0.614,0.172,0.035,0.007,0.009,0.235,0.476,0.208,0.041,0.008,0.012,8.1,0.807,0.899,0.587,0.961,0.94,N/A,N/A,0.97,N/A,N/A
,,,29Q131,P.S. 131 Abigail Adams,Elementary,723,0.53,0.64,Good,Good,Excellent,0.81,0.91,0.87,0.85,0.94,0.89,0.97,0.95,0.97,,,0.481,0.519,0,0.181,0.189,0.003,0.09,0.068,0.746,0.191,0.671,0.743,0.054,0.147,0.017,0.003,0.028,0.094,N<5,N<5,0,0,0.755,0.4,0.745,0.035,0.156,0.011,0.002,0.04,0.235,0.476,0.208,0.041,0.008,0.012,9.2,0.811,0.908,0.64,0.955,0.97,N/A,N/A,0.98,0,0.02
,,,29Q132,P.S. 132 Ralph Bunche,Elementary,284,0.66,0.61,Excellent,Good,Good,0.9,,0.95,0.92,0.93,0.91,0.95,0.95,0.94,,,0.496,0.504,0,0.049,0.25,0,0.144,0.085,0.662,0.085,0.641,0.014,0.761,0.12,0.07,0.004,0.011,N<5,0.69,N<5,N<5,N<5,0.241,0.6,0.015,0.805,0.11,0.025,0.006,0.007,0.235,0.476,0.208,0.041,0.008,0.012,5.1,0.897,0.903,0.634,0.966,1,0,0,0.95,0,0.05
,,,29Q134,P.S. 134 Hollis,Elementary,300,0.34,0.34,Fair,Fair,Good,0.75,,0.79,0.72,0.79,0.81,0.93,0.89,0.95,,,0.52,0.48,0,0.247,0.21,0.003,0.093,0.067,0.793,0.157,0.733,0.147,0.5,0.253,0.057,0.023,0.013,N<5,0.323,N<5,N<5,0,0.484,0.3,0.138,0.585,0.186,0.035,0.025,0.005,0.235,0.476,0.208,0.041,0.008,0.012,7,0.774,0.895,0.604,0.954,0.98,N/A,N/A,0.91,N/A,N/A
,,,29Q135,The Bellaire School,Elementary,662,0.34,0.42,Fair,Good,Excellent,0.78,0.98,0.71,0.89,0.82,0.89,0.97,0.96,0.98,,,0.494,0.506,0,0.221,0.195,0.015,0.068,0.082,0.73,0.165,0.686,0.382,0.211,0.252,0.092,0.006,0.023,N<5,0.148,0.082,0,N<5,0.689,0.4,0.416,0.216,0.206,0.09,0.008,0.026,0.235,0.476,0.208,0.041,0.008,0.012,9.5,0.967,0.898,0.587,0.952,0.97,N/A,N/A,0.98,N/A,N/A
,,,29Q136,P.S. 136 Roy Wilkins,Elementary,327,0.45,0.42,Fair,Needs Improvement,Good,0.71,0.67,0.52,0.54,0.74,0.58,0.96,0.96,0.74,,,0.453,0.547,0,0.125,0.22,0.006,0.101,0.098,0.75,0.174,0.706,0.064,0.795,0.098,0.015,0.021,0,N<5,0.563,0,N<5,0,0.344,0.4,0.036,0.815,0.083,0.034,0.006,0.006,0.235,0.476,0.208,0.041,0.008,0.012,2.4,0.813,0.905,0.624,0.953,0.97,N/A,N/A,0.95,0,0.05
,,,29Q138,P.S./M.S. 138 Sunrise,K-8,571,0.44,0.33,Fair,Fair,Good,0.73,0.85,0.51,0.87,0.67,0.89,0.95,0.85,0.95,,,0.476,0.524,0,0.152,0.166,0.004,0.061,0.095,0.783,0.156,0.751,0.035,0.681,0.207,0.021,0.004,0.03,N<5,0.289,0.244,0,0,0.378,0.4,0.023,0.76,0.145,0.017,0.003,0.024,0.166,0.548,0.205,0.04,0.009,0.013,13.4,0.933,0.889,0.561,0.971,0.99,N/A,N/A,0.99,N/A,N/A
,,,29Q147,P.S./M.S. 147 Ronald McNair,K-8,400,0.33,0.24,Fair,Fair,Good,0.76,0.86,0.53,0.68,0.67,0.75,0.9,0.88,0.91,,,0.478,0.523,0,0.065,0.23,0,0.14,0.088,0.688,0.08,0.643,0.033,0.773,0.153,0.02,0,0.01,N<5,0.45,N<5,0,0,0.45,0.5,0.035,0.801,0.111,0.029,0.006,0.006,0.166,0.548,0.205,0.04,0.009,0.013,8.1,0.9,0.899,0.639,0.951,0.99,N/A,N/A,0.95,0,0.05
,,,29Q156,P.S. 156 Laurelton,Elementary,141,0.49,0.45,Fair,Good,Good,0.81,1,0.88,0.84,0.83,0.82,0.95,0.93,0.92,,,0.56,0.44,0,0.078,0.22,0,0.028,0.149,0.777,0.099,0.745,0.014,0.823,0.135,0.014,0,0.007,N<5,0.643,0,0,0,N<5,0.3,0.026,0.787,0.114,0.026,0.004,0.018,0.235,0.476,0.208,0.041,0.008,0.012,10.6,0.786,0.912,0.677,0.971,0.89,N/A,N/A,0.95,N/A,N/A
,,,29Q176,P.S. 176 Cambria Heights,Elementary,509,0.63,0.66,Excellent,Good,Good,0.81,1,0.77,0.89,0.83,0.85,0.95,0.93,0.94,,,0.525,0.475,0,0.024,0.202,0.014,0.081,0.055,0.515,0.043,0.477,0.047,0.831,0.059,0.035,0.004,0.006,N<5,0.45,0.125,0,0,0.3,1.2,0.023,0.8,0.111,0.027,0.004,0.009,0.235,0.476,0.208,0.041,0.008,0.012,1.5,0.875,0.931,0.772,0.969,0.94,N/A,N/A,0.96,0,0.04
,,,29Q181,P.S. 181 Brookfield,Elementary,282,0.68,0.61,Excellent,Fair,Good,0.81,0.67,0.73,0.84,0.71,0.78,0.97,0.95,0.94,,,0.422,0.578,0,0.071,0.348,0,0.096,0.238,0.785,0.131,0.762,0.067,0.67,0.195,0.025,0.014,0.004,0.132,0.474,N<5,0,0,0.263,0.4,0.033,0.767,0.135,0.015,0.003,0.01,0.235,0.476,0.208,0.041,0.008,0.012,3,0.816,0.889,0.557,0.949,0.98,N/A,N/A,0.99,N/A,N/A
,,,29Q192,I.S. 192 The Linden,Middle,348,0.36,0.33,Fair,Fair,Good,0.76,0.86,0.53,0.9,0.64,0.87,0.93,0.83,0.95,2.6,2.43,0.399,0.601,0,0.161,0.195,0.009,0.095,0.083,0.772,0.178,0.704,0.078,0.661,0.172,0.037,0.034,0.003,N<5,0.607,N<5,N<5,0,0.179,0.6,0.117,0.643,0.172,0.038,0.007,0.009,0.159,0.543,0.216,0.048,0.01,0.013,3,0.893,0.899,0.613,0.96,0.86,N/A,N/A,0.95,N/A,N/A
,,,29Q195,P.S. 195 William Haberle,Elementary,274,0.42,0.41,Fair,Good,Excellent,0.78,1,0.78,0.86,0.82,0.84,0.96,0.94,0.96,,,0.507,0.493,0,0.088,0.204,0.011,0.047,0.135,0.72,0.102,0.675,0.033,0.792,0.135,0.018,0.007,0.007,N<5,0.464,N<5,N<5,N<5,0.464,0.3,0.018,0.809,0.117,0.01,0.008,0.005,0.235,0.476,0.208,0.041,0.008,0.012,4.1,0.964,0.885,0.585,0.959,0.84,0.16,0,0.94,N/A,N/A
,,,29Q208,P.S./I.S. 208,K-8,592,0.35,0.49,Fair,Good,Good,0.78,0.87,0.6,0.86,0.69,0.93,0.95,0.91,0.93,,,0.505,0.495,0,0.025,0.247,0.008,0.1,0.118,0.515,0.035,0.466,0.118,0.601,0.135,0.084,0.012,0.02,N<5,0.192,N<5,0,0,0.577,3.2,0.483,0.173,0.194,0.026,0.006,0.091,0.166,0.548,0.205,0.04,0.009,0.013,3.8,0.865,0.922,0.708,0.968,0.92,0.08,0,0.97,N/A,N/A
,,,29Q238,I.S. 238 - Susan B. Anthony Academy,Middle,922,0.5,0.46,Good,Fair,Good,0.72,0.83,0.5,0.77,0.63,0.77,0.89,0.82,0.93,2.79,2.65,0.483,0.517,0,0.258,0.133,0.017,0.056,0.057,0.818,0.238,0.746,0.285,0.226,0.405,0.054,0.012,0.011,0.104,0.325,0.117,0,0,0.429,0.7,0.35,0.204,0.338,0.049,0.014,0.033,0.159,0.543,0.216,0.048,0.01,0.013,12.9,0.909,0.899,0.663,0.966,0.97,N/A,N/A,0.97,N/A,N/A
,,,29Q251,P.S. 251 Queens,Elementary,219,0.55,0.55,Fair,Fair,Good,0.68,,0.71,0.58,0.66,0.64,0.95,0.99,0.93,,,0.438,0.562,0,0.1,0.224,0.005,0.082,0.123,0.686,0.114,0.621,0.073,0.671,0.169,0.018,0,0.005,N<5,0.25,N<5,N<5,N<5,0.7,0.6,0.035,0.72,0.168,0.024,0.003,0.011,0.235,0.476,0.208,0.041,0.008,0.012,8,1,0.887,0.583,0.956,0.77,N/A,N/A,0.96,N/A,N/A
,,,29Q259,Pathways College Preparatory School: A College Board School,Middle,309,0.51,0.64,Excellent,Good,Fair,0.74,0.86,0.6,0.67,0.66,0.69,0.9,0.84,0.88,2.92,2.74,0.592,0.408,0,0.042,0.155,0.006,0.1,0.042,0.65,0.099,0.562,0.071,0.689,0.139,0.081,0.006,0.006,N<5,0.529,N<5,0,0,0.314,0.9,0.147,0.61,0.167,0.044,0.013,0.008,0.159,0.543,0.216,0.048,0.01,0.013,4.2,0.804,0.962,0.908,0.965,0.96,N/A,N/A,0.97,N/A,N/A
,,,29Q268,P.S./I.S. 268,K-8,668,0.43,0.34,Fair,Fair,Good,0.71,0.87,0.55,0.81,0.61,0.82,0.91,0.86,0.92,,,0.479,0.521,0,0.286,0.19,0.004,0.094,0.067,0.85,0.163,0.786,0.259,0.12,0.507,0.082,0.01,0.015,0.16,0.16,0.16,0,0,0.5,0.3,0.283,0.113,0.515,0.06,0.008,0.012,0.166,0.548,0.205,0.04,0.009,0.013,3.1,0.86,0.908,0.646,0.946,0.92,0.08,0,0.96,0,0.04
,,,29Q270,The Gordon Parks School,K-8,602,0.33,0.42,Fair,Good,Fair,0.76,0.91,0.48,0.67,0.64,0.72,0.88,0.9,0.85,,,0.5,0.5,0,0.025,0.184,0.013,0.106,0.056,0.625,0.093,0.588,0.017,0.827,0.085,0.018,0.022,0.008,N<5,0.51,0.143,0,0,0.306,0.8,0.02,0.805,0.105,0.027,0.005,0.02,0.166,0.548,0.205,0.04,0.009,0.013,12.4,0.898,0.93,0.784,0.967,0.97,N/A,N/A,0.97,N/A,N/A
,,,29Q283,Preparatory Academy for Writers: A College Board School,Middle,199,0.51,0.58,Good,,Good,,,,,,,0.9,0.85,0.91,2.79,2.68,0.477,0.523,0,0.065,0.171,0,0.111,0.05,0.63,0.125,0.612,0.02,0.809,0.146,0.015,0,0.005,N<5,0.4,0.143,0,0,0.343,1.1,0.023,0.805,0.116,0.022,0.004,0.016,0.159,0.543,0.216,0.048,0.01,0.013,15.1,0.943,0.95,0.852,0.962,0.93,0.07,0,0.95,N/A,N/A
,,,29Q289,Queens United Middle School,Middle,220,0.47,0.44,Good,Good,,0.68,0.81,0.57,0.96,0.65,0.89,,,,2.57,2.51,0.473,0.527,0,0.032,0.264,0.005,0.105,0.127,0.603,0.095,0.559,0,0.877,0.068,0.027,0.005,0.014,N<5,0.474,N<5,0,0,0.316,1.1,0.018,0.815,0.109,0.019,0.003,0.02,0.159,0.543,0.216,0.048,0.01,0.013,6.2,0.895,0.933,0.763,0.962,0.98,N/A,N/A,0.98,N/A,N/A
,,,29Q295,P.S./I.S. 295,K-8,547,0.51,0.57,Good,Good,Good,0.7,0.89,0.59,0.61,0.61,0.66,0.95,0.93,0.95,,,0.486,0.514,0,0.117,0.212,0,0.097,0.099,0.653,0.15,0.559,0.303,0.201,0.38,0.053,0.024,0.026,0.13,0.217,N<5,0,0,0.587,0.5,0.3,0.25,0.322,0.052,0.017,0.027,0.166,0.548,0.205,0.04,0.009,0.013,3.5,0.891,0.932,0.75,0.949,0.92,0.08,0,0.98,N/A,N/A
,,,29Q327,Eagle Academy for Young Men III,Middle,204,0.35,0.39,Fair,Good,Good,0.66,0.78,0.51,0.72,0.65,0.66,0.92,0.9,0.97,2.63,2.62,0.005,0.995,0,0.015,0.279,0.01,0.118,0.118,0.702,0.106,0.63,0.01,0.892,0.049,0.005,0.005,0.01,N<5,0.692,N<5,0,0,0.154,1.4,0.11,0.587,0.224,0.041,0.011,0.014,0.159,0.543,0.216,0.048,0.01,0.013,3.3,0.795,0.973,0.941,0.942,0.95,0.05,0,0.91,0,0.09
,,,29Q355,Collaborative Arts Middle School,Middle,292,0.42,0.41,Fair,Good,Good,0.81,0.91,0.54,0.89,0.7,0.9,0.95,0.82,0.92,2.68,2.49,0.545,0.455,0,0.092,0.212,0.003,0.113,0.075,0.768,0.216,0.719,0.014,0.774,0.178,0.024,0,0.007,N<5,0.52,0.2,N<5,0,N<5,0.9,0.03,0.79,0.128,0.025,0.003,0.01,0.159,0.543,0.216,0.048,0.01,0.013,13.2,0.72,0.906,0.666,0.938,0.95,N/A,N/A,0.95,N/A,N/A
,,,29Q356,Community Voices Middle School,Middle,305,0.49,0.44,Good,,,,,,,,,,,,2.48,2.37,0.397,0.603,0,0.115,0.252,0.01,0.134,0.105,0.791,0.21,0.725,0.013,0.764,0.161,0.026,0.007,0.016,0,0.483,N<5,0,0,0.379,0.9,0.033,0.781,0.135,0.026,0.003,0.009,0.159,0.543,0.216,0.048,0.01,0.013,7.7,0.966,0.875,0.506,0.956,0.97,N/A,N/A,0.99,N/A,N/A
,,,29Q360,P.S. 360,Elementary,269,0.57,0.59,Good,Good,Excellent,0.79,0.83,0.75,0.84,0.85,0.87,0.98,0.95,0.97,,,0.528,0.472,0,0.004,0.138,0.019,0.074,0.022,0.536,0.059,0.476,0.03,0.799,0.097,0.026,0.022,0,0,0.417,N<5,N<5,0,0.5,0.7,0.092,0.694,0.141,0.03,0.015,0.007,0.235,0.476,0.208,0.041,0.008,0.012,7.1,0.833,0.929,0.777,0.965,0.89,N/A,N/A,0.94,N/A,N/A
,,,30Q002,P.S. 002 Alfred Zimberg,Elementary,515,0.49,0.53,Good,Good,Good,0.9,0.91,0.89,0.88,0.94,0.96,0.96,0.93,0.92,,,0.474,0.526,0,0.223,0.202,0.004,0.111,0.074,0.678,0.118,0.633,0.188,0.047,0.425,0.006,0.004,0.317,N<5,N<5,0.114,N<5,N<5,0.864,0.3,0.063,0.088,0.416,0,0,0.419,0.196,0.046,0.56,0.009,0.002,0.16,0.4,0.818,0.918,0.696,0.97,0.97,N/A,N/A,0.99,N/A,N/A
,,,30Q010,I.S. 010 Horace Greeley,Middle,641,0.56,0.59,Good,Good,Good,0.78,0.91,0.7,0.81,0.71,0.89,0.95,0.87,0.97,2.8,2.65,0.487,0.513,0,0.195,0.192,0.008,0.092,0.083,0.846,0.139,0.794,0.164,0.061,0.585,0.006,0.017,0.162,N<5,N<5,N<5,0,0,0.836,0.5,0.125,0.092,0.452,0.014,0.008,0.279,0.177,0.061,0.57,0.008,0.004,0.156,0.6,0.946,0.915,0.674,0.959,0.92,N/A,N/A,0.98,N/A,N/A
,,,30Q011,P.S. 011 Kathryn Phelan,Elementary,680,0.59,0.61,Good,Good,Good,0.84,0.78,0.89,0.82,0.81,0.85,0.96,0.94,0.95,,,0.522,0.478,0,0.288,0.171,0.013,0.093,0.051,0.768,0.128,0.713,0.294,0.012,0.55,0.007,0,0.124,0.105,N<5,0.14,0,N<5,0.702,0.2,0.243,0.006,0.57,0.01,0.002,0.14,0.196,0.046,0.56,0.009,0.002,0.16,10.2,0.895,0.925,0.756,0.957,0.93,N/A,N/A,0.98,N/A,N/A
,,,30Q017,P.S. 017 Henry David Thoreau,Elementary,536,0.49,0.5,Good,Fair,Excellent,0.76,0.8,0.68,0.85,0.74,0.85,0.97,0.95,0.97,,,0.493,0.507,0,0.257,0.172,0.011,0.082,0.052,0.758,0.179,0.69,0.108,0.067,0.543,0.007,0,0.233,0.2,N<5,0.244,0,0,0.356,0.5,0.173,0.017,0.396,0.009,0.002,0.348,0.196,0.046,0.56,0.009,0.002,0.16,12.1,0.778,0.888,0.556,0.964,0.97,N/A,N/A,1,0,0
,,,30Q069,P.S. 069 Jackson Heights,Elementary,762,0.5,0.55,Good,Good,Excellent,0.78,0.73,0.72,0.65,0.82,0.74,0.96,0.94,0.97,,,0.491,0.509,0,0.319,0.169,0.004,0.083,0.052,0.74,0.058,0.676,0.474,0.005,0.406,0.012,0.003,0.075,0.121,N<5,0.172,0,N<5,0.621,0.3,0.299,0.005,0.522,0.008,0,0.125,0.196,0.046,0.56,0.009,0.002,0.16,2.1,0.914,0.94,0.79,0.96,0.92,0.08,0,0.98,N/A,N/A
,,,30Q070,P.S. 070,Elementary,724,0.51,0.53,Good,Good,Excellent,0.91,0.81,0.99,0.93,0.93,0.96,0.97,0.91,0.97,,,0.485,0.515,0,0.282,0.173,0,0.079,0.061,0.747,0.086,0.689,0.102,0.03,0.448,0.011,0.001,0.374,N<5,N<5,0.117,N<5,N<5,0.817,0.4,0.125,0.048,0.409,0.01,0.001,0.361,0.196,0.046,0.56,0.009,0.002,0.16,5.1,0.8,0.906,0.615,0.958,0.97,N/A,N/A,1,0,0
,,,30Q076,P.S. 076 William Hallet,Elementary,407,0.47,0.43,Fair,Needs Improvement,Good,0.71,0.62,0.48,0.73,0.65,0.75,0.9,0.91,0.93,,,0.467,0.533,0,0.364,0.31,0.017,0.143,0.118,0.935,0.356,0.894,0.047,0.204,0.627,0.012,0.005,0.091,N<5,0.094,0.283,N<5,N<5,0.566,0.3,0.052,0.225,0.63,0.01,0.002,0.069,0.196,0.046,0.56,0.009,0.002,0.16,9.1,0.925,0.865,0.455,0.952,0.97,N/A,N/A,0.98,N/A,N/A
,,,30Q078,P.S./I.S. 78Q,K-8,724,0.49,0.79,Excellent,Good,Good,0.79,0.81,0.63,0.76,0.68,0.91,0.96,0.94,0.93,,,0.517,0.482,0.001,0.086,0.123,0.017,0.062,0.008,0.224,0.028,0.214,0.308,0.051,0.202,0.007,0.008,0.354,N<5,N<5,0.125,0,0,0.813,0.2,0.258,0.052,0.2,0.008,0.003,0.389,0.187,0.061,0.543,0.009,0.003,0.168,0.1,0.729,0.931,0.783,0.956,0.81,0.1,0.1,0.93,N/A,N/A
,,,30Q084,P.S. 084 Steinway,Elementary,305,0.5,0.59,Good,Good,Excellent,0.82,,0.78,0.88,0.84,0.83,0.98,0.95,0.97,,,0.505,0.495,0,0.115,0.184,0.007,0.085,0.056,0.542,0.062,0.492,0.075,0.049,0.344,0,0.003,0.485,N<5,0,N<5,0,0,0.828,0.3,0.078,0.026,0.333,0,0.003,0.516,0.196,0.046,0.56,0.009,0.002,0.16,0.3,0.69,0.906,0.641,0.971,1,0,0,0.99,N/A,N/A
,,,30Q085,P.S. 085 Judge Charles Vallone,Elementary,521,0.54,0.67,Good,Good,Excellent,0.78,,0.88,0.78,0.82,0.91,0.97,0.97,0.94,,,0.503,0.497,0,0.165,0.117,0.002,0.061,0.015,0.511,0.06,0.422,0.167,0.031,0.29,0.004,0.002,0.449,N<5,N<5,N<5,0,0,0.735,0.4,0.119,0.018,0.34,0.002,0.002,0.463,0.196,0.046,0.56,0.009,0.002,0.16,21.2,0.912,0.928,0.731,0.955,0.92,N/A,N/A,0.88,N/A,N/A
,,,30Q092,P.S. 092 Harry T. Stewart Sr.,Elementary,731,0.49,0.41,Fair,Good,Good,0.76,0.71,0.87,0.7,0.75,0.73,0.95,0.9,0.97,,,0.505,0.495,0,0.438,0.175,0.008,0.075,0.064,0.849,0.145,0.766,0.019,0.007,0.967,0.003,0,0.003,N<5,N<5,0.254,0,0,0.687,0.1,0.006,0.004,0.985,0.002,0,0,0.196,0.046,0.56,0.009,0.002,0.16,3,0.866,0.937,0.797,0.962,1,0,0,0.99,N/A,N/A
,,,30Q111,P.S. 111 Jacob Blackwell,K-8,473,0.43,0.14,Needs Improvement,Fair,Good,0.65,0.84,0.5,0.7,0.64,0.57,0.91,0.66,0.96,,,0.486,0.514,0,0.45,0.195,0.006,0.108,0.072,> 95%,0.575,0.899,0.025,0.323,0.605,0.008,0.004,0.03,N<5,0.227,0.182,0,0,0.523,0.4,0.074,0.222,0.616,0.012,0.003,0.061,0.187,0.061,0.543,0.009,0.003,0.168,0.2,0.636,0.826,0.373,0.958,0.95,N/A,N/A,0.97,N/A,N/A
,,,30Q112,P.S. 112 Dutch Kills,Elementary,469,0.37,0.32,Fair,Good,Good,0.83,0.82,0.89,0.94,0.91,0.92,0.96,0.91,0.95,,,0.463,0.537,0,0.493,0.16,0.004,0.077,0.066,0.917,0.429,0.859,0.164,0.171,0.582,0.002,0,0.062,N<5,N<5,0.297,0,0,0.622,0.4,0.19,0.177,0.427,0.013,0.009,0.151,0.196,0.046,0.56,0.009,0.002,0.16,6.5,0.811,0.872,0.445,0.958,0.98,N/A,N/A,0.96,N/A,N/A
,,,30Q122,P.S. 122 Mamie Fay,K-8,1109,0.49,0.81,Excellent,Good,Good,0.78,0.87,0.67,0.82,0.68,0.87,0.96,0.92,0.93,,,0.462,0.538,0,0.096,0.125,0.01,0.078,0.014,0.506,0.049,0.432,0.238,0.023,0.188,0.005,0.004,0.486,0.103,0,0.09,N<5,0,0.769,0.3,0.113,0.025,0.205,0.003,0.006,0.596,0.187,0.061,0.543,0.009,0.003,0.168,0.1,0.833,0.939,0.812,0.957,0.98,N/A,N/A,0.97,N/A,N/A
,,,30Q126,Albert Shanker School for Visual and Performing Arts,Middle,402,0.53,0.6,Good,Good,Good,0.79,0.94,0.62,0.85,0.69,0.88,0.95,0.89,0.94,3.02,2.89,0.458,0.542,0,0.177,0.177,0.002,0.08,0.085,0.826,0.189,0.769,0.211,0.129,0.458,0.01,0.007,0.172,N<5,N<5,0.158,N<5,0,0.605,0.6,0.141,0.144,0.444,0.019,0.002,0.224,0.177,0.061,0.57,0.008,0.004,0.156,16.1,0.947,0.902,0.674,0.959,0.98,N/A,N/A,0.94,N/A,N/A
,,,30Q127,P.S. 127 Aerospace Science Magnet School,K-8,1120,0.45,0.32,Fair,Good,Good,0.73,0.89,0.59,0.8,0.66,0.85,0.91,0.84,0.93,,,0.482,0.518,0,0.485,0.154,0.007,0.064,0.063,0.817,0.241,0.744,0.096,0.069,0.818,0.004,0.001,0.011,0.1,0.056,0.356,N<5,0,0.433,0.3,0.126,0.072,0.768,0.004,0.003,0.018,0.187,0.061,0.543,0.009,0.003,0.168,1.1,0.833,0.914,0.664,0.96,0.88,0.12,0,0.99,N/A,N/A
,,,30Q141,I.S. 141 The Steinway,Middle,1005,0.47,0.65,Excellent,Excellent,Good,0.82,0.9,0.62,0.89,0.7,0.94,0.95,0.85,0.95,3.1,3.02,0.461,0.539,0,0.094,0.171,0.025,0.103,0.035,0.659,0.076,0.602,0.137,0.034,0.377,0.011,0.002,0.402,0.1,0,0.088,0,0,0.813,0.8,0.114,0.017,0.329,0.008,0.005,0.482,0.177,0.061,0.57,0.008,0.004,0.156,6.1,0.875,0.924,0.736,0.951,0.96,0.04,0,0.99,N/A,N/A
,,,30Q145,I.S. 145 Joseph Pulitzer,Middle,1534,0.53,0.49,Good,Good,Good,0.78,0.93,0.64,0.74,0.69,0.82,0.93,0.8,0.94,2.68,2.51,0.495,0.505,0,0.295,0.164,0.009,0.08,0.064,0.877,0.211,0.787,0.053,0.007,0.923,0.005,0.001,0.011,0.053,0.062,0.336,0,0,0.504,0.8,0.265,0.009,0.63,0.005,0.003,0.072,0.177,0.061,0.57,0.008,0.004,0.156,8,0.814,0.94,0.808,0.961,0.97,0.03,0,0.97,0,0.03
,,,30Q148,P.S. 148 Queens,Elementary,615,0.46,0.38,Fair,Good,Good,0.8,0.62,0.77,0.86,0.83,0.82,0.96,0.9,0.96,,,0.452,0.548,0,0.528,0.249,0.005,0.099,0.117,0.853,0.234,0.748,0.141,0.01,0.82,0,0,0.024,N<5,N<5,0.276,0,0,0.638,0.3,0.164,0.017,0.745,0.004,0.002,0.052,0.196,0.046,0.56,0.009,0.002,0.16,7,0.914,0.908,0.616,0.961,0.91,0.09,0,0.99,N/A,N/A
,,,30Q149,P.S. 149 Christa McAuliffe,Elementary,676,0.53,0.43,Good,Good,Excellent,0.83,0.59,0.75,0.82,0.83,0.87,0.95,0.93,0.96,,,0.478,0.522,0,0.467,0.195,0.003,0.107,0.052,0.875,0.247,0.76,0.067,0.007,0.882,0.013,0.001,0.024,N<5,0,0.452,0,0,0.484,0.2,0.106,0.017,0.814,0.016,0.002,0.031,0.196,0.046,0.56,0.009,0.002,0.16,8,0.855,0.932,0.763,0.948,0.97,N/A,N/A,0.95,N/A,N/A
,,,30Q150,P.S. 150 Queens,Elementary,659,0.65,0.72,Excellent,Good,Fair,0.78,0.9,0.88,0.56,0.76,0.77,0.94,0.9,0.85,,,0.483,0.517,0,0.206,0.115,0.006,0.055,0.032,0.586,0.099,0.513,0.263,0.014,0.423,0.012,0.003,0.226,N<5,N<5,0.245,0,0,0.642,0.4,0.2,0.016,0.429,0.01,0.003,0.29,0.196,0.046,0.56,0.009,0.002,0.16,19.2,0.887,0.928,0.769,0.956,0.86,0.14,0,0.95,N/A,N/A
,,,30Q151,P.S. 151 Mary D. Carter,Elementary,288,0.51,0.45,Good,Good,Excellent,0.92,1,0.93,0.93,0.95,0.97,0.98,0.96,0.98,,,0.465,0.535,0,0.344,0.271,0.014,0.128,0.09,0.888,0.271,0.806,0.125,0.212,0.556,0.021,0.003,0.069,N<5,N<5,0.25,0,0,0.694,0.3,0.153,0.224,0.363,0.013,0,0.221,0.196,0.046,0.56,0.009,0.002,0.16,11.2,0.722,0.878,0.535,0.96,0.95,N/A,N/A,0.98,N/A,N/A
,,,30Q152,P.S. 152 Gwendoline N. Alleyne School,Elementary,595,0.56,0.6,Good,Excellent,Excellent,0.89,1,0.9,0.95,0.93,0.95,0.96,0.92,0.97,,,0.457,0.543,0,0.331,0.175,0,0.072,0.087,0.817,0.286,0.723,0.565,0.007,0.382,0.005,0,0.039,0.093,N<5,0.13,0,0,0.722,0.3,0.482,0.004,0.432,0.011,0.001,0.061,0.196,0.046,0.56,0.009,0.002,0.16,2.1,0.926,0.932,0.751,0.959,0.99,N/A,N/A,0.98,N/A,N/A
,,,30Q166,P.S. 166 Henry Gradstein,Elementary,791,0.59,0.68,Good,Good,Excellent,0.82,0.88,0.87,0.88,0.89,0.83,0.98,0.94,0.98,,,0.535,0.465,0,0.273,0.145,0.003,0.07,0.048,0.613,0.142,0.546,0.214,0.037,0.441,0.015,0.004,0.25,N<5,N<5,0.204,0,0,0.704,0.4,0.218,0.043,0.413,0.013,0.006,0.262,0.196,0.046,0.56,0.009,0.002,0.16,12.6,0.833,0.921,0.697,0.964,0.92,0.08,0,1,0,0
,,,30Q171,P.S. 171 Peter G. Van Alst,Elementary,403,0.41,0.36,Fair,Good,Excellent,0.75,0.93,0.77,0.91,0.81,0.94,0.96,0.92,0.98,,,0.484,0.516,0,0.32,0.33,0.022,0.144,0.136,0.933,0.333,0.876,0.136,0.174,0.556,0.007,0.002,0.109,N<5,N<5,0.146,0,0,0.771,0.4,0.159,0.086,0.446,0.009,0.002,0.265,0.196,0.046,0.56,0.009,0.002,0.16,3.2,0.75,0.878,0.5,0.962,0.98,N/A,N/A,0.97,0,0.03
,,,30Q204,I.S. 204 Oliver W. Holmes,Middle,414,0.52,0.44,Good,Good,Good,0.83,0.91,0.63,0.88,0.72,0.93,0.97,0.65,0.95,2.71,2.51,0.473,0.527,0,0.461,0.21,0.01,0.097,0.099,0.895,0.432,0.831,0.104,0.109,0.688,0.01,0.002,0.08,N<5,N<5,0.413,0,0,0.413,0.5,0.141,0.142,0.55,0.011,0.003,0.141,0.177,0.061,0.57,0.008,0.004,0.156,9,0.63,0.901,0.575,0.975,0.83,0.17,0,0.97,N/A,N/A
,,,30Q212,P.S. 212,Elementary,543,0.6,0.61,Good,Excellent,Excellent,0.88,1,0.89,0.81,0.91,0.9,0.97,0.95,0.96,,,0.523,0.477,0,0.236,0.215,0.004,0.099,0.079,0.653,0.059,0.586,0.197,0.007,0.65,0.004,0.004,0.103,0.135,0,0.25,0,0,0.596,0.2,0.172,0.006,0.57,0.005,0.005,0.191,0.196,0.046,0.56,0.009,0.002,0.16,3.2,0.942,0.936,0.795,0.953,1,0,0,0.96,N/A,N/A
,,,30Q227,I.S. 227 Louis Armstrong,Middle,1559,0.51,0.73,Excellent,Good,Good,0.81,0.88,0.62,0.85,0.71,0.87,0.93,0.88,0.95,3.18,3.17,0.479,0.52,0.001,0.049,0.159,0.012,0.078,0.049,0.606,0.075,0.531,0.253,0.138,0.359,0.006,0.003,0.196,0.093,0.052,0.196,N<5,0,0.639,1.5,0.173,0.014,0.762,0.004,0.002,0.036,0.177,0.061,0.57,0.008,0.004,0.156,9.6,0.814,0.947,0.849,0.957,0.97,0.03,0,0.99,N/A,N/A
,,,30Q230,I.S. 230,Middle,1006,0.5,0.6,Good,Good,Good,0.72,0.86,0.63,0.68,0.68,0.76,0.88,0.82,0.93,3.05,2.97,0.52,0.48,0,0.217,0.135,0.005,0.079,0.047,0.771,0.128,0.697,0.334,0.001,0.591,0.009,0.001,0.054,0.101,0.063,0.19,0,0,0.57,0.4,0.402,0.008,0.439,0.008,0.008,0.116,0.177,0.061,0.57,0.008,0.004,0.156,3.1,0.911,0.928,0.761,0.945,0.97,N/A,N/A,0.98,N/A,N/A
,,,30Q234,P.S. 234,Elementary,408,0.61,0.64,Excellent,Good,Excellent,0.99,1,0.59,0.98,1,1,0.98,0.95,0.97,,,0.542,0.458,0,0.252,0.208,0.01,0.113,0.049,0.707,0.13,0.647,0.147,0.074,0.422,0.015,0,0.304,N<5,N<5,0.273,0,0,0.576,0.3,0.187,0.015,0.319,0.004,0.002,0.391,0.196,0.046,0.56,0.009,0.002,0.16,10,0.667,0.904,0.637,0.965,0.98,N/A,N/A,0.97,N/A,N/A
,,,30Q235,Academy for New Americans,Middle,135,,,,Good,Excellent,0.76,0.92,0.65,0.81,0.77,0.91,0.98,0.87,0.99,,2.66,0.459,0.541,0,1,0.015,0,0.007,0.007,0.872,0.763,0.585,0.044,0.007,0.881,0,0,0.067,N<5,0,N<5,0,0,N<5,1.1,0.131,0.102,0.463,0.015,0.004,0.257,0.177,0.061,0.57,0.008,0.004,0.156,0.6,0.778,0.858,0.388,0.977,N/A,N/A,N/A,N/A,N/A,N/A
,,,30Q280,PS280Q: Home of the Lionhearts,Elementary,456,0.46,0.39,Fair,Good,Excellent,0.74,1,0.79,0.66,0.8,0.7,0.98,0.94,0.98,,,0.537,0.463,0,0.601,0.164,0,0.072,0.066,0.854,0.186,0.724,0.07,0.009,0.868,0.033,0.002,0.015,0.122,N<5,0.512,0,0,0.268,0.1,0.089,0.009,0.85,0.031,0.002,0.013,0.196,0.046,0.56,0.009,0.002,0.16,0.1,0.732,0.926,0.753,0.958,0.98,N/A,N/A,0.99,N/A,N/A
,,,30Q286,"Young Women's Leadership School, Astoria",Middle,252,0.48,0.64,Excellent,Good,Fair,0.79,0.85,0.78,0.64,0.71,0.71,0.9,0.8,0.9,3.22,2.96,1,0,0,0.095,0.206,0,0.159,0.012,0.654,0.061,0.631,0.171,0.067,0.492,0.024,0.004,0.206,0.132,N<5,N<5,0,0,0.605,1.4,0.125,0.106,0.427,0.013,0.004,0.289,0.177,0.061,0.57,0.008,0.004,0.156,9.1,0.816,0.933,0.783,0.951,0.98,N/A,N/A,0.97,N/A,N/A
,,,30Q291,Hunters Point Community Middle School,Middle,392,0.44,0.62,Excellent,Good,Good,0.8,0.89,0.64,0.89,0.7,0.9,0.93,0.92,0.93,3.06,3.03,0.421,0.579,0,0.043,0.224,0,0.194,0.026,0.68,0.107,0.625,0.105,0.112,0.526,0.005,0.003,0.176,N<5,N<5,0.229,0,0,0.514,2.4,0.138,0.11,0.422,0.008,0.003,0.274,0.177,0.061,0.57,0.008,0.004,0.156,11.2,0.743,0.911,0.73,0.965,1,0,0,0.95,0,0.05
,,,30Q300,The 30th Avenue School (G&T Citywide),K-8,513,0.55,1.03,Excellent,Good,Good,0.82,0.85,0.82,0.71,0.76,0.81,0.96,0.94,0.92,,,0.48,0.519,0.002,0.045,0.058,0.004,0.025,0,0.317,0.01,0.244,0.528,0.025,0.125,0.008,0.008,0.232,0.25,N<5,0.321,N<5,0,0.286,3,0.169,0.12,0.497,0.008,0.003,0.172,0.187,0.061,0.543,0.009,0.003,0.168,4.7,0.821,0.954,0.895,0.961,1,0,0,1,0,0
,,,30Q329,East Elmhurst Community School,Elementary,461,0.49,0.4,Good,Good,Excellent,0.88,1,0.84,0.93,0.86,0.9,0.98,0.99,1,,,0.492,0.508,0,0.395,0.213,0.002,0.128,0.067,0.891,0.373,0.818,0.03,0.048,0.879,0.004,0.002,0.026,N<5,N<5,0.472,0,0,0.389,0.3,0.107,0.036,0.826,0.003,0.001,0.019,0.196,0.046,0.56,0.009,0.002,0.16,11.2,0.833,0.908,0.619,0.954,0.96,N/A,N/A,0.93,0,0.07
,,,30Q361,The Woodside Community School,Elementary,451,0.59,0.62,Good,Excellent,Excellent,0.88,,0.95,0.88,0.92,0.92,0.98,0.96,0.98,,,0.508,0.492,0,0.262,0.131,0.016,0.098,0.007,0.666,0.113,0.601,0.313,0.004,0.497,0.024,0.004,0.131,0.167,N<5,0.333,N<5,N<5,0.444,0.3,0.373,0.008,0.515,0.013,0,0.078,0.196,0.046,0.56,0.009,0.002,0.16,9.2,0.778,0.938,0.812,0.963,1,0,0,1,0,0
,,,30Q384,Hunters Point Elementary School,Elementary,397,0.68,0.77,Excellent,Excellent,Excellent,0.92,,0.95,0.86,0.96,0.93,0.97,0.97,0.97,,,0.534,0.466,0,0.121,0.156,0,0.101,0.013,0.241,0.06,0.222,0.247,0.098,0.191,0.005,0.01,0.36,N<5,N<5,0.2,0,0,0.6,0.6,0.202,0.097,0.273,0.001,0.005,0.357,0.196,0.046,0.56,0.009,0.002,0.16,6.2,0.567,0.937,0.8,0.971,1,0,0,0.99,N/A,N/A
,,,30Q398,The Hector Figueroa School,Elementary,341,0.6,0.63,Excellent,Excellent,Good,0.86,0.85,0.9,0.94,0.95,0.9,0.96,0.91,0.95,,,0.472,0.528,0,0.334,0.173,0.006,0.094,0.053,0.702,0.111,0.61,0.402,0.006,0.481,0,0.003,0.079,0.242,N<5,0.455,N<5,N<5,0.273,0.3,0.546,0.006,0.355,0.003,0.001,0.06,0.196,0.046,0.56,0.009,0.002,0.16,0.8,0.546,0.925,0.723,0.968,0.91,N/A,N/A,0.96,N/A,N/A
,,,30Q429,I.S 429,Middle,102,,,,,,0.81,,0.82,0.97,0.74,0.97,0.95,0.9,0.96,3.37,3.44,0.549,0.451,0,0.088,0.137,0,0.108,0.01,0.656,0.069,0.608,0.167,0.029,0.539,0,0,0.225,N<5,0,N<5,N<5,0,N<5,0.5,0.156,0.03,0.547,0.015,0,0.206,0.177,0.061,0.57,0.008,0.004,0.156,1.2,0.429,0.934,0.786,0.96,1,0,0,0.96,N/A,N/A
,,,30Q580,Baccalaureate School for Global Education,Middle,123,0.47,0.99,Excellent,Good,Good,0.76,0.82,0.78,0.72,0.65,0.71,0.88,0.85,0.94,3.79,3.86,0.52,0.48,0,0,0.057,0,0.041,0,0.415,0.026,0.395,0.398,0,0.138,0.024,0.008,0.35,0.235,0.147,0.147,0,0,0.471,2.2,0.212,0.066,0.43,0.011,0.004,0.245,0.177,0.061,0.57,0.008,0.004,0.156,2.1,0.912,0.971,0.959,0.968,1,0,0,0.97,N/A,N/A
,,,31R001,P.S. 001 Tottenville,Elementary,406,0.55,0.65,Good,Excellent,Good,0.94,0.82,0.96,0.88,0.98,0.94,0.97,0.96,0.91,,,0.468,0.532,0,0.047,0.283,0,0.182,0.054,0.377,0.02,0.333,0.042,0.015,0.219,0,0.002,0.707,N<5,N<5,N<5,N<5,N<5,0.949,0.4,0.032,0.016,0.166,0,0.006,0.755,0.178,0.099,0.299,0.005,0.001,0.392,11.9,0.949,0.923,0.746,0.962,0.97,N/A,N/A,0.98,N/A,N/A
,,,31R002,I.S. R002 George L. Egbert,Middle,963,0.39,0.56,Fair,Fair,Good,0.7,0.86,0.56,0.69,0.65,0.69,0.91,0.83,0.94,2.94,2.91,0.504,0.496,0,0.145,0.208,0.004,0.126,0.057,0.711,0.097,0.643,0.275,0.046,0.298,0.003,0.002,0.36,N<5,N<5,0.165,0,0,0.747,0.8,0.288,0.042,0.248,0.003,0.002,0.402,0.163,0.106,0.294,0.005,0.002,0.407,3,0.81,0.909,0.659,0.965,0.96,0.04,0,0.98,N/A,N/A
,,,31R003,P.S. 003 The Margaret Gioiosa School,Elementary,605,0.68,0.79,Excellent,Excellent,Excellent,0.91,,0.98,0.97,0.95,1,0.97,0.97,0.96,,,0.496,0.504,0,0.046,0.26,0.002,0.18,0.03,0.389,0.018,0.291,0.131,0.02,0.119,0,0,0.714,0,0,N<5,0,0,0.96,0.7,0.121,0.022,0.099,0,0,0.745,0.178,0.099,0.299,0.005,0.001,0.392,9.4,0.9,0.933,0.79,0.963,0.95,0.05,0,0.99,N/A,N/A
,,,31R004,P.S. 004 Maurice Wollin,Elementary,691,0.46,0.57,Good,Good,Good,0.87,0.92,0.86,0.89,0.94,0.92,0.96,0.94,0.91,,,0.43,0.57,0,0.087,0.329,0.012,0.213,0.065,0.482,0.03,0.43,0.213,0.02,0.198,0.004,0.003,0.546,N<5,0,N<5,0,N<5,0.919,0.3,0.213,0.009,0.197,0.002,0,0.559,0.178,0.099,0.299,0.005,0.001,0.392,10.2,0.879,0.927,0.743,0.955,0.93,N/A,N/A,0.98,N/A,N/A
,,,31R005,P.S. 005 Huguenot,Elementary,309,0.78,0.91,Excellent,Excellent,Excellent,0.99,1,1,0.99,1,1,0.97,0.98,0.97,,,0.502,0.498,0,0.006,0.249,0.01,0.191,0,0.243,0.013,0.197,0.061,0.006,0.084,0.006,0.003,0.819,N<5,N<5,N<5,N<5,N<5,0.913,0.9,0.142,0.007,0.133,0.007,0.002,0.687,0.178,0.099,0.299,0.005,0.001,0.392,14,0.957,0.935,0.802,0.965,0.94,N/A,N/A,1,0,0
,,,31R006,P.S. 6 Corporal Allan F. Kivlehan School,Elementary,468,0.6,0.67,Excellent,Excellent,Excellent,0.92,,0.87,0.92,0.95,0.98,0.99,0.97,0.99,,,0.487,0.513,0,0.043,0.41,0.002,0.188,0.188,0.418,0.024,0.372,0.066,0.015,0.175,0.002,0,0.714,N<5,N<5,N<5,N<5,N<5,0.947,0.6,0.051,0.013,0.131,0.003,0,0.769,0.178,0.099,0.299,0.005,0.001,0.392,1,0.842,0.919,0.739,0.959,0.92,0.08,0,1,0,0
,,,31R007,I.S. 007 Elias Bernstein,Middle,1196,0.59,0.82,Excellent,Excellent,Good,0.86,0.91,0.74,0.89,0.78,0.93,0.96,0.85,0.96,3.24,3.27,0.498,0.502,0,0.044,0.171,0.002,0.119,0.028,0.386,0.017,0.326,0.16,0.014,0.129,0.001,0,0.678,N<5,N<5,0.091,0,0,0.87,1.6,0.139,0.008,0.115,0.002,0,0.717,0.163,0.106,0.294,0.005,0.002,0.407,0.5,0.883,0.924,0.746,0.965,0.93,N/A,N/A,0.99,N/A,N/A
,,,31R008,P.S. 8 Shirlee Solomon,Elementary,494,0.8,0.91,Excellent,Excellent,Excellent,0.96,1,1,0.93,0.98,0.99,0.97,0.95,0.95,,,0.512,0.488,0,0.069,0.219,0.024,0.121,0.036,0.421,0.014,0.395,0.249,0.012,0.16,0.002,0,0.551,N<5,0,N<5,0,0,0.929,0.5,0.184,0.019,0.155,0.004,0,0.609,0.178,0.099,0.299,0.005,0.001,0.392,23.6,0.857,0.945,0.859,0.962,0.92,N/A,N/A,0.99,N/A,N/A
,,,31R009,Naples Street Elementary School,Elementary,277,0.87,0.91,Excellent,Excellent,Excellent,0.92,1,0.87,0.98,0.99,1,0.99,0.99,0.98,,,0.505,0.495,0,0.047,0.329,0.004,0.235,0.04,0.496,0.022,0.448,0.199,0.065,0.22,0.004,0,0.495,0,0,N<5,0,0,0.806,1.6,0.211,0.178,0.303,0.004,0.003,0.27,0.178,0.099,0.299,0.005,0.001,0.392,11.2,0.833,0.946,0.889,0.955,0.95,N/A,N/A,0.99,N/A,N/A
,,,31R010,Fort Hill Collaborative Elementary School,Elementary,157,0.6,0.43,Good,Good,Excellent,0.89,1,0.88,0.97,0.99,0.97,0.99,0.94,1,,,0.503,0.497,0,0.191,0.427,0,0.204,0.217,0.896,0.242,0.847,0.032,0.21,0.561,0.032,0.006,0.064,0,N<5,N<5,0,0,0.8,0.5,0.049,0.313,0.518,0.01,0.005,0.075,0.178,0.099,0.299,0.005,0.001,0.392,10.2,0.95,0.875,0.484,0.96,0.94,N/A,N/A,0.96,0,0.04
,,,31R011,P.S. 11 Thomas Dongan School,Elementary,235,0.32,0.35,Fair,Fair,Excellent,0.74,0.57,0.47,0.47,0.85,0.69,0.98,0.92,0.96,,,0.468,0.532,0,0.187,0.272,0,0.145,0.094,0.734,0.038,0.711,0.196,0.132,0.362,0.009,0,0.285,N<5,0,N<5,0,0,0.867,0.3,0.195,0.102,0.246,0.008,0,0.438,0.178,0.099,0.299,0.005,0.001,0.392,19,0.867,0.914,0.677,0.955,0.98,N/A,N/A,0.98,N/A,N/A
,,,31R013,P.S. 013 M. L. Lindemeyer,Elementary,765,0.54,0.6,Good,Good,Excellent,0.87,1,0.85,0.95,0.9,0.95,0.99,0.94,1,,,0.461,0.539,0,0.208,0.305,0.001,0.207,0.071,0.768,0.094,0.729,0.269,0.116,0.429,0.003,0.001,0.153,N<5,N<5,0.087,0,0,0.797,0.4,0.235,0.066,0.452,0.002,0.002,0.215,0.178,0.099,0.299,0.005,0.001,0.392,15,0.899,0.908,0.65,0.957,0.86,N/A,N/A,0.95,0,0.05
,,,31R016,P.S. 016 John J. Driscoll,Elementary,340,0.44,0.34,Fair,Good,Excellent,0.96,1,0.82,0.97,0.96,0.97,0.97,0.93,0.96,,,0.526,0.474,0,0.315,0.262,0.012,0.106,0.129,0.927,0.182,0.879,0.056,0.224,0.644,0.024,0,0.053,N<5,0,0.233,0,0,0.721,0.4,0.063,0.267,0.546,0.009,0.006,0.08,0.178,0.099,0.299,0.005,0.001,0.392,9.4,0.907,0.888,0.581,0.96,0.93,0.08,0,0.99,N/A,N/A
,,,31R018,P.S. 018 John G. Whittier,Elementary,284,0.34,0.25,Fair,Fair,Good,0.74,0.62,0.46,0.73,0.72,0.68,0.94,0.9,0.96,,,0.461,0.539,0,0.144,0.401,0.004,0.208,0.155,0.94,0.204,0.915,0.011,0.38,0.518,0.011,0.004,0.06,0,N<5,N<5,0,0,0.795,0.2,0.019,0.408,0.498,0.006,0.003,0.045,0.178,0.099,0.299,0.005,0.001,0.392,14,0.846,0.854,0.484,0.953,0.88,0.13,0,0.95,0.02,0.02
,,,31R019,P.S. 019 The Curtis School,Elementary,408,0.44,0.38,Fair,Good,Excellent,0.83,0.75,0.68,0.79,0.84,0.83,0.96,0.97,0.95,,,0.478,0.522,0,0.346,0.287,0.01,0.152,0.091,0.921,0.181,0.86,0.049,0.115,0.775,0,0,0.056,N<5,N<5,0.295,0,0,0.614,0.3,0.066,0.149,0.672,0.005,0.002,0.083,0.178,0.099,0.299,0.005,0.001,0.392,8.2,0.864,0.91,0.649,0.96,0.86,0.14,0,0.99,N/A,N/A
,,,31R020,P.S. 020 Port Richmond,Elementary,308,0.34,0.21,Needs Improvement,Fair,Good,0.66,,0.49,0.7,0.56,0.62,0.9,0.93,0.96,,,0.416,0.584,0,0.523,0.347,0.003,0.234,0.078,0.927,0.146,0.87,0.006,0.13,0.795,0.006,0.006,0.039,0,0,0.543,0,0,0.457,0.2,0.012,0.172,0.742,0.003,0.003,0.058,0.178,0.099,0.299,0.005,0.001,0.392,1.1,0.886,0.901,0.599,0.961,0.96,N/A,N/A,0.99,N/A,N/A
,,,31R021,P.S. 21 Margaret Emery-Elm Park,Elementary,350,0.64,0.58,Good,Good,Excellent,0.89,1,0.77,0.94,0.95,0.91,0.98,0.94,0.98,,,0.523,0.477,0,0.211,0.343,0,0.286,0.049,0.904,0.031,0.877,0.037,0.169,0.64,0.009,0.006,0.12,N<5,N<5,0.128,0,0,0.769,0.5,0.051,0.209,0.597,0.008,0.002,0.108,0.178,0.099,0.299,0.005,0.001,0.392,0.1,1,0.884,0.564,0.957,0.85,N/A,N/A,0.96,0,0.04
,,,31R022,P.S. 022 Graniteville,Elementary,712,0.45,0.4,Fair,Good,Good,0.81,0.68,0.74,0.82,0.87,0.91,0.96,0.89,0.95,,,0.499,0.501,0,0.272,0.353,0,0.152,0.163,0.832,0.138,0.77,0.072,0.177,0.65,0.008,0.001,0.065,N<5,0,0.25,N<5,0,0.7,0.7,0.107,0.192,0.499,0.007,0,0.17,0.178,0.099,0.299,0.005,0.001,0.392,17.2,0.913,0.895,0.581,0.957,0.99,N/A,N/A,0.96,0,0.04
,,,31R023,P.S. 023 Richmondtown,Elementary,564,0.63,0.74,Excellent,Excellent,Excellent,0.91,,0.94,0.94,0.98,0.99,0.98,0.94,0.98,,,0.489,0.511,0,0.069,0.28,0,0.165,0.059,0.4,0.025,0.349,0.215,0.005,0.144,0.005,0.002,0.594,0,0,N<5,0,0,0.957,0.4,0.287,0.015,0.103,0.006,0.003,0.563,0.178,0.099,0.299,0.005,0.001,0.392,11,0.936,0.944,0.858,0.963,0.97,N/A,N/A,0.98,N/A,N/A
,,,31R024,I.S. 024 Myra S. Barnes,Middle,1292,0.46,0.74,Excellent,Excellent,Good,0.78,0.89,0.66,0.89,0.67,0.95,0.96,0.87,0.96,3.27,3.36,0.479,0.521,0,0.046,0.228,0.002,0.126,0.081,0.438,0.041,0.396,0.193,0.009,0.169,0.002,0.003,0.601,N<5,0,0.058,0,0,0.875,1.2,0.196,0.006,0.152,0.001,0.001,0.622,0.163,0.106,0.294,0.005,0.002,0.407,15,0.885,0.94,0.792,0.965,0.96,0.04,0,1,N/A,N/A
,,,31R026,P.S. 026 The Carteret School,Elementary,249,0.67,0.75,Excellent,Excellent,Excellent,0.9,,0.91,0.93,0.96,0.95,0.96,0.96,0.96,,,0.462,0.538,0,0.165,0.249,0,0.161,0.044,0.519,0.048,0.494,0.277,0.048,0.273,0,0,0.378,0,0,N<5,0,0,0.889,0.2,0.199,0.06,0.272,0,0,0.444,0.178,0.099,0.299,0.005,0.001,0.392,1.6,1,0.94,0.784,0.967,0.98,N/A,N/A,0.99,N/A,N/A
,,,31R027,I.S. 027 Anning S. Prall,Middle,879,0.37,0.49,Fair,Fair,Fair,0.72,0.87,0.54,0.56,0.71,0.69,0.9,0.83,0.9,2.84,2.73,0.487,0.513,0,0.088,0.281,0.007,0.184,0.074,0.735,0.096,0.689,0.125,0.203,0.447,0.007,0.001,0.195,N<5,0.07,0.151,N<5,0,0.721,0.8,0.059,0.218,0.535,0.006,0.002,0.165,0.163,0.106,0.294,0.005,0.002,0.407,3,0.802,0.886,0.573,0.953,0.95,0.05,0,0.99,N/A,N/A
,,,31R028,The Eagle Academy for Young Men of Staten Island,Middle,185,0.57,0.41,Excellent,Good,Excellent,0.78,0.83,0.54,0.89,0.69,0.83,0.95,0.95,0.96,2.28,2.29,0,1,0,0.124,0.454,0.005,0.254,0.173,0.923,0.118,0.861,0.016,0.492,0.416,0.005,0.005,0.049,N<5,0.22,N<5,0,0,0.561,0.5,0.056,0.46,0.42,0.005,0.007,0.023,0.163,0.106,0.294,0.005,0.002,0.407,10.2,0.878,0.893,0.595,0.966,0.9,0.1,0,0.98,N/A,N/A
,,,31R029,P.S. 029 Bardwell,Elementary,571,0.44,0.57,Fair,Excellent,Excellent,0.85,0.91,0.93,0.89,0.9,0.95,0.97,0.93,0.96,,,0.433,0.567,0,0.061,0.296,0,0.138,0.102,0.534,0.032,0.496,0.263,0.063,0.264,0.002,0,0.375,0,N<5,N<5,0,0,0.87,0.6,0.186,0.092,0.282,0.004,0,0.378,0.178,0.099,0.299,0.005,0.001,0.392,5.2,0.913,0.925,0.745,0.975,0.93,0.07,0,0.98,N/A,N/A
,,,31R030,P.S. 030 Westerleigh,Elementary,668,0.6,0.71,Excellent,Excellent,Excellent,0.88,1,0.97,0.9,0.95,0.95,0.96,0.96,0.96,,,0.472,0.528,0,0.085,0.293,0,0.195,0.049,0.356,0.025,0.32,0.16,0.037,0.246,0.001,0,0.515,N<5,N<5,N<5,0,0,0.897,0.4,0.149,0.032,0.268,0,0,0.509,0.178,0.099,0.299,0.005,0.001,0.392,11.6,0.931,0.926,0.759,0.956,0.95,0.05,0,0.99,N/A,N/A
,,,31R031,P.S. 031 William T. Davis,Elementary,304,0.47,0.36,Fair,Fair,Excellent,0.74,0.81,0.59,0.8,0.79,0.84,0.98,0.97,0.98,,,0.454,0.546,0,0.059,0.405,0.003,0.112,0.263,> 95%,0.197,> 95%,0.01,0.513,0.391,0.01,0.003,0.046,N<5,0.22,N<5,0,0,0.634,0.2,0.026,0.411,0.477,0.003,0.006,0.06,0.178,0.099,0.299,0.005,0.001,0.392,7.2,0.829,0.869,0.465,0.974,0.88,0.07,0.05,0.94,N/A,N/A
,,,31R032,P.S. 032 The Gifford School,Elementary,592,0.62,0.72,Excellent,Good,Excellent,0.83,,0.8,0.83,0.87,0.86,0.98,0.96,0.96,,,0.524,0.476,0,0.088,0.26,0.029,0.122,0.057,0.475,0.015,0.429,0.23,0.015,0.179,0,0,0.552,N<5,0,N<5,0,0,0.957,0.4,0.241,0.017,0.161,0,0,0.55,0.178,0.099,0.299,0.005,0.001,0.392,20,0.957,0.93,0.756,0.958,0.98,N/A,N/A,0.99,N/A,N/A
,,,31R034,I.S. 034 Tottenville,Middle,1107,0.52,0.77,Excellent,Excellent,Excellent,0.85,0.94,0.75,0.88,0.78,0.94,0.98,0.88,0.98,3.32,3.19,0.514,0.486,0,0.028,0.242,0,0.189,0.041,0.357,0.017,0.31,0.1,0.009,0.179,0.001,0.003,0.685,N<5,N<5,N<5,N<5,0,0.927,2.1,0.061,0.013,0.186,0.001,0.004,0.706,0.163,0.106,0.294,0.005,0.002,0.407,13.1,0.842,0.918,0.697,0.966,0.94,0.06,0,0.98,N/A,N/A
,,,31R035,P.S. 35 The Clove Valley School,Elementary,394,0.87,0.94,Excellent,Excellent,Excellent,0.95,,1,0.91,0.98,0.96,0.98,0.97,0.98,,,0.515,0.485,0,0.074,0.213,0.008,0.147,0,0.395,0.013,0.371,0.162,0.061,0.221,0.003,0,0.477,N<5,N<5,N<5,N<5,N<5,0.962,0.5,0.267,0.044,0.186,0,0,0.433,0.178,0.099,0.299,0.005,0.001,0.392,17.2,0.923,0.942,0.846,0.966,0.95,N/A,N/A,0.99,N/A,N/A
,,,31R036,P.S. 036 J. C. Drumgoole,Elementary,758,0.43,0.59,Fair,Good,Good,0.84,0.73,0.63,0.82,0.9,0.85,0.96,0.94,0.93,,,0.497,0.503,0,0.061,0.253,0.013,0.141,0.037,0.362,0.017,0.339,0.181,0.013,0.139,0.005,0,0.631,N<5,0,0.094,0,0,0.875,0.7,0.154,0.005,0.152,0.005,0.001,0.654,0.178,0.099,0.299,0.005,0.001,0.392,18.6,0.875,0.935,0.796,0.958,0.96,N/A,N/A,0.99,0,0.01
,,,31R038,P.S. 038 George Cromwell,Elementary,343,0.45,0.49,Fair,Fair,Good,0.65,0.6,0.66,0.74,0.71,0.8,0.95,0.88,0.93,,,0.487,0.513,0,0.35,0.195,0,0.117,0.073,0.732,0.082,0.682,0.289,0.05,0.286,0.003,0.003,0.344,N<5,0,N<5,N<5,0,0.853,0.3,0.359,0.024,0.188,0,0.004,0.392,0.178,0.099,0.299,0.005,0.001,0.392,0.7,0.853,0.914,0.65,0.965,0.94,N/A,N/A,0.96,0,0.04
,,,31R039,P.S. 39 Francis J. Murphy Jr.,Elementary,477,0.58,0.59,Good,Excellent,Good,0.95,1,0.94,0.95,0.99,0.99,0.96,0.9,0.96,,,0.463,0.537,0,0.275,0.247,0.002,0.153,0.065,0.725,0.061,0.704,0.235,0.069,0.258,0.002,0.006,0.405,N<5,N<5,N<5,0,0,0.878,0.4,0.231,0.052,0.32,0.003,0.003,0.375,0.178,0.099,0.299,0.005,0.001,0.392,0.4,0.829,0.908,0.617,0.962,0.95,N/A,N/A,0.99,N/A,N/A
,,,31R041,The Stephanie A. Vierno School,Elementary,646,0.43,0.47,Fair,Good,Good,0.81,0.8,0.7,0.85,0.82,0.87,0.96,0.92,0.96,,,0.48,0.52,0,0.3,0.252,0.009,0.141,0.057,0.732,0.036,0.68,0.294,0.07,0.254,0.006,0,0.364,N<5,N<5,0.109,N<5,N<5,0.873,0.6,0.244,0.058,0.248,0.006,0.002,0.417,0.178,0.099,0.299,0.005,0.001,0.392,9.2,0.909,0.931,0.767,0.967,0.96,N/A,N/A,0.93,N/A,N/A
,,,31R042,P.S. 042 Eltingville,Elementary,949,0.51,0.65,Good,Excellent,Excellent,0.86,0.58,0.77,0.9,0.93,0.97,0.98,0.95,0.98,,,0.478,0.522,0,0.089,0.235,0,0.143,0.065,0.413,0.017,0.365,0.216,0.011,0.149,0.002,0,0.603,N<5,0,N<5,0,0,0.931,0.5,0.237,0.022,0.154,0.003,0.001,0.565,0.178,0.099,0.299,0.005,0.001,0.392,18.8,0.889,0.937,0.819,0.963,0.95,N/A,N/A,0.97,0.02,0.01
,,,31R044,P.S. 044 Thomas C. Brown,Elementary,469,0.25,0.21,Needs Improvement,Fair,Excellent,0.78,,0.53,0.77,0.79,0.76,0.93,0.92,0.99,,,0.482,0.518,0,0.104,0.388,0.017,0.158,0.183,0.936,0.139,0.904,0.026,0.367,0.51,0.011,0.002,0.066,N<5,N<5,0.278,0,0,0.611,0.4,0.055,0.332,0.513,0.006,0.004,0.075,0.178,0.099,0.299,0.005,0.001,0.392,4,0.815,0.859,0.431,0.947,0.95,0.05,0,0.97,N/A,N/A
,,,31R045,P.S. 045 John Tyler,Elementary,732,0.49,0.53,Good,Good,Good,0.84,0.9,0.72,0.86,0.91,0.89,0.95,0.92,0.94,,,0.529,0.471,0,0.061,0.243,0.016,0.139,0.055,0.662,0.075,0.609,0.09,0.164,0.462,0.007,0,0.227,0,N<5,0.113,0,0,0.839,0.7,0.09,0.119,0.459,0.009,0,0.289,0.178,0.099,0.299,0.005,0.001,0.392,3,0.952,0.907,0.661,0.955,0.89,N/A,N/A,0.96,N/A,N/A
,,,31R046,P.S. 046 Albert V. Maniscalco,Elementary,148,0.38,0.33,Fair,Good,Needs Improvement,0.82,,0.77,0.8,0.94,0.94,0.74,0.59,0.44,,,0.493,0.507,0,0.135,0.385,0,0.25,0.128,0.883,0.122,0.851,0.115,0.223,0.372,0.007,0,0.223,N<5,N<5,N<5,N<5,N<5,0.957,0.3,0.242,0.242,0.264,0,0.005,0.203,0.178,0.099,0.299,0.005,0.001,0.392,1.3,0.87,0.877,0.543,0.951,0.96,N/A,N/A,0.99,N/A,N/A
,,,31R048,P.S. 048 William G. Wilcox,K-8,980,0.4,0.65,Good,Excellent,Good,0.8,0.86,0.64,0.92,0.7,0.88,0.95,0.91,0.96,,,0.497,0.503,0,0.096,0.216,0.003,0.141,0.042,0.496,0.034,0.456,0.283,0.048,0.187,0,0,0.463,N<5,0,0.1,0,0,0.857,0.3,0.337,0.063,0.185,0,0,0.4,0.169,0.117,0.306,0.005,0.002,0.378,8.2,0.886,0.936,0.801,0.946,0.92,0.08,0,0.97,N/A,N/A
,,,31R049,I.S. 49 Berta A. Dreyfus,Middle,394,0.41,0.32,Fair,Fair,Excellent,0.76,0.86,0.51,0.84,0.69,0.84,0.99,0.98,0.99,2.3,2.33,0.508,0.492,0,0.17,0.388,0.005,0.223,0.152,0.933,0.112,0.911,0.091,0.312,0.49,0.015,0.008,0.069,N<5,0.113,0.283,N<5,N<5,0.566,0.4,0.058,0.458,0.427,0.006,0.006,0.017,0.163,0.106,0.294,0.005,0.002,0.407,2,0.887,0.859,0.516,0.939,0.96,0.04,0,0.98,N/A,N/A
,,,31R050,P.S. 050 Frank Hankinson,Elementary,669,0.72,0.84,Excellent,Excellent,Excellent,0.92,0.92,0.94,0.93,1,0.98,0.99,0.97,0.96,,,0.522,0.478,0,0.085,0.206,0.001,0.114,0.067,0.505,0.01,0.462,0.323,0.021,0.167,0.006,0.001,0.456,N<5,0,N<5,0,0,0.945,0.6,0.282,0.019,0.183,0.004,0.001,0.483,0.178,0.099,0.299,0.005,0.001,0.392,11.6,0.873,0.932,0.783,0.965,0.97,N/A,N/A,0.99,N/A,N/A
,,,31R051,I.S. 051 Edwin Markham,Middle,1111,0.45,0.48,Fair,Good,Good,0.77,0.9,0.57,0.89,0.7,0.93,0.95,0.83,0.95,2.65,2.54,0.481,0.519,0,0.126,0.284,0.002,0.164,0.11,0.761,0.117,0.701,0.068,0.199,0.535,0.005,0.002,0.163,N<5,N<5,0.096,N<5,N<5,0.865,0.9,0.111,0.164,0.489,0.007,0,0.204,0.163,0.106,0.294,0.005,0.002,0.407,13.7,0.923,0.887,0.603,0.947,0.95,N/A,N/A,0.95,0,0.05
,,,31R052,P.S. 052 John C. Thompson,Elementary,570,0.57,0.68,Good,Excellent,Excellent,0.88,0.76,0.92,0.94,0.92,0.98,0.98,0.96,0.97,,,0.482,0.518,0,0.175,0.233,0.005,0.153,0.042,0.63,0.047,0.579,0.34,0.035,0.177,0.004,0,0.416,N<5,0,0,0,0,0.935,0.5,0.344,0.025,0.186,0,0.003,0.419,0.178,0.099,0.299,0.005,0.001,0.392,2.7,0.935,0.928,0.723,0.96,0.93,N/A,N/A,0.99,N/A,N/A
,,,31R053,The Barbara Esselborn School,Elementary,727,0.63,0.75,Excellent,Excellent,Excellent,0.92,,0.94,0.95,0.96,0.96,0.98,0.94,0.97,,,0.494,0.506,0,0.084,0.217,0.001,0.131,0.056,0.453,0.011,0.426,0.292,0.012,0.162,0,0.003,0.508,N<5,0,N<5,0,0,0.915,0.5,0.323,0.014,0.148,0,0,0.489,0.178,0.099,0.299,0.005,0.001,0.392,9.1,0.881,0.943,0.837,0.961,0.98,N/A,N/A,0.98,N/A,N/A
,,,31R054,P.S. 054 Charles W. Leng,Elementary,681,0.48,0.64,Good,Good,Excellent,0.83,0.75,0.73,0.83,0.96,0.9,0.97,0.92,0.99,,,0.512,0.488,0,0.088,0.216,0.003,0.103,0.073,0.616,0.032,0.551,0.426,0.053,0.181,0.001,0,0.316,N<5,N<5,N<5,0,0,0.87,0.5,0.404,0.051,0.219,0,0,0.299,0.178,0.099,0.299,0.005,0.001,0.392,13.1,0.826,0.925,0.724,0.954,0.96,N/A,N/A,0.96,N/A,N/A
,,,31R055,P.S. 055 Henry M. Boehm,Elementary,468,0.57,0.68,Good,Good,Good,0.84,,0.84,0.8,0.81,0.87,0.96,0.95,0.94,,,0.5,0.5,0,0.062,0.323,0.006,0.212,0.043,0.359,0.019,0.299,0.105,0,0.143,0.002,0.002,0.729,N<5,N<5,N<5,N<5,N<5,0.932,0.5,0.115,0.003,0.118,0,0.006,0.745,0.178,0.099,0.299,0.005,0.001,0.392,1.2,0.955,0.93,0.749,0.968,0.97,N/A,N/A,1,N/A,N/A
,,,31R056,P.S. 56 The Louis Desario School,Elementary,566,0.59,0.71,Excellent,Good,Excellent,0.85,0.6,0.88,0.82,0.82,0.87,0.96,0.95,0.95,,,0.489,0.511,0,0.06,0.304,0,0.196,0.069,0.353,0.011,0.318,0.147,0.012,0.147,0.004,0.004,0.673,0,0,N<5,0,0,0.911,0.4,0.117,0.014,0.135,0.003,0.005,0.71,0.178,0.099,0.299,0.005,0.001,0.392,2.5,0.893,0.94,0.85,0.963,0.89,N/A,N/A,0.98,N/A,N/A
,,,31R057,P.S. 057 Hubert H. Humphrey,Elementary,366,0.46,0.32,Fair,Fair,Excellent,0.8,0.93,0.62,0.83,0.81,0.88,0.97,0.88,0.98,,,0.481,0.519,0,0.131,0.443,0,0.227,0.21,0.941,0.074,0.907,0.052,0.492,0.415,0.008,0.003,0.019,N<5,0.137,0.118,N<5,N<5,0.706,0.3,0.112,0.45,0.365,0.002,0.007,0.046,0.178,0.099,0.299,0.005,0.001,0.392,10,0.804,0.9,0.61,0.957,0.95,N/A,N/A,0.98,0,0.02
,,,31R058,Space Shuttle Columbia School,Elementary,659,0.52,0.59,Good,Excellent,Excellent,0.85,0.8,0.91,0.87,0.94,0.95,0.98,0.94,0.98,,,0.46,0.54,0,0.124,0.302,0.015,0.168,0.099,0.608,0.064,0.54,0.317,0.039,0.244,0.002,0,0.378,0,0,0.102,0,0,0.898,0.8,0.347,0.038,0.215,0.007,0.002,0.368,0.178,0.099,0.299,0.005,0.001,0.392,1.1,0.848,0.934,0.781,0.967,0.91,N/A,N/A,0.97,N/A,N/A
,,,31R059,The Harbor View School,Elementary,229,0.4,0.42,Fair,Fair,Excellent,0.73,1,0.65,0.77,0.87,0.83,0.98,0.98,0.94,,,0.515,0.485,0,0,0.367,0.026,0.205,0.1,0.718,0.109,0.646,0.039,0.402,0.393,0,0,0.114,N<5,N<5,0.219,N<5,N<5,0.719,0.8,0.049,0.345,0.478,0.009,0.003,0.085,0.178,0.099,0.299,0.005,0.001,0.392,4.2,0.938,0.893,0.593,0.95,1,0,0,0.99,N/A,N/A
,,,31R060,P.S. 060 Alice Austen,Elementary,606,0.37,0.49,Fair,Fair,Good,0.83,,0.76,0.66,0.89,0.69,0.95,0.92,0.91,,,0.483,0.517,0,0.076,0.305,0,0.129,0.135,0.586,0.028,0.558,0.224,0.053,0.264,0.007,0,0.427,0,0,N<5,0,0,0.95,0.5,0.261,0.067,0.239,0.008,0,0.392,0.178,0.099,0.299,0.005,0.001,0.392,10.5,0.783,0.918,0.708,0.976,0.99,N/A,N/A,0.98,0,0.02
,,,31R061,I.S. 061 William A Morris,Middle,937,0.37,0.38,Fair,Fair,Fair,0.67,0.84,0.51,0.59,0.63,0.61,0.85,0.77,0.83,2.61,2.47,0.512,0.488,0,0.114,0.308,0.003,0.156,0.13,0.833,0.168,0.784,0.043,0.307,0.51,0.012,0.002,0.102,N<5,0.071,0.06,0,0,0.833,0.9,0.03,0.275,0.489,0.004,0.002,0.176,0.163,0.106,0.294,0.005,0.002,0.407,3.2,0.893,0.865,0.522,0.955,0.91,N/A,N/A,0.96,N/A,N/A
,,,31R062,The Kathleen Grimm School for Leadership and Sustainability,Elementary,449,0.53,0.68,Excellent,Excellent,Excellent,0.94,1,0.89,0.96,0.99,0.97,0.98,0.97,0.95,,,0.501,0.499,0,0.04,0.236,0,0.149,0.042,0.345,0.029,0.267,0.098,0.016,0.118,0,0,0.759,0,N<5,N<5,0,0,0.906,0.5,0.132,0.013,0.132,0.003,0.005,0.693,0.178,0.099,0.299,0.005,0.001,0.392,9.2,0.875,0.928,0.761,0.96,0.95,N/A,N/A,0.98,N/A,N/A
,,,31R063,Marsh Avenue School for Expeditionary Learning,Middle,412,0.47,0.69,Excellent,Excellent,Good,0.78,0.83,0.7,0.88,0.76,0.89,0.93,0.85,0.91,3.21,3.17,0.515,0.485,0,0.027,0.226,0,0.155,0.053,0.514,0.041,0.454,0.18,0.075,0.303,0.002,0,0.413,N<5,N<5,0.167,0,0,0.639,3.1,0.245,0.039,0.217,0.004,0.001,0.469,0.163,0.106,0.294,0.005,0.002,0.407,0.5,0.889,0.922,0.723,0.953,0.99,N/A,N/A,0.98,N/A,N/A
,,,31R065,P.S. 65 The Academy of Innovative Learning,Elementary,327,0.61,0.59,Excellent,Good,Excellent,0.84,,0.92,0.86,0.92,0.9,0.97,0.96,0.94,,,0.517,0.483,0,0.034,0.339,0,0.193,0.122,0.663,0.067,0.566,0.021,0.214,0.535,0.006,0,0.159,0,N<5,N<5,0,0,0.8,0.7,0.047,0.27,0.571,0.012,0.006,0.067,0.178,0.099,0.299,0.005,0.001,0.392,2.2,0.943,0.919,0.725,0.957,0.94,0.06,0,0.99,N/A,N/A
,,,31R068,Port Richmond School for Visionary Learning,Elementary,330,0.37,0.4,Fair,Fair,Excellent,0.79,0.73,0.56,0.73,0.77,0.77,0.97,0.93,0.96,,,0.485,0.515,0,0.076,0.303,0.003,0.152,0.112,0.769,0.142,0.694,0.088,0.209,0.527,0.006,0,0.124,0.176,N<5,0.176,N<5,N<5,0.559,0.7,0.088,0.137,0.504,0.006,0.001,0.229,0.178,0.099,0.299,0.005,0.001,0.392,8.2,0.794,0.898,0.578,0.97,0.98,N/A,N/A,0.98,0,0.02
,,,31R069,P.S. 069 Daniel D. Tompkins,Elementary,695,0.4,0.53,Fair,Good,Good,0.89,0.75,0.92,0.86,0.91,0.85,0.97,0.88,0.95,,,0.46,0.54,0,0.187,0.242,0,0.167,0.023,0.654,0.027,0.599,0.373,0.03,0.213,0.004,0,0.364,0,0,0.074,0,0,0.905,0.4,0.387,0.036,0.204,0.008,0,0.335,0.178,0.099,0.299,0.005,0.001,0.392,17,0.937,0.931,0.771,0.954,0.99,N/A,N/A,0.99,N/A,N/A
,,,31R072,I.S. 072 Rocco Laurie,Middle,1460,0.44,0.6,Good,Good,Good,0.78,0.87,0.58,0.81,0.69,0.81,0.92,0.8,0.94,2.97,2.9,0.482,0.518,0,0.064,0.233,0.002,0.133,0.079,0.594,0.049,0.546,0.305,0.053,0.246,0.006,0,0.365,N<5,N<5,0.119,N<5,0,0.83,1.2,0.317,0.034,0.208,0.005,0,0.409,0.163,0.106,0.294,0.005,0.002,0.407,6,0.882,0.92,0.712,0.971,0.98,N/A,N/A,0.98,0,0.02
,,,31R074,P.S. 74 Future Leaders Elementary School,Elementary,243,0.43,0.32,Fair,Fair,Excellent,0.81,1,0.5,0.79,0.86,0.8,0.98,0.94,0.96,,,0.457,0.543,0,0.247,0.407,0.025,0.21,0.152,0.948,0.218,0.922,0.058,0.251,0.609,0.008,0.004,0.07,N<5,N<5,0.207,N<5,N<5,0.655,0.4,0.054,0.285,0.541,0.01,0.006,0.075,0.178,0.099,0.299,0.005,0.001,0.392,0,0.793,0.832,0.393,0.953,0.92,0.08,0,0.97,0,0.03
,,,31R075,I.S. 075 Frank D. Paulo,Middle,1508,0.51,0.77,Excellent,Excellent,Good,0.84,0.89,0.66,0.89,0.73,0.97,0.96,0.86,0.95,3.28,3.38,0.473,0.527,0,0.027,0.21,0.003,0.139,0.056,0.413,0.032,0.361,0.206,0.01,0.167,0.004,0.001,0.593,N<5,0,N<5,N<5,0,0.912,1.1,0.163,0.011,0.151,0.006,0.001,0.652,0.163,0.106,0.294,0.005,0.002,0.407,12,0.808,0.936,0.815,0.959,0.97,N/A,N/A,1,N/A,N/A
,,,31R078,P.S. 78,Elementary,446,0.46,0.33,Fair,Fair,Good,0.75,0.69,0.34,0.87,0.87,0.87,0.94,0.95,0.94,,,0.509,0.491,0,0.072,0.475,0.013,0.209,0.242,> 95%,0.13,0.93,0.034,0.422,0.471,0.018,0.013,0.036,N<5,0.115,0.115,0,0,0.712,0.2,0.029,0.417,0.492,0.013,0.003,0.036,0.178,0.099,0.299,0.005,0.001,0.392,6,0.981,0.864,0.501,0.97,0.95,0.05,0,0.99,N/A,N/A
,,,31R080,The Michael J. Petrides School,K-8,912,0.46,0.53,Good,Excellent,Good,0.79,0.88,0.64,0.94,0.72,0.93,0.95,0.87,0.95,,,0.48,0.52,0,0.034,0.353,0.002,0.285,0.042,0.63,0.036,0.567,0.125,0.221,0.333,0.003,0.004,0.283,N<5,N<5,0.106,N<5,0,0.814,1.9,0.194,0.169,0.317,0.005,0.003,0.282,0.169,0.117,0.306,0.005,0.002,0.378,0.9,0.779,0.919,0.741,0.97,1,N/A,N/A,0.98,0,0.02
,,,31R085,The Young Women's Leadership School of Staten Island,Middle,124,0.38,0.33,Fair,Good,Fair,0.81,0.66,0.69,0.9,0.73,0.95,0.93,0.86,0.85,2.52,2.29,1,0,0,0.04,0.306,0,0.137,0.161,0.874,0.089,0.823,0.032,0.484,0.347,0.008,0.008,0.024,N<5,N<5,N<5,0,0,0.6,0.6,0.074,0.431,0.418,0.006,0.005,0.039,0.163,0.106,0.294,0.005,0.002,0.407,2.2,0.6,0.882,0.533,0.961,0.77,0.23,0,0.98,N/A,N/A
,,,31R861,Staten Island School of Civic Leadership,K-8,827,0.58,0.56,Good,Fair,Good,0.78,0.92,0.63,0.67,0.7,0.84,0.94,0.93,0.92,,,0.505,0.495,0,0.065,0.248,0.034,0.131,0.063,0.728,0.08,0.67,0.198,0.23,0.38,0.006,0.002,0.15,N<5,N<5,N<5,0,0,0.892,0.4,0.236,0.171,0.342,0.008,0,0.218,0.169,0.117,0.306,0.005,0.002,0.378,11,0.923,0.907,0.65,0.96,0.94,N/A,N/A,0.97,N/A,N/A
,,,32K045,P.S./I.S. 045 Horace E. Greene,K-8,432,0.47,0.3,Fair,Excellent,Good,0.82,0.92,0.66,0.88,0.73,0.91,0.96,0.88,0.94,,,0.523,0.477,0,0.206,0.236,0.009,0.1,0.088,0.906,0.206,0.826,0.014,0.398,0.549,0.005,0.007,0.023,0.184,0.388,0.224,N<5,0,0.143,0.3,0.013,0.341,0.573,0.004,0.004,0.051,0.013,0.139,0.808,0.005,0.003,0.024,5.9,0.776,0.91,0.678,0.952,0.95,N/A,N/A,0.97,N/A,N/A
,,,32K075,P.S. 075 Mayda Cortiella,Elementary,178,0.38,0.28,Fair,Good,Good,0.83,,0.82,0.81,0.9,0.9,0.95,0.89,0.96,,,0.421,0.579,0,0.292,0.23,0,0.157,0.062,0.936,0.298,0.837,0.017,0.18,0.764,0,0,0.039,0,0.25,0.542,0,0,0.208,0.2,0.026,0.217,0.707,0.007,0,0.035,0.013,0.095,0.847,0.006,0.003,0.027,1,0.875,0.904,0.672,0.947,0.97,N/A,N/A,0.95,N/A,N/A
,,,32K086,P.S. 086 The Irvington,Elementary,359,0.38,0.3,Fair,Good,Good,0.78,0.55,0.79,0.87,0.93,0.87,0.94,0.94,0.94,,,0.552,0.448,0,0.577,0.206,0.011,0.123,0.047,0.93,0.462,0.643,0.008,0.006,0.958,0.003,0,0.017,N<5,N<5,0.4,0,0,0.486,0.2,0.018,0.026,0.915,0.003,0.001,0.028,0.013,0.095,0.847,0.006,0.003,0.027,9.9,0.714,0.928,0.759,0.961,0.91,0.09,0,0.99,N/A,N/A
,,,32K106,P.S. 106 Edward Everett Hale,Elementary,304,0.4,0.24,Fair,Good,,0.74,0.8,0.75,0.75,0.75,0.77,,,,,,0.503,0.497,0,0.405,0.329,0.02,0.086,0.204,0.908,0.289,0.78,0.003,0.076,0.905,0.003,0.003,0.007,0,0.216,0.622,0,0,0.162,0.3,0.012,0.163,0.783,0.003,0,0.027,0.013,0.095,0.847,0.006,0.003,0.027,8.2,0.865,0.91,0.688,0.979,0.97,N/A,N/A,0.92,0,0.08
,,,32K116,P.S. 116 Elizabeth L Farrell,Elementary,313,0.43,0.3,Fair,Good,Excellent,0.77,1,0.7,0.79,0.8,0.85,0.97,0.92,0.96,,,0.476,0.524,0,0.546,0.166,0.016,0.07,0.064,0.915,0.364,0.677,0.013,0.035,0.939,0,0,0.006,N<5,N<5,0.625,0,0,0.281,0.2,0.014,0.089,0.861,0.003,0,0.018,0.013,0.095,0.847,0.006,0.003,0.027,6.1,0.781,0.922,0.696,0.97,0.98,N/A,N/A,0.99,N/A,N/A
,,,32K123,P.S. 123 Suydam,Elementary,444,0.39,0.31,Fair,Good,Good,0.74,0.3,0.81,0.74,0.7,0.73,0.94,0.92,0.97,,,0.511,0.489,0,0.421,0.225,0.016,0.092,0.099,0.883,0.322,0.755,0.007,0.038,0.921,0.007,0.011,0.016,0,N<5,0.392,0,0,0.549,0.2,0.022,0.027,0.896,0.006,0.002,0.027,0.013,0.095,0.847,0.006,0.003,0.027,5,0.667,0.918,0.671,0.959,0.94,N/A,N/A,0.99,N/A,N/A
,,,32K145,P.S. 145 Andrew Jackson,Elementary,389,0.42,0.33,Fair,Good,Excellent,0.78,0.8,0.71,0.8,0.81,0.84,0.97,0.92,0.98,,,0.481,0.519,0,0.211,0.334,0.01,0.129,0.165,0.909,0.206,0.841,0.003,0.09,0.877,0.003,0.005,0.013,N<5,0.102,0.525,0,0,0.322,0.3,0.006,0.144,0.78,0.006,0.003,0.046,0.013,0.095,0.847,0.006,0.003,0.027,4.2,0.678,0.902,0.631,0.953,1,0,0,0.93,0,0.07
,,,32K151,P.S. 151 Lyndon B. Johnson,Elementary,242,0.52,0.43,Good,Good,Excellent,0.83,0.91,0.86,0.78,0.81,0.77,0.96,0.94,0.96,,,0.475,0.525,0,0.467,0.145,0,0.132,0.004,0.874,0.335,0.661,0.021,0.062,0.876,0.004,0.008,0.021,N<5,0,0.632,0,0,0.316,0.3,0.017,0.115,0.841,0.003,0.001,0.013,0.013,0.095,0.847,0.006,0.003,0.027,10,0.5,0.926,0.743,0.97,0.97,N/A,N/A,0.94,N/A,N/A
,,,32K162,J.H.S. 162 The Willoughby,Middle,305,0.47,0.31,Good,Excellent,Excellent,0.83,0.93,0.72,0.89,0.74,0.95,0.98,0.87,0.98,2.35,2.14,0.456,0.544,0,0.4,0.193,0.023,0.069,0.089,0.9,0.416,0.672,0.013,0.043,0.908,0.007,0.013,0.013,N<5,0.135,0.324,0,0,0.405,0.4,0.038,0.037,0.848,0.01,0.008,0.045,0.02,0.145,0.789,0.006,0.004,0.024,9.1,0.622,0.935,0.8,0.969,0.58,N/A,N/A,0.98,N/A,N/A
,,,32K274,P.S. 274 Kosciusko,Elementary,301,0.39,0.31,Fair,Good,Excellent,0.85,1,0.83,0.91,0.86,0.89,0.97,0.92,0.97,,,0.472,0.528,0,0.532,0.176,0.053,0.02,0.066,0.946,0.472,0.774,0.003,0.116,0.847,0.013,0,0.01,N<5,N<5,0.464,0,0,0.393,0.3,0.02,0.186,0.719,0.005,0,0.061,0.013,0.095,0.847,0.006,0.003,0.027,18.1,0.714,0.89,0.547,0.959,0.55,N/A,N/A,0.97,N/A,N/A
,,,32K291,J.H.S. 291 Roland Hayes,Middle,310,0.42,0.23,Fair,Good,Good,0.8,0.9,0.64,0.94,0.69,0.91,0.94,0.89,0.95,2.21,2.1,0.452,0.548,0,0.474,0.203,0.006,0.094,0.087,0.919,0.41,0.745,0.013,0.077,0.881,0.006,0,0.006,0,0.5,0.281,0,0,0.188,0.3,0.016,0.106,0.847,0.005,0.001,0.019,0.02,0.145,0.789,0.006,0.004,0.024,1.2,0.875,0.891,0.663,0.961,0.91,N/A,N/A,0.8,N/A,N/A
,,,32K299,P.S. 299 Thomas Warren Field,Elementary,174,0.47,0.39,Fair,Good,Good,0.86,0.75,0.85,0.83,0.87,0.86,0.95,0.89,0.96,,,0.506,0.494,0,0.368,0.201,0.017,0.057,0.103,> 95%,0.448,0.81,0.006,0.328,0.626,0,0,0.034,N<5,0.35,0.4,0,0,N<5,0.3,0.018,0.265,0.648,0.01,0.002,0.037,0.013,0.095,0.847,0.006,0.003,0.027,6,0.45,0.903,0.635,0.976,0.87,N/A,N/A,0.71,N/A,N/A
,,,32K347,I.S. 347 School of Humanities,Middle,227,0.35,0.25,Fair,Good,Fair,0.72,0.9,0.56,0.72,0.65,0.85,0.93,0.78,0.86,2.5,2.29,0.524,0.476,0,0.366,0.198,0.013,0.097,0.079,0.872,0.278,0.705,0.004,0.07,0.903,0.004,0,0.018,0,N<5,0.308,N<5,0,0.5,0.4,0.012,0.055,0.9,0.005,0.006,0.017,0.02,0.145,0.789,0.006,0.004,0.024,1,0.962,0.917,0.702,0.944,0.96,N/A,N/A,0.83,0,0.17
,,,32K349,"I.S. 349 Math, Science & Tech.",Middle,200,0.42,0.33,Fair,Fair,Good,0.75,0.88,0.61,0.85,0.67,0.89,0.92,0.8,0.92,2.56,2.37,0.395,0.605,0,0.295,0.215,0.01,0.085,0.11,0.89,0.335,0.75,0.01,0.1,0.825,0.025,0.015,0.025,N<5,0.233,0.433,0,0,0.233,0.4,0.012,0.063,0.892,0.005,0.005,0.017,0.02,0.145,0.789,0.006,0.004,0.024,5.1,0.8,0.889,0.588,0.953,1,0,0,0.85,0,0.15
,,,32K376,P.S. 376,Elementary,523,0.63,0.62,Good,,Fair,,,,,,,0.88,0.87,0.92,,,0.478,0.522,0,0.272,0.172,0.04,0.055,0.023,0.786,0.178,0.637,0.025,0.069,0.803,0.011,0.002,0.082,N<5,N<5,0.474,0,0,0.316,0.3,0.014,0.092,0.854,0.003,0.001,0.026,0.013,0.095,0.847,0.006,0.003,0.027,4.2,0.579,0.91,0.689,0.957,0.96,N/A,N/A,0.98,N/A,N/A
,,,32K377,P.S. 377 Alejandrina B. De Gautier,Elementary,158,0.42,0.35,Fair,Good,Excellent,0.79,,0.81,0.91,0.8,0.88,0.95,0.95,0.96,,,0.481,0.519,0,0.462,0.209,0.044,0.013,0.133,0.89,0.43,0.639,0.013,0.114,0.867,0,0,0.006,0,N<5,0.571,0,0,N<5,0.2,0.004,0.16,0.806,0.006,0,0.017,0.013,0.095,0.847,0.006,0.003,0.027,3.1,0.667,0.89,0.579,0.946,0.9,N/A,N/A,0.99,N/A,N/A
,,,32K383,J.H.S. 383 Philippa Schuyler,Middle,742,0.4,0.46,Fair,Good,Fair,0.69,0.87,0.57,0.57,0.66,0.54,0.87,0.83,0.9,2.8,2.61,0.536,0.464,0,0.151,0.198,0.023,0.102,0.062,0.849,0.152,0.753,0.026,0.263,0.67,0.003,0.001,0.02,0.097,0.323,0.194,0,0,0.339,0.6,0.022,0.082,0.859,0.005,0.004,0.017,0.02,0.145,0.789,0.006,0.004,0.024,1.2,0.79,0.914,0.692,0.947,0.7,N/A,N/A,0.98,N/A,N/A
,,,32K384,P.S. /I.S. 384 Frances E. Carter,K-8,324,0.41,0.26,Fair,Good,Good,0.74,0.85,0.63,0.91,0.69,0.84,0.95,0.9,0.93,,,0.506,0.494,0,0.287,0.256,0.022,0.077,0.139,0.92,0.216,0.827,0.003,0.12,0.864,0,0.003,0.006,0,0.114,0.318,0,0,0.545,0.3,0.006,0.16,0.793,0.003,0.003,0.029,0.013,0.139,0.808,0.005,0.003,0.024,0.1,0.773,0.906,0.642,0.963,0.95,N/A,N/A,0.98,N/A,N/A
,,,32K554,All City Leadership Secondary School,Middle,178,0.54,0.8,Excellent,Excellent,Good,0.76,0.9,0.73,0.8,0.71,0.87,0.95,0.87,0.95,3.49,3.39,0.506,0.494,0,0.039,0.14,0,0.124,0.011,0.709,0.07,0.622,0.084,0.152,0.601,0.006,0,0.118,N<5,0.208,0.333,0,0,0.292,0.7,0.029,0.086,0.827,0.005,0.003,0.039,0.02,0.145,0.789,0.006,0.004,0.024,5.1,0.5,0.942,0.86,0.957,0.95,N/A,N/A,0.94,N/A,N/A
,,,32K562,Evergreen Middle School for Urban Exploration,Middle,353,0.51,0.4,Good,Excellent,Excellent,0.84,0.9,0.82,0.81,0.8,0.86,0.96,0.9,0.96,2.43,2.38,0.439,0.561,0,0.331,0.207,0.006,0.136,0.062,0.912,0.331,0.756,0.003,0.116,0.858,0,0.003,0.014,N<5,0.132,0.237,0,0,0.474,0.6,0.017,0.284,0.655,0.004,0.002,0.031,0.02,0.145,0.789,0.006,0.004,0.024,11.3,0.526,0.954,0.882,0.97,0.94,N/A,N/A,0.99,N/A,N/A
,,,84K037,Beginning with Children Charter School II,K-8,540,0.32,0.54,Good,Excellent,Excellent,0.78,0.79,0.7,0.89,0.71,0.9,0.97,0.91,0.98,,,0.522,0.478,0,0.187,0.283,0.019,0.219,0.028,0.869,0.134,0.806,0.007,0.163,0.787,0.006,0.002,0.024,N<5,0.327,0.327,0,0,0.307,1.1,0.035,0.286,0.516,0.009,0.003,0.121,0.032,0.222,0.523,0.006,0.002,0.179,7.4,0.84,0.92,0.723,0.81,N/A,N/A,N/A,N/A,N/A,N/A
,,,84K125,Success Academy Charter School - Bed Stuy 2,Elementary,375,0.74,0.69,Excellent,,,,,,,,,,,,,,0.541,0.459,0,0.067,0.187,0.003,0.144,0.008,0.83,0.147,0.755,0.008,0.667,0.264,0.011,0.008,0.011,N<5,N<5,N<5,N<5,N<5,N<5,1.6,0.032,0.318,0.486,0.009,0.004,0.116,0.035,0.22,0.475,0.006,0.002,0.221,,,N<15,N<15,,N/A,N/A,N/A,N/A,N/A,N/A
,,,84K129,Success Academy Charter School - Cobble Hill,Elementary,367,0.91,0.87,Excellent,,,,,,,,,,,,,,0.493,0.504,0.003,0.046,0.232,0.003,0.199,0.014,0.59,0.068,0.526,0.128,0.362,0.256,0.005,0.003,0.185,N<5,N<5,N<5,N<5,N<5,N<5,1.5,0.071,0.178,0.211,0.005,0.001,0.441,0.172,0.078,0.344,0.003,0.001,0.335,,,N<15,N<15,,N/A,N/A,N/A,N/A,N/A,N/A
,,,84K182,Success Academy Charter School - Williamsburg,Elementary,289,0.9,0.86,Excellent,,,,,,,,,,,,,,0.488,0.512,0,0.062,0.201,0,0.149,0.014,0.717,0.118,0.626,0.055,0.19,0.457,0,0,0.163,N<5,N<5,N<5,N<5,N<5,N<5,1.2,0.059,0.193,0.503,0.005,0.002,0.195,0.035,0.22,0.475,0.006,0.002,0.221,,,N<15,N<15,,N/A,N/A,N/A,N/A,N/A,N/A
,,,84K333,Explore Exceed Charter School,K-8,367,,,,,,0.65,0.7,0.44,0.66,0.54,0.63,,,,,,0.49,0.51,0,0.095,0.322,0.038,0.131,0.125,0.857,0.125,0.826,0.014,0.722,0.232,0.005,0,0.008,N<5,0.5,0.167,0,0,0.231,1.2,0.046,0.423,0.186,0.009,0.006,0.266,0.014,0.716,0.186,0.014,0.006,0.04,3.5,0.786,0.903,0.644,0.954,N/A,N/A,N/A,N/A,N/A,N/A
,,,84K355,Williamsburg Collegiate Charter School,Middle,226,0.58,0.63,Good,Fair,Good,0.67,0.69,0.52,0.65,0.69,0.59,0.95,0.81,0.92,2.83,2.77,0.535,0.465,0,0.049,0.195,0.031,0.133,0.018,0.844,0.155,0.761,0.013,0.341,0.597,0.009,0,0.022,N<5,0.444,0.139,0,0,0.306,1.5,0.065,0.31,0.474,0.009,0.001,0.113,0.033,0.256,0.537,0.007,0.002,0.137,,,0.897,0.604,,N/A,N/A,N/A,N/A,N/A,N/A
,,,84K356,Achievement First Crown Heights Charter School,K-8,710,0.4,0.48,Fair,,,,,,,,,,,,,,0.503,0.497,0,0.035,0.168,0.007,0.12,0.006,0.775,0.082,0.709,0,0.906,0.058,0.006,0.003,0.015,0.043,0.632,0.145,0,0,0.179,0.9,0.013,0.762,0.151,0.014,0.006,0.034,0.014,0.716,0.186,0.014,0.006,0.04,10,0.87,0.896,0.598,0.95,N/A,N/A,N/A,N/A,N/A,N/A
,,,84K357,KIPP Always Mentally Prepared Charter School,K-8,891,0.57,0.54,Good,,,,,,,,,,,,,,0.522,0.478,0,0.021,0.192,0.016,0.152,0.008,0.824,0.11,0.768,0.004,0.795,0.122,0.034,0.006,0.017,N<5,0.577,0.175,0,0,0.103,1,0.018,0.702,0.18,0.012,0.008,0.053,0.014,0.716,0.186,0.014,0.006,0.04,5,0.68,0.904,0.654,,N/A,N/A,N/A,N/A,N/A,N/A
,,,84K358,Achievement First East New York Charter School,K-8,669,0.41,0.46,Fair,,,,,,,,,,,,,,0.523,0.474,0.003,0.048,0.143,0.004,0.109,0.006,0.835,0.081,0.743,0.012,0.731,0.214,0.012,0.004,0.004,N<5,0.481,0.13,N<5,N<5,0.37,0.7,0.011,0.65,0.297,0.009,0.005,0.016,0.079,0.426,0.451,0.017,0.004,0.014,4,0.61,0.888,0.563,0.96,N/A,N/A,N/A,N/A,N/A,N/A
,,,84K360,Launch Expeditionary Learning Charter School,Middle,262,0.55,0.5,Good,Fair,Excellent,0.76,0.9,0.54,0.82,0.72,0.84,0.98,0.98,1,2.55,2.38,0.492,0.508,0,0.038,0.317,0,0.187,0.107,0.88,0.221,0.84,0.015,0.763,0.179,0.008,0,0.027,N<5,0.547,0.151,N<5,N<5,0.264,0.9,0.021,0.711,0.191,0.01,0.008,0.037,0.011,0.604,0.322,0.011,0.006,0.032,2,0.82,0.879,0.533,0.93,N/A,N/A,N/A,N/A,N/A,N/A
,,,84K362,Hellenic Classical Charter School,K-8,497,0.56,0.71,Good,Excellent,Excellent,0.88,0.96,0.84,0.88,0.81,0.92,0.97,0.93,0.96,,,0.523,0.477,0,0.046,0.173,0.139,0.004,0,0.507,0.03,0.435,0.05,0.078,0.441,0.006,0.002,0.406,N<5,N<5,0.17,0,0,0.736,2,0.219,0.134,0.333,0.005,0.002,0.261,0.146,0.093,0.371,0.003,0.001,0.324,16,0.8,0.95,0.892,0.95,N/A,N/A,N/A,N/A,N/A,N/A
,,,84K367,Success Academy Charter School - Bed Stuy 1,Middle,701,0.76,0.93,Excellent,,,,,,,,,,,,3.29,3.53,0.504,0.496,0,0.01,0.207,0,0.144,0.017,0.738,0.078,0.643,0.038,0.546,0.337,0.008,0.004,0.027,N<5,N<5,N<5,N<5,N<5,N<5,1.8,0.034,0.374,0.468,0.009,0.003,0.087,0.033,0.256,0.537,0.007,0.002,0.137,,,N<15,N<15,,N/A,N/A,N/A,N/A,N/A,N/A
,,,84K379,Explore Excel Charter School,K-8,567,0.55,0.49,Good,Good,Excellent,0.75,0.87,0.51,0.82,0.67,0.84,0.97,0.92,0.97,,,0.459,0.541,0,0.09,0.132,0.012,0.083,0.021,0.783,0.106,0.735,0.005,0.891,0.058,0.018,0.002,0.014,N<5,0.48,0.176,0,N<5,0.255,0.8,0.019,0.826,0.089,0.013,0.004,0.034,0.015,0.834,0.092,0.013,0.003,0.029,3.5,0.88,0.939,0.817,0.93,N/A,N/A,N/A,N/A,N/A,N/A
,,,84K406,"EMBER Charter School for Mindful Education, Innovation and Transformation",K-8,332,0.54,0.5,Good,Good,Good,0.83,0.91,0.72,0.83,0.78,0.79,0.97,0.89,0.95,,,0.524,0.476,0,0.084,0.28,0,0.244,0.006,0.803,0.138,0.758,0.006,0.792,0.163,0.012,0.006,0.009,N<5,0.741,0.148,N<5,N<5,0.093,1.2,0.019,0.537,0.357,0.011,0.005,0.049,0.013,0.628,0.297,0.01,0.006,0.031,,,0.878,0.543,,N/A,N/A,N/A,N/A,N/A,N/A
,,,84K508,Achievement First Endeavor Charter School,K-8,679,0.53,0.51,Fair,,,,,,,,,,,,,,0.499,0.501,0,0.01,0.189,0.004,0.153,0.001,0.789,0.103,0.713,0.003,0.845,0.118,0.009,0.003,0.012,N<5,0.6,0.183,N<5,N<5,0.183,2.1,0.047,0.366,0.271,0.009,0.004,0.248,0.045,0.462,0.197,0.013,0.005,0.221,3,0.72,0.884,0.534,0.96,N/A,N/A,N/A,N/A,N/A,N/A
,,,84K517,Leadership Preparatory Bedford Stuyvesant Charter School,K-8,654,0.51,0.51,Good,,,,,,,,,,,,,,0.495,0.505,0,0.057,0.154,0.106,0.006,0.011,0.845,0.121,0.727,0.04,0.763,0.13,0.023,0.011,0.017,0.078,0.555,0.07,N<5,0,0.234,1,0.032,0.568,0.233,0.013,0.005,0.109,0.045,0.462,0.197,0.013,0.005,0.221,,,0.899,0.609,,N/A,N/A,N/A,N/A,N/A,N/A
,,,84K536,Community Roots Charter School,K-8,465,0.61,0.67,Good,Excellent,Excellent,0.83,0.96,0.82,0.9,0.78,0.87,0.97,0.94,0.97,,,0.437,0.563,0,0.026,0.312,0.006,0.249,0.011,0.326,0.019,0.243,0.067,0.213,0.142,0.002,0.002,0.467,0.1,0.2,0.113,N<5,N<5,0.538,1,0.062,0.298,0.263,0.008,0.003,0.291,0.045,0.462,0.197,0.013,0.005,0.221,14,0.82,0.977,0.983,0.97,N/A,N/A,N/A,N/A,N/A,N/A
,,,84K538,Achievement First Bushwick Charter School,K-8,925,0.54,0.54,Good,,,,,,,,,,,,,,0.486,0.514,0,0.246,0.254,0.002,0.122,0.091,0.823,0.098,0.741,0.011,0.223,0.737,0.004,0.001,0.018,0.078,0.359,0.291,0,0,0.272,0.9,0.028,0.132,0.768,0.005,0.002,0.05,0.013,0.139,0.808,0.005,0.003,0.024,6,0.7,0.916,0.683,0.96,N/A,N/A,N/A,N/A,N/A,N/A
,,,84K593,Excellence Boys Charter School of Bedford Stuyvesant,K-8,428,0.47,0.53,Good,,,,,,,,,,,,,,0.002,0.998,0,0.044,0.217,0.129,0.021,0.005,0.831,0.136,0.777,0.04,0.801,0.1,0.019,0.002,0.014,N<5,0.761,0.104,0,0,N<5,1.3,0.017,0.488,0.421,0.01,0.004,0.04,0.013,0.628,0.297,0.01,0.006,0.031,,,0.899,0.635,,N/A,N/A,N/A,N/A,N/A,N/A
,,,84K608,Kings Collegiate Charter School,K-8,694,0.68,0.61,Good,,,,,,,,,,,,,,0.486,0.514,0,0.027,0.118,0.072,0.004,0.004,0.774,0.109,0.738,0.001,0.886,0.075,0.009,0.006,0.009,0.054,0.546,0.077,0,0,0.262,1,0.009,0.761,0.179,0.013,0.003,0.019,0.015,0.834,0.092,0.013,0.003,0.029,,,0.926,0.739,,N/A,N/A,N/A,N/A,N/A,N/A
,,,84K626,Achievement First Brownsville Charter School,K-8,657,0.45,0.45,Fair,,,,,,,,,,,,,,0.496,0.504,0,0.093,0.145,0,0.128,0.003,0.869,0.151,0.757,0,0.781,0.18,0.009,0.006,0.006,N<5,0.607,0.095,N<5,N<5,0.262,0.6,0.01,0.62,0.322,0.01,0.004,0.019,0.008,0.689,0.264,0.011,0.003,0.012,3.3,0.77,0.885,0.566,0.96,N/A,N/A,N/A,N/A,N/A,N/A
,,,84K648,Bedford Stuyvesant Collegiate Charter School,Middle,309,0.59,0.58,Good,,,,,,,,,,,,2.63,2.52,0.57,0.43,0,0.146,0.207,0.039,0.139,0.013,0.799,0.174,0.707,0.01,0.586,0.362,0.01,0.003,0.016,N<5,0.683,N<5,0,0,0.195,1.3,0.022,0.456,0.457,0.009,0.005,0.035,0.011,0.604,0.322,0.011,0.006,0.032,,,0.904,0.662,,N/A,N/A,N/A,N/A,N/A,N/A
,,,84K649,La Cima Charter School,Elementary,189,0.53,0.46,Good,Fair,Good,0.75,,0.68,0.71,0.71,0.77,0.95,0.87,0.93,,,0.487,0.513,0,0.349,0.222,0.011,0.159,0.016,0.855,0.201,0.757,0.016,0.434,0.487,0.016,0,0.016,N<5,0.526,0.211,N<5,N<5,0.237,0.9,0.02,0.461,0.406,0.012,0.005,0.068,0.011,0.617,0.281,0.009,0.008,0.05,4,0.09,,N<15,0.85,N/A,N/A,N/A,N/A,N/A,N/A
,,,84K651,PAVE Academy Charter School,K-8,432,0.62,0.5,Good,,,,,,,,,,,,,,0.519,0.481,0,0.176,0.252,0.005,0.197,0.014,0.919,0.144,0.873,0.005,0.356,0.611,0.002,0,0.021,N<5,0.455,0.195,0,0,0.234,0.3,0.031,0.337,0.415,0.008,0.001,0.16,0.146,0.093,0.371,0.003,0.001,0.324,3,0.63,0.899,0.593,0.96,N/A,N/A,N/A,N/A,N/A,N/A
,,,84K652,Brooklyn Ascend Charter School,K-8,929,0.46,0.52,Good,,,,,,,,,,,,,,0.511,0.489,0,0.008,0.131,0.01,0.09,0.006,0.842,0.123,0.78,0.003,0.898,0.057,0.016,0.004,0.006,0,0.699,0.113,N<5,0,0.135,0.5,0.009,0.759,0.183,0.013,0.002,0.017,0.015,0.834,0.092,0.013,0.003,0.029,10,0.73,0.94,0.82,0.8,N/A,N/A,N/A,N/A,N/A,N/A
,,,84K680,Achievement First Aspire Charter School,K-8,602,0.5,0.51,Fair,,,,,,,,,,,,,,0.551,0.449,0,0.038,0.136,0.002,0.108,0.008,0.821,0.11,0.773,0.02,0.766,0.161,0.023,0.012,0.005,N<5,0.803,0.091,0,N<5,0.076,0.7,0.07,0.573,0.316,0.013,0.006,0.012,0.079,0.426,0.451,0.017,0.004,0.014,2.7,0.51,0.891,0.581,0.94,N/A,N/A,N/A,N/A,N/A,N/A
,,,84K701,Brooklyn Charter School,Elementary,203,0.48,0.46,Good,Good,Excellent,0.85,,0.78,0.9,0.94,0.93,0.96,0.93,0.96,,,0.502,0.498,0,0.069,0.222,0.025,0.158,0.02,0.901,0.232,0.857,0.01,0.724,0.236,0.01,0,0.015,N<5,N<5,N<5,0,0,N<5,1.2,0.034,0.373,0.429,0.011,0.004,0.113,0.035,0.22,0.475,0.006,0.002,0.221,19,0.79,0.876,0.478,0.94,N/A,N/A,N/A,N/A,N/A,N/A
,,,84K702,Community Partnership Charter School,K-8,409,0.55,0.69,Excellent,,,,,,,,,,,,,,0.501,0.499,0,0.076,0.208,0.01,0.164,0.007,0.882,0.188,0.844,0.005,0.621,0.264,0.095,0.002,0.007,0.064,0.641,0.09,0,0,0.192,1.1,0.045,0.413,0.287,0.011,0.004,0.189,0.045,0.462,0.197,0.013,0.005,0.221,8,0.84,0.891,0.553,0.84,N/A,N/A,N/A,N/A,N/A,N/A
,,,84K704,Explore Charter School,K-8,527,0.56,0.56,Good,Good,Good,0.77,0.94,0.6,0.8,0.65,0.88,0.96,0.92,0.94,,,0.55,0.45,0,0.123,0.163,0.017,0.102,0.006,0.812,0.12,0.765,0.008,0.736,0.211,0.009,0.004,0.021,N<5,0.64,0.133,N<5,0,0.133,0.6,0.022,0.647,0.196,0.015,0.006,0.075,0.014,0.716,0.186,0.014,0.006,0.04,2.5,0.88,0.945,0.848,0.94,N/A,N/A,N/A,N/A,N/A,N/A
,,,84K707,Brooklyn Prospect Charter School - CSD 15,Middle,23,0.67,0.83,Excellent,,,,,,,,,,,,,,0.435,0.565,0,0.087,0.261,0.13,0.087,0,0.55,0.043,0.478,0.13,0.13,0.348,0,0,0.348,0,N<5,0,0,0,N<5,1,0.353,0.016,0.548,0.003,0.003,0.067,0.109,0.1,0.431,0.003,0.003,0.303,,,0.995,1,,N/A,N/A,N/A,N/A,N/A,N/A
,,,84K710,Brownsville Collegiate Charter School,K-8,103,0.66,0.81,Excellent,,Good,,,,,,,0.93,0.95,0.96,,,0.495,0.505,0,0.058,0.252,0.136,0.049,0.029,0.841,0.097,0.748,0.01,0.553,0.369,0.019,0,0.019,0,0.444,0.278,0,0,N<5,2,0.038,0.262,0.527,0.008,0.003,0.131,0.032,0.222,0.523,0.006,0.002,0.179,,,0.903,0.67,,N/A,N/A,N/A,N/A,N/A,N/A
,,,84K711,Leadership Preparatory Brownsville Charter School,K-8,651,0.59,0.52,Good,,,,,,,,,,,,,,0.519,0.481,0,0.038,0.164,0.088,0.045,0.009,0.901,0.198,0.851,0.002,0.803,0.161,0.015,0.003,0.002,N<5,0.679,0.071,0,0,0.131,0.8,0.008,0.749,0.197,0.013,0.002,0.016,0.008,0.689,0.264,0.011,0.003,0.012,7,0.65,0.895,0.603,0.95,N/A,N/A,N/A,N/A,N/A,N/A
,,,84K712,Excellence Girls Charter School,K-8,382,0.58,0.55,Good,,,,,,,,,,,,,,0.997,0.003,0,0.034,0.134,0.102,0,0.01,0.83,0.114,0.722,0.037,0.804,0.118,0.013,0.003,0.018,0.085,0.594,0.075,0,0,0.16,1.7,0.023,0.408,0.484,0.009,0.004,0.052,0.013,0.628,0.297,0.01,0.006,0.031,,,0.891,0.604,,N/A,N/A,N/A,N/A,N/A,N/A
,,,84K724,Leadership Preparatory Canarsie Charter School,K-8,793,0.57,0.56,Good,,,,,,,,,,,,,,0.516,0.484,0,0.024,0.135,0.087,0.005,0.008,0.731,0.084,0.683,0,0.898,0.071,0.015,0.001,0.005,N<5,0.62,0.101,N<5,N<5,0.152,0.9,0.014,0.784,0.138,0.014,0.006,0.029,0.015,0.834,0.092,0.013,0.003,0.029,,,0.916,0.72,,N/A,N/A,N/A,N/A,N/A,N/A
,,,84K730,Summit Academy Charter School,Middle,91,0.49,0.45,Good,,,,,,,,,,,,2.55,2.35,0.363,0.637,0,0.505,0.176,0,0.154,0.011,> 95%,0.359,0.842,0,0.209,0.769,0.011,0,0,N<5,0.5,0.16,N<5,N<5,0.28,2.3,0.104,0.154,0.35,0.005,0.002,0.326,0.109,0.1,0.431,0.003,0.003,0.303,17,0.64,0.874,0.51,0.95,N/A,N/A,N/A,N/A,N/A,N/A
,,,84K731,Brooklyn Excelsior Charter School,K-8,559,0.39,0.43,Fair,Fair,,0.69,0.81,0.44,0.7,0.58,0.69,,,,,,0.496,0.504,0,0.084,0.213,0.018,0.12,0.02,0.87,0.147,0.812,0.007,0.664,0.288,0.018,0.009,0.009,N<5,0.623,N<5,N<5,0,0.261,1.3,0.022,0.383,0.522,0.009,0.004,0.042,0.013,0.628,0.297,0.01,0.006,0.031,7,0.68,,,0.98,N/A,N/A,N/A,N/A,N/A,N/A
,,,84K736,New American Academy Charter School,Elementary,279,0.55,0.54,Good,Fair,Good,0.77,,0.73,0.79,0.77,0.75,0.96,0.91,0.95,,,0.538,0.462,0,0.061,0.197,0.111,0.054,0.011,0.713,0.143,0.634,0,0.853,0.108,0.004,0.004,0.014,0,0.564,0.179,0,N<5,0.205,1,0.011,0.78,0.158,0.011,0.003,0.02,0.022,0.797,0.108,0.013,0.003,0.043,13,0.83,0.915,0.663,0.96,N/A,N/A,N/A,N/A,N/A,N/A
,,,84K737,Brownsville Ascend Charter School,K-8,706,0.41,0.43,Fair,,,,,,,,,,,,,,0.497,0.503,0,0.028,0.174,0.001,0.144,0.01,0.896,0.122,0.841,0.011,0.833,0.126,0.006,0.001,0.011,N<5,0.671,0.137,0,0,0.164,0.6,0.011,0.705,0.237,0.012,0.005,0.018,0.008,0.689,0.264,0.011,0.003,0.012,10,0.7,0.928,0.737,0.85,N/A,N/A,N/A,N/A,N/A,N/A
,,,84K740,Brooklyn Scholars Charter School,K-8,728,0.41,0.42,Fair,,Good,,,,,,,0.9,0.88,0.94,,,0.526,0.474,0,0.077,0.137,0.015,0.08,0.008,0.84,0.08,0.79,0.038,0.661,0.273,0.014,0.004,0.004,N<5,0.559,0.118,N<5,0,0.221,0.4,0.098,0.575,0.284,0.014,0.003,0.011,0.079,0.426,0.451,0.017,0.004,0.014,3,0.78,,,0.99,N/A,N/A,N/A,N/A,N/A,N/A
,,,84K741,Success Academy Charter School - Crown Heights,K-8,812,1.2,0.97,Excellent,,,,,,,,,,,,,,0.547,0.453,0,0.028,0.191,0,0.139,0.02,0.775,0.085,0.714,0.001,0.841,0.096,0.009,0.004,0.017,N<5,N<5,N<5,N<5,N<5,N<5,1.2,0.024,0.663,0.175,0.013,0.006,0.083,0.014,0.716,0.186,0.014,0.006,0.04,,,N<15,N<15,,N/A,N/A,N/A,N/A,N/A,N/A
,,,84K742,Explore Empower Charter School,K-8,449,0.54,0.5,Good,Good,Excellent,0.79,0.92,0.57,0.85,0.67,0.87,0.96,0.95,0.95,,,0.501,0.499,0,0.065,0.247,0.038,0.169,0.002,0.876,0.183,0.813,0.011,0.824,0.109,0.031,0.002,0.007,N<5,0.571,0.229,0,0,N<5,0.5,0.01,0.737,0.198,0.01,0.009,0.023,0.014,0.716,0.186,0.014,0.006,0.04,3.3,0.92,0.924,0.717,0.94,N/A,N/A,N/A,N/A,N/A,N/A
,,,84K744,Coney Island Preparatory Public Charter School,K-8,968,0.5,0.48,Good,Fair,Excellent,0.74,0.82,0.64,0.81,0.7,0.76,0.93,0.93,0.97,,,0.493,0.507,0,0.127,0.241,0.026,0.164,0.006,0.893,0.075,0.826,0.059,0.415,0.348,0.012,0.004,0.142,0.084,0.476,0.144,N<5,0,0.272,1.4,0.245,0.09,0.242,0.008,0.002,0.398,0.277,0.082,0.25,0.007,0.002,0.367,1.5,0.63,0.874,0.526,0.96,N/A,N/A,N/A,N/A,N/A,N/A
,,,84K746,Hebrew Language Academy Charter School,K-8,648,0.52,0.48,Good,Good,Good,0.7,0.9,0.58,0.86,0.63,0.75,0.9,0.89,0.92,,,0.491,0.509,0,0.193,0.191,0.059,0.102,0.005,0.732,0.076,0.674,0.012,0.664,0.086,0.005,0.005,0.219,N<5,0.415,0.073,0,0,0.427,2.1,0.138,0.476,0.124,0.012,0.009,0.218,0.191,0.314,0.159,0.011,0.008,0.291,4,0.67,0.913,0.676,0.97,N/A,N/A,N/A,N/A,N/A,N/A
,,,84K756,Success Academy Charter School - Prospect Heights,Elementary,241,0.8,0.75,Excellent,,,,,,,,,,,,,,0.56,0.44,0,0.046,0.195,0.004,0.141,0.008,0.742,0.108,0.676,0.004,0.805,0.112,0,0.008,0.029,N<5,N<5,N<5,N<5,N<5,N<5,1.4,0.036,0.544,0.178,0.011,0.006,0.175,0.021,0.649,0.215,0.012,0.007,0.062,,,N<15,N<15,,N/A,N/A,N/A,N/A,N/A,N/A
,,,84K757,Unity Preparatory Charter School of Brooklyn,Middle,274,0.59,0.53,Good,,,,,,,,,,,,2.65,2.23,0.526,0.474,0,0.08,0.201,0.011,0.161,0.007,0.838,0.155,0.752,0.015,0.781,0.157,0.011,0.004,0.015,0,0,0,0,0,0,1.1,0.026,0.544,0.334,0.011,0.005,0.057,0.035,0.61,0.224,0.009,0.004,0.084,5,0.92,0.9,0.608,0.94,N/A,N/A,N/A,N/A,N/A,N/A
,,,84K758,Brooklyn Urban Garden Charter School,Middle,324,0.5,0.71,Excellent,Good,Good,0.8,0.74,0.76,0.77,0.69,0.78,0.93,0.92,0.94,3.29,3.25,0.42,0.58,0,0.019,0.312,0.003,0.247,0.003,0.268,0.022,0.21,0.037,0.096,0.231,0.003,0,0.522,N<5,0.204,0.296,0,0,0.426,1.1,0.137,0.065,0.354,0.005,0.002,0.387,0.109,0.1,0.431,0.003,0.003,0.303,9,0.87,0.944,0.878,0.94,N/A,N/A,N/A,N/A,N/A,N/A
,,,84K759,Canarsie Ascend Charter School,K-8,936,0.44,0.56,Good,,,,,,,,,,,,,,0.549,0.451,0,0.024,0.092,0.019,0.043,0.007,0.683,0.045,0.634,0.006,0.901,0.057,0.013,0.004,0.005,N<5,0.734,0.076,N<5,0,0.114,0.8,0.019,0.812,0.105,0.013,0.004,0.031,0.015,0.834,0.092,0.013,0.003,0.029,8,0.69,0.964,0.911,0.86,N/A,N/A,N/A,N/A,N/A,N/A
,,,84K766,Brooklyn Prospect Charter School - CSD 13.2,Elementary,480,0.64,0.71,Excellent,Good,Good,0.87,0.69,0.7,0.65,0.78,0.72,0.96,0.93,0.94,,,0.452,0.546,0.002,0.042,0.171,0.035,0.067,0.004,0.437,0.042,0.333,0.05,0.321,0.219,0.002,0,0.296,0.101,0.435,N<5,0,0,0.29,3.5,0.267,0.158,0.273,0.006,0.002,0.256,0.172,0.078,0.344,0.003,0.001,0.335,,,0.996,0.996,,N/A,N/A,N/A,N/A,N/A,N/A
,,,84K769,Hyde Leadership Charter School - Brooklyn,K-8,436,0.48,0.34,Fair,Fair,Good,0.68,0.83,0.48,0.8,0.58,0.75,0.94,0.85,0.96,,,0.514,0.486,0,0.092,0.229,0.06,0.126,0.009,0.917,0.156,0.883,0.002,0.67,0.31,0.009,0.002,0,N<5,0.628,0.154,0,0,0.167,0.5,0.009,0.614,0.335,0.011,0.005,0.014,0.079,0.426,0.451,0.017,0.004,0.014,13,0.66,0.896,0.563,,N/A,N/A,N/A,N/A,N/A,N/A
,,,84K772,Success Academy Charter School - Bensonhurst,Elementary,694,0.88,0.91,Excellent,,,,,,,,,,,,,,0.463,0.537,0,0.304,0.085,0,0.052,0,0.658,0.019,0.572,0.291,0.061,0.069,0.004,0.003,0.552,N<5,N<5,N<5,N<5,N<5,N<5,1,0.396,0.012,0.271,0.005,0.001,0.303,0.289,0.068,0.233,0.009,0.001,0.387,,,N<15,N<15,,N/A,N/A,N/A,N/A,N/A,N/A
,,,84K774,Achievement First Apollo Charter School,K-8,874,0.46,0.51,Fair,,,,,,,,,,,,,,0.514,0.486,0,0.1,0.108,0.005,0.078,0.006,0.791,0.084,0.721,0.073,0.492,0.394,0.016,0.002,0.014,N<5,0.554,0.143,N<5,0,0.25,0.7,0.065,0.333,0.559,0.017,0.003,0.013,0.079,0.426,0.451,0.017,0.004,0.014,2.5,0.74,0.899,0.623,0.96,N/A,N/A,N/A,N/A,N/A,N/A
,,,84K775,Leadership Preparatory Ocean Hill Charter School,K-8,712,0.63,0.56,Good,,,,,,,,,,,,,,0.525,0.475,0,0.063,0.159,0.117,0.017,0.006,0.869,0.135,0.714,0.01,0.742,0.215,0.008,0.007,0.004,0.047,0.484,0.148,N<5,N<5,0.227,0.8,0.01,0.595,0.352,0.01,0.003,0.016,0.008,0.689,0.264,0.011,0.003,0.012,,,0.9,0.609,,N/A,N/A,N/A,N/A,N/A,N/A
,,,84K777,Ocean Hill Collegiate Charter School,K-8,401,0.53,0.57,Good,,,,,,,,,,,,,,0.494,0.506,0,0.062,0.145,0.095,0.017,0.022,0.776,0.159,0.69,0.007,0.803,0.145,0.015,0,0.017,N<5,0.63,N<5,N<5,0,0.185,1.6,0.015,0.543,0.382,0.01,0.004,0.029,0.008,0.689,0.264,0.011,0.003,0.012,,,0.89,0.599,,N/A,N/A,N/A,N/A,N/A,N/A
,,,84K780,Brooklyn East Collegiate Charter School,Middle,11,,,,,,,,,,,,,,,2.66,2.61,0.636,0.364,0,0.273,0,0,0,0,0.775,0.182,0.727,0,0.636,0.182,0,0.091,0.091,N<5,N<5,N<5,N<5,N<5,N<5,,,,,,,,0.017,0.826,0.095,0.013,0.003,0.032,,,N<15,N<15,,N/A,N/A,N/A,N/A,N/A,N/A
,,,84K781,Success Academy Charter School - Bergen Beach,K-8,1073,0.84,0.81,Excellent,,,,,,,,,,,,,,0.527,0.473,0.001,0.03,0.154,0.001,0.103,0.001,0.669,0.051,0.614,0.046,0.763,0.066,0.016,0.006,0.075,N<5,N<5,N<5,N<5,N<5,N<5,1.9,0.091,0.619,0.117,0.014,0.006,0.128,0.191,0.314,0.159,0.011,0.008,0.291,,,N<15,N<15,,N/A,N/A,N/A,N/A,N/A,N/A
,,,84K782,Bedford Stuyvesant New Beginnings Charter School,K-8,727,0.65,0.74,Excellent,,,,,,,,,,,,,,0.514,0.486,0,0.274,0.223,0.004,0.19,0.006,0.903,0.231,0.806,0,0.404,0.59,0,0,0.006,0,0.414,0.117,0,0,0.108,0.5,0.014,0.415,0.501,0.012,0.004,0.037,0.013,0.628,0.297,0.01,0.006,0.031,6,0.86,0.905,0.648,0.94,N/A,N/A,N/A,N/A,N/A,N/A
,,,84K784,Achievement First North Brooklyn Preparatory Charter School,K-8,837,0.55,0.56,Good,,,,,,,,,,,,,,0.502,0.498,0,0.275,0.18,0.006,0.123,0.002,0.819,0.106,0.737,0.008,0.096,0.863,0.004,0,0.027,0,0.5,0.328,0,0,0.172,0.7,0.024,0.167,0.758,0.005,0.002,0.032,0.013,0.139,0.808,0.005,0.003,0.024,3,0.71,0.909,0.686,0.94,N/A,N/A,N/A,N/A,N/A,N/A
,,,84K785,Imagine Me Leadership Charter School,K-8,225,0.77,0.54,Good,Fair,Excellent,0.78,0.85,0.53,0.78,0.7,0.75,0.97,0.95,0.99,,,0.182,0.818,0,0.058,0.182,0.053,0.067,0.009,0.826,0.102,0.769,0,0.724,0.227,0.018,0,0.004,0,0,N<5,0,0,0,0.8,0.017,0.666,0.27,0.013,0.007,0.016,0.079,0.426,0.451,0.017,0.004,0.014,,,N<15,N<15,,N/A,N/A,N/A,N/A,N/A,N/A
,,,84K788,Achievement First Linden Charter School,K-8,648,0.39,0.36,Fair,,,,,,,,,,,,,,0.526,0.474,0,0.031,0.193,0.003,0.147,0.011,0.86,0.091,0.816,0.011,0.781,0.16,0.014,0.008,0.009,N<5,0.638,0.138,N<5,N<5,0.207,0.7,0.014,0.685,0.254,0.013,0.007,0.016,0.079,0.426,0.451,0.017,0.004,0.014,4,0.8,0.884,0.577,0.95,N/A,N/A,N/A,N/A,N/A,N/A
,,,84K789,Compass Charter School,Elementary,319,0.61,0.68,Excellent,Good,Excellent,0.84,,0.83,0.78,0.85,0.78,0.94,0.95,0.96,,,0.52,0.476,0.003,0.013,0.339,0.009,0.288,0.003,0.402,0.025,0.307,0.075,0.241,0.132,0.003,0.006,0.489,0,0,0,0,0,0,1,0.066,0.303,0.23,0.009,0.004,0.305,0.054,0.373,0.218,0.009,0.005,0.276,11,0.97,0.963,0.898,0.93,N/A,N/A,N/A,N/A,N/A,N/A
,,,84K790,Central Brooklyn Ascend Charter School,K-8,803,0.71,0.61,Good,,,,,,,,,,,,,,0.504,0.496,0,0.086,0.139,0.006,0.102,0.004,0.777,0.102,0.725,0.007,0.851,0.088,0.012,0.006,0.01,N<5,0.658,0.137,N<5,0,0.082,0.4,0.028,0.732,0.157,0.013,0.004,0.041,0.191,0.314,0.159,0.011,0.008,0.291,9,0.75,0.978,0.945,0.8,N/A,N/A,N/A,N/A,N/A,N/A
,,,84K791,Brooklyn Dreams Charter School,K-8,526,0.46,0.41,Fair,,,,,,,,,,,,,,0.494,0.506,0,0.181,0.192,0.03,0.089,0.048,0.777,0.097,0.732,0.101,0.616,0.2,0.01,0.006,0.049,0.162,0.338,N<5,0.074,0,0.353,1.1,0.286,0.193,0.24,0.011,0.003,0.24,0.191,0.314,0.159,0.011,0.008,0.291,9,0.327,0.917,0.719,0.948,N/A,N/A,N/A,N/A,N/A,N/A
,,,84K792,Cultural Arts Academy Charter School At Spring Creek,Elementary,236,0.4,0.42,Fair,Good,Excellent,0.82,1,0.91,0.87,0.93,0.94,0.97,0.93,0.95,,,0.5,0.5,0,0.136,0.119,0.038,0.051,0.004,0.76,0.165,0.699,0,0.78,0.186,0.008,0,0.008,N<5,0.71,0.161,0,0,N<5,1.2,0.01,0.74,0.201,0.011,0.004,0.02,0.022,0.797,0.108,0.013,0.003,0.043,23,0.85,0.806,0.612,0.95,N/A,N/A,N/A,N/A,N/A,N/A
,,,84K793,Bushwick Ascend Charter School,K-8,776,0.47,0.47,Good,,,,,,,,,,,,,,0.527,0.473,0,0.312,0.153,0.014,0.104,0.003,0.839,0.156,0.746,0.005,0.152,0.814,0.004,0.001,0.014,N<5,0.476,0.202,N<5,0,0.214,0.7,0.029,0.129,0.784,0.005,0.001,0.041,0.013,0.139,0.808,0.005,0.003,0.024,5.5,0.69,0.953,0.89,0.85,N/A,N/A,N/A,N/A,N/A,N/A
,,,84K803,Brooklyn Laboratory Charter School,Middle,11,,,,Fair,Fair,0.69,0.81,0.59,0.68,0.68,0.71,0.91,0.79,0.91,2.76,2.46,0.364,0.636,0,0,0.182,0.091,0.091,0,0.625,0.191,0.756,0,0.818,0.091,0.091,0,0,N<5,0.651,0.111,N<5,N<5,0.19,,,,,,,,0.035,0.61,0.224,0.009,0.004,0.084,3,0.43,N<15,N<15,0.9,N/A,N/A,N/A,N/A,N/A,N/A
,,,84K807,Collegiate Academy for Mathematics and Personal Awareness Charter School,Middle,96,0.87,0.79,Excellent,Excellent,Excellent,0.99,1,0.98,1,1,1,1,0.98,1,2.4,2.39,0.531,0.469,0,0.208,0.219,0.042,0.167,0.01,0.842,0.396,0.74,0.01,0.719,0.271,0,0,0,N<5,0.75,N<5,0,0,N<5,1.6,0.026,0.641,0.288,0.015,0.004,0.015,0.061,0.391,0.501,0.02,0.006,0.014,6,0.85,0.864,0.613,0.95,N/A,N/A,N/A,N/A,N/A,N/A
,,,84K876,Achievement First Voyager Charter School,Middle,158,0.58,0.57,Excellent,,,,,,,,,,,,2.78,2.38,0.475,0.525,0,0.032,0.215,0.006,0.19,0,0.762,0.165,0.703,0.019,0.829,0.12,0.006,0,0.025,N<5,0.556,N<5,0,0,0.333,1,0.018,0.687,0.206,0.015,0.005,0.046,0.015,0.737,0.188,0.018,0.005,0.025,1,0.98,0.896,0.602,0.98,N/A,N/A,N/A,N/A,N/A,N/A
,,,84K879,Brooklyn Prospect Charter School - CSD 13,K-8,728,0.52,0.76,Excellent,Good,Good,0.79,0.57,0.56,0.77,0.68,0.79,0.93,0.88,0.94,,,0.484,0.516,0,0.016,0.207,0.032,0.104,0.01,0.35,0.054,0.266,0.051,0.283,0.144,0.001,0,0.375,0.14,0.355,N<5,0,0,0.355,1.2,0.039,0.472,0.222,0.01,0.005,0.198,0.045,0.462,0.197,0.013,0.005,0.221,,,0.964,0.941,,N/A,N/A,N/A,N/A,N/A,N/A
,,,84K882,Success Academy Charter School - Bushwick,Elementary,526,1.08,0.89,Excellent,,,,,,,,,,,,,,0.538,0.462,0,0.462,0.188,0.002,0.131,0.004,0.807,0.108,0.719,0.027,0.169,0.726,0.01,0,0.038,N<5,N<5,N<5,N<5,N<5,N<5,0.7,0.023,0.14,0.775,0.005,0.002,0.04,0.013,0.095,0.847,0.006,0.003,0.027,,,N<15,N<15,,N/A,N/A,N/A,N/A,N/A,N/A
,,,84K883,Success Academy Charter School - Bed Stuy 3,Middle,416,0.65,0.83,Excellent,,,,,,,,,,,,3.2,3.3,0.543,0.457,0,0.017,0.164,0,0.132,0,0.772,0.099,0.678,0.017,0.414,0.503,0.006,0.003,0.046,N<5,N<5,N<5,N<5,N<5,N<5,1.8,0.028,0.413,0.461,0.008,0.004,0.065,0.011,0.604,0.322,0.011,0.006,0.032,,,N<15,N<15,,N/A,N/A,N/A,N/A,N/A,N/A
,,,84K886,Success Academy Charter School - Flatbush,Elementary,662,0.85,0.74,Excellent,,,,,,,,,,,,,,0.521,0.477,0.002,0.082,0.193,0.002,0.139,0.029,0.842,0.106,0.805,0.009,0.77,0.091,0.009,0.002,0.038,N<5,N<5,N<5,N<5,N<5,N<5,0.7,0.036,0.57,0.264,0.013,0.002,0.08,0.021,0.649,0.215,0.012,0.007,0.062,,,N<15,N<15,,N/A,N/A,N/A,N/A,N/A,N/A
,,,84K895,Hebrew Language Academy Charter School 2,Elementary,309,0.57,0.58,Good,Good,Excellent,0.9,0.85,0.86,0.89,0.93,0.94,0.97,0.93,0.96,,,0.518,0.482,0,0.337,0.181,0.023,0.107,0,0.812,0.097,0.77,0.029,0.152,0.269,0.003,0,0.537,0.094,0.208,0.113,0,0,0.566,1.7,0.375,0.031,0.258,0.007,0.001,0.318,0.289,0.068,0.233,0.009,0.001,0.387,5,0.73,0.9,0.581,0.95,N/A,N/A,N/A,N/A,N/A,N/A
,,,84K910,Cypress Hills Ascend Charter School,Elementary,400,0.57,0.54,Good,,,,,,,,,,,,,,0.545,0.455,0,0.225,0.15,0.013,0.113,0.005,0.847,0.113,0.793,0.068,0.14,0.745,0.03,0.005,0.008,N<5,0.523,0.159,0,0,N<5,0.5,0.354,0.103,0.483,0.029,0.004,0.019,0.119,0.332,0.501,0.017,0.003,0.019,4.5,0.38,0.932,0.78,0.78,N/A,N/A,N/A,N/A,N/A,N/A
,,,84K911,Edmund W. Gordon Brooklyn Laboratory Charter School,Middle,184,0.43,0.41,Fair,Needs Improvement,,0.61,0.63,0.5,0.61,0.62,0.49,,,,2.56,2.51,0.424,0.576,0,0.049,0.277,0.016,0.239,0.022,0.873,0.223,0.832,0.005,0.793,0.168,0.011,0,0.011,N<5,0.581,0.116,N<5,N<5,0.233,3.4,0.106,0.27,0.338,0.007,0.003,0.229,0.035,0.61,0.224,0.009,0.004,0.084,1,0.33,0.826,0.327,0.87,N/A,N/A,N/A,N/A,N/A,N/A
,,,84K927,Ivy Hill Preparatory Charter School,Elementary,241,0.47,0.46,Fair,,,,,,,,,,,,,,0.515,0.485,0,0.029,0.174,0.012,0.133,0.012,0.758,0.058,0.714,0.008,0.88,0.071,0.008,0.004,0.008,N<5,0.969,N<5,N<5,N<5,N<5,1.1,0.023,0.807,0.104,0.014,0.004,0.029,0.022,0.797,0.108,0.013,0.003,0.043,2,0.47,0.87,0.561,0.92,N/A,N/A,N/A,N/A,N/A,N/A
,,,84K928,Brooklyn Prospect Charter School - CSD 15.2,K-8,499,0.6,0.7,Good,,,,,,,,,,,,,,0.479,0.521,0,0.046,0.238,0.048,0.136,0.012,0.341,0.03,0.312,0.038,0.182,0.259,0,0,0.419,0.082,0.297,0.093,0,0,0.39,2.1,0.256,0.221,0.292,0.007,0.003,0.189,0.146,0.093,0.371,0.003,0.001,0.324,,,0.951,0.893,,N/A,N/A,N/A,N/A,N/A,N/A
,,,84K929,East Brooklyn Ascend Charter School,Elementary,131,0.62,0.56,Good,,,,,,,,,,,,,,0.595,0.405,0,0.214,0.137,0.015,0.115,0,0.889,0.107,0.832,0.008,0.443,0.504,0.008,0.008,0.008,N<5,0.556,0.278,N<5,N<5,N<5,0.6,0.078,0.288,0.592,0.019,0.002,0.011,0.119,0.332,0.501,0.017,0.003,0.019,6,0.77,0.953,0.867,0.89,N/A,N/A,N/A,N/A,N/A,N/A
,,,84K930,LEEP Dual Language Academy Charter School,Elementary,429,0.56,0.45,Good,Good,Excellent,0.81,0.55,0.92,0.82,0.86,0.82,0.98,0.93,0.97,,,0.566,0.434,0,0.522,0.217,0.035,0.126,0.007,0.861,0.212,0.786,0.014,0.035,0.888,0,0.002,0.054,0,N<5,0.943,0,0,0,0.5,0.447,0.009,0.493,0.002,0,0.042,0.172,0.078,0.344,0.003,0.001,0.335,3,0.43,0.978,0.967,0.97,N/A,N/A,N/A,N/A,N/A,N/A
,,,84K933,Flatbush Ascend Charter School,Elementary,309,0.53,0.51,Good,,,,,,,,,,,,,,0.528,0.472,0,0.049,0.178,0.006,0.126,0.006,0.801,0.126,0.738,0.006,0.809,0.117,0.013,0.003,0.016,0,0.867,N<5,0,0,N<5,0.6,0.023,0.602,0.253,0.014,0.003,0.07,0.021,0.649,0.215,0.012,0.007,0.062,7,0.52,0.932,0.807,0.84,N/A,N/A,N/A,N/A,N/A,N/A
,,,84K934,East Flatbush Ascend Charter School,Elementary,219,0.67,0.61,Excellent,,,,,,,,,,,,,,0.521,0.479,0,0.078,0.137,0,0.114,0.018,0.823,0.11,0.79,0,0.881,0.064,0.018,0,0.027,N<5,0.645,N<5,N<5,N<5,0.258,0.7,0.024,0.769,0.127,0.013,0.002,0.039,0.022,0.797,0.108,0.013,0.003,0.043,6,0.38,0.943,0.82,0.92,N/A,N/A,N/A,N/A,N/A,N/A
,,,84K937,Brooklyn RISE Charter School,Elementary,298,0.56,0.51,Good,Good,Excellent,0.87,0.77,0.73,0.88,0.87,0.91,0.98,0.95,0.99,,,0.466,0.534,0,0.386,0.188,0.003,0.141,0.007,0.883,0.252,0.795,0.077,0.141,0.735,0,0,0.034,0.111,0.267,0.267,0,0,0.333,3.5,0.113,0.277,0.319,0.007,0.003,0.228,0.172,0.078,0.344,0.003,0.001,0.335,,,N<15,N<15,,N/A,N/A,N/A,N/A,N/A,N/A
,,,84K956,Lamad Academy Charter School,Middle,168,0.46,0.4,Fair,,,,,,,,,,,,2.32,2.14,0.5,0.5,0,0.107,0.244,0.036,0.19,0.006,0.75,0.101,0.696,0.018,0.78,0.113,0.012,0,0.03,0,0.808,N<5,0,0,N<5,0.7,0.008,0.8,0.146,0.018,0.003,0.016,0.017,0.826,0.095,0.013,0.003,0.032,,,0.888,0.601,,N/A,N/A,N/A,N/A,N/A,N/A
,,,84M065,Democracy Preparatory Endurance Charter School,K-8,315,0.47,0.36,Fair,,Good,,,,,,,0.94,0.88,0.94,,,0.517,0.483,0,0.137,0.197,0.01,0.137,0.016,0.873,0.129,0.804,0.025,0.454,0.467,0.013,0.003,0.025,N<5,0.318,0.239,0,0,0.182,5.8,0.087,0.181,0.608,0.008,0.003,0.094,0.045,0.272,0.613,0.01,0.004,0.039,2,0.56,0.876,0.494,0.95,N/A,N/A,N/A,N/A,N/A,N/A
,,,84M068,KIPP NYC Washington Heights Academy Charter School,K-8,775,0.61,0.5,Good,,,,,,,,,,,,,,0.528,0.472,0,0.166,0.275,0.004,0.215,0.015,0.883,0.163,0.808,0.003,0.085,0.871,0.006,0,0.013,N<5,0.2,0.442,0,0,0.263,0.7,0.01,0.18,0.758,0.005,0.002,0.031,0.009,0.076,0.829,0.004,0.001,0.06,6,0.69,0.911,0.653,,N/A,N/A,N/A,N/A,N/A,N/A
,,,84M080,Manhattan Charter School II,Elementary,65,0.32,0.28,Needs Improvement,,,,,,,,,,,,,,0.508,0.492,0,0.108,0.446,0.338,0.046,0,0.927,0.138,0.892,0.015,0.446,0.523,0,0,0.015,N<5,0.208,N<5,N<5,N<5,0.625,0.2,0.292,0.156,0.364,0.008,0.003,0.116,0.065,0.161,0.563,0.006,0.004,0.154,8,0.5,0.872,0.517,,N/A,N/A,N/A,N/A,N/A,N/A
,,,84M085,Global Community Charter School,K-8,540,0.5,0.44,Fair,Fair,Fair,0.75,0.85,0.59,0.68,0.65,0.75,0.91,0.89,0.87,,,0.467,0.533,0,0.143,0.239,0.019,0.17,0.007,0.919,0.167,0.87,0.006,0.426,0.502,0.013,0.004,0.013,N<5,0.4,0.367,0,0,0.144,0.7,0.014,0.483,0.434,0.011,0.004,0.036,0.013,0.534,0.389,0.012,0.003,0.03,11.5,0.91,0.772,0.339,0.93,N/A,N/A,N/A,N/A,N/A,N/A
,,,84M100,Neighborhood Charter School of Harlem,K-8,615,0.47,0.54,Good,,,,,,,,,,,,,,0.511,0.489,0,0.161,0.389,0.002,0.252,0.099,0.848,0.141,0.784,0.018,0.413,0.532,0.005,0.003,0.008,0.041,0.372,0.207,0,0,0.262,0.6,0.012,0.391,0.515,0.01,0.003,0.05,0.009,0.076,0.829,0.004,0.001,0.06,1,0.54,0.914,0.697,0.72,N/A,N/A,N/A,N/A,N/A,N/A
,,,84M168,East Harlem Scholars Academy Charter School II,K-8,400,0.44,0.34,Fair,,,,,,,,,,,,,,0.468,0.533,0,0.143,0.273,0.013,0.205,0.025,0.92,0.17,0.868,0.035,0.333,0.598,0.015,0.003,0.01,0,0.533,0.233,0,N<5,0.117,0.5,0.046,0.315,0.555,0.011,0.004,0.049,0.045,0.272,0.613,0.01,0.004,0.039,3,0.52,0.878,0.517,0.91,N/A,N/A,N/A,N/A,N/A,N/A
,,,84M170,Success Academy Charter School - Hell's Kitchen,Elementary,481,0.93,0.93,Excellent,,,,,,,,,,,,,,0.497,0.503,0,0.17,0.183,0,0.143,0.002,0.665,0.164,0.588,0.202,0.202,0.391,0.044,0.004,0.127,N<5,N<5,N<5,N<5,N<5,N<5,2.5,0.156,0.085,0.286,0.006,0.003,0.392,0.237,0.065,0.23,0.006,0.002,0.383,,,N<15,N<15,,N/A,N/A,N/A,N/A,N/A,N/A
,,,84M174,Success Academy Charter School - Union Square,K-8,1074,0.88,0.96,Excellent,,,,,,,,,,,,,,0.532,0.468,0,0.066,0.164,0.001,0.133,0.006,0.581,0.08,0.503,0.285,0.205,0.294,0.008,0.002,0.153,N<5,N<5,N<5,N<5,N<5,N<5,2.3,0.201,0.101,0.349,0.005,0.002,0.279,0.238,0.083,0.24,0.005,0.003,0.357,,,N<15,N<15,,N/A,N/A,N/A,N/A,N/A,N/A
,,,84M202,Great Oaks Charter School,Middle,146,0.57,0.48,Good,Good,Good,0.78,0.84,0.58,0.82,0.75,0.81,0.94,0.91,0.94,2.62,2.37,0.507,0.493,0,0.116,0.281,0,0.253,0.014,0.884,0.21,0.803,0.014,0.315,0.623,0.021,0,0.014,N<5,0.23,N<5,0,0,0.164,1.6,0.269,0.113,0.304,0.004,0.002,0.248,0.214,0.094,0.255,0.005,0.003,0.361,2,0.97,0.974,0.955,0.94,N/A,N/A,N/A,N/A,N/A,N/A
,,,84M204,Capital Preparatory Harlem Charter School,Middle,58,0.48,0.48,Good,Needs Improvement,,0.5,0.7,0.44,0.65,0.53,0.62,,,,2.58,2.55,0.397,0.603,0,0.017,0.31,0.017,0.241,0,0.906,0.112,0.81,0,0.552,0.397,0.034,0.017,0,N<5,0.625,0.15,0,0,N<5,1.5,0.023,0.358,0.547,0.008,0.003,0.044,0.032,0.479,0.372,0.013,0.005,0.071,,,0.888,0.506,,N/A,N/A,N/A,N/A,N/A,N/A
,,,84M263,New York City Charter School of the Arts,Middle,236,0.55,0.62,Good,,Good,,,,,,,0.92,0.89,0.9,2.98,2.68,0.682,0.318,0,0.025,0.288,0,0.263,0.025,0.625,0.144,0.538,0.021,0.309,0.398,0.017,0,0.186,N<5,N<5,N<5,N<5,N<5,N<5,5.8,0.163,0.254,0.367,0.007,0.003,0.175,0.214,0.094,0.255,0.005,0.003,0.361,2,0.55,N<15,N<15,0.95,N/A,N/A,N/A,N/A,N/A,N/A
,,,84M265,Success Academy Charter School - Washington Heights,Elementary,534,0.9,0.83,Excellent,,,,,,,,,,,,,,0.528,0.47,0.002,0.077,0.197,0,0.155,0.002,0.81,0.135,0.728,0.009,0.213,0.7,0.011,0.002,0.032,N<5,N<5,N<5,N<5,N<5,N<5,1.7,0.009,0.158,0.759,0.007,0.002,0.045,0.009,0.082,0.809,0.004,0,0.072,,,N<15,N<15,,N/A,N/A,N/A,N/A,N/A,N/A
,,,84M279,Opportunity Charter School,Middle,130,0.32,0.22,Needs Improvement,,,,,,,,,,,,2.3,2.18,0.423,0.569,0.008,0.085,0.515,0,0.269,0.246,> 95%,0.166,0.904,0,0.485,0.485,0.023,0,0,N<5,0.439,0.121,0,0,0.394,2.9,0.042,0.282,0.517,0.007,0.003,0.123,0.05,0.232,0.369,0.005,0.003,0.281,8,0.91,0.949,0.789,0.93,N/A,N/A,N/A,N/A,N/A,N/A
,,,84M284,Harlem Children's Zone Promise Academy Charter School,K-8,921,0.55,0.57,Good,Good,Good,0.75,0.83,0.64,0.78,0.73,0.7,0.93,0.91,0.94,,,0.512,0.488,0,0.086,0.218,0.174,0.013,0.004,0.919,0.144,0.836,0.001,0.76,0.206,0.002,0.004,0.01,0.028,0.427,0.197,N<5,0,0.287,0.7,0.022,0.478,0.394,0.008,0.005,0.067,0.013,0.534,0.389,0.012,0.003,0.03,7,,0.972,0.953,0.94,N/A,N/A,N/A,N/A,N/A,N/A
,,,84M295,School in the Square Public Charter School,K-8,564,0.32,0.37,Fair,Good,Good,0.78,0.91,0.69,0.8,0.72,0.79,0.93,0.92,0.93,,,0.511,0.489,0,0.241,0.218,0.02,0.156,0.018,0.832,0.174,0.764,0.005,0.028,0.904,0.004,0,0.041,0.065,0.226,0.452,0,0,0.258,1.1,0.009,0.153,0.758,0.005,0.002,0.055,0.009,0.076,0.829,0.004,0.001,0.06,12,0.78,0.911,0.682,0.95,N/A,N/A,N/A,N/A,N/A,N/A
,,,84M320,Manhattan Charter School,Elementary,181,0.47,0.48,Fair,,,,,,,,,,,,,,0.519,0.481,0,0.099,0.276,0.215,0,0.006,0.926,0.271,0.818,0.039,0.293,0.624,0,0.011,0.006,N<5,0.154,0.231,N<5,N<5,0.59,0.5,0.261,0.147,0.429,0.004,0.003,0.104,0.065,0.161,0.563,0.006,0.004,0.154,8,0.84,0.882,0.548,,N/A,N/A,N/A,N/A,N/A,N/A
,,,84M329,Harlem Link Charter School,Elementary,346,0.54,0.48,Good,Good,,0.89,1,0.69,0.88,0.93,0.9,,,,,,0.467,0.533,0,0.116,0.368,0.012,0.264,0.046,0.912,0.182,0.864,0.003,0.62,0.319,0.017,0.006,0.029,0,0.577,0.192,0,0,0.212,1.3,0.048,0.331,0.443,0.01,0.003,0.131,0.075,0.154,0.352,0.005,0.001,0.35,3,0.75,,,0.94,N/A,N/A,N/A,N/A,N/A,N/A
,,,84M330,Girls Preparatory Charter School of New York,K-8,162,0.58,0.55,Good,Needs Improvement,Fair,0.57,0.82,0.48,0.66,0.47,0.59,0.89,0.89,0.8,,,0.994,0.006,0,0.012,0.278,0,0.253,0.012,0.913,0.161,0.839,0.006,0.525,0.401,0.019,0.006,0.031,N<5,0.233,N<5,0,0,0.6,1.5,0.244,0.11,0.323,0.004,0.002,0.256,0.172,0.149,0.46,0.005,0.003,0.153,,0.76,0.894,0.583,,N/A,N/A,N/A,N/A,N/A,N/A
,,,84M335,Harlem Village Academy East Charter School,K-8,316,0.74,0.7,Excellent,,,,,,,,,,,,,,0.465,0.535,0,0.057,0.206,0.003,0.133,0.009,0.914,0.175,0.851,0,0.592,0.37,0.003,0.006,0.003,N<5,0.4,0.138,0,0,0.413,1.4,0.03,0.359,0.515,0.009,0.003,0.061,0.045,0.272,0.613,0.01,0.004,0.039,2,0.89,0.907,0.629,0.9,N/A,N/A,N/A,N/A,N/A,N/A
,,,84M336,KIPP Infinity Charter School,K-8,891,0.45,0.6,Good,,,,,,,,,,,,,,0.502,0.498,0,0.143,0.185,0.001,0.129,0.011,0.875,0.132,0.792,0.015,0.26,0.694,0.002,0.001,0.013,0.038,0.282,0.332,0,0,0.259,0.7,0.019,0.32,0.575,0.006,0.003,0.056,0.013,0.534,0.389,0.012,0.003,0.03,7,0.79,0.914,0.676,,N/A,N/A,N/A,N/A,N/A,N/A
,,,84M338,WHIN Music Community Charter School,K-8,419,0.48,0.38,Fair,Good,Excellent,0.73,0.79,0.54,0.72,0.63,0.76,0.97,0.94,0.95,,,0.53,0.47,0,0.246,0.222,0.026,0.129,0.017,0.788,0.112,0.702,0.01,0.126,0.778,0.007,0.005,0.038,N<5,0.246,0.348,0,0,0.261,0.5,0.017,0.134,0.776,0.005,0.002,0.044,0.009,0.076,0.829,0.004,0.001,0.06,6,0.9,0.909,0.687,0.95,N/A,N/A,N/A,N/A,N/A,N/A
,,,84M341,Harlem Children's Zone Promise Academy II Charter School,K-8,837,0.54,0.5,Good,Good,Good,0.73,0.85,0.6,0.75,0.7,0.72,0.92,0.9,0.88,,,0.521,0.479,0,0.085,0.192,0.128,0.03,0.004,0.898,0.151,0.831,0.001,0.784,0.173,0.007,0.002,0.007,0.061,0.406,0.2,N<5,0,0.278,1,0.028,0.417,0.462,0.01,0.004,0.056,0.013,0.534,0.389,0.012,0.003,0.03,2,,0.961,0.904,0.94,N/A,N/A,N/A,N/A,N/A,N/A
,,,84M350,Democracy Preparatory Charter School,Middle,221,0.57,0.54,Good,Fair,Fair,0.7,0.73,0.55,0.83,0.6,0.79,0.9,0.84,0.89,2.67,2.44,0.516,0.484,0,0.09,0.199,0.005,0.145,0.045,0.889,0.178,0.763,0.023,0.665,0.271,0.005,0.009,0.009,0.105,0.395,0.145,0,0,0.184,1,0.016,0.414,0.504,0.007,0.005,0.038,0.032,0.479,0.372,0.013,0.005,0.071,3,0.47,0.875,0.471,0.95,N/A,N/A,N/A,N/A,N/A,N/A
,,,84M351,Success Academy Charter School - Harlem 1,K-8,719,0.85,0.78,Excellent,,,,,,,,,,,,,,0.477,0.52,0.003,0.076,0.199,0.001,0.132,0.017,0.832,0.097,0.656,0.018,0.64,0.291,0.007,0.003,0.022,N<5,N<5,N<5,N<5,N<5,N<5,1,0.036,0.381,0.465,0.009,0.004,0.078,0.076,0.24,0.351,0.006,0.002,0.269,,,N<15,N<15,,N/A,N/A,N/A,N/A,N/A,N/A
,,,84M353,New Heights Academy Charter School,Middle,288,0.57,0.49,Excellent,Good,Good,0.74,0.84,0.66,0.78,0.68,0.77,0.94,0.84,0.98,2.54,2.32,0.556,0.444,0,0.243,0.205,0,0.191,0.003,0.911,0.142,0.845,0.003,0.142,0.833,0.007,0,0.01,N<5,0.417,0.292,N<5,0,0.264,0.5,0.017,0.303,0.599,0.011,0.003,0.049,0.008,0.066,0.882,0.003,0,0.034,,,0.948,0.881,,N/A,N/A,N/A,N/A,N/A,N/A
,,,84M357,Success Academy Charter School - Harlem 6,Elementary,272,0.97,0.83,Excellent,,,,,,,,,,,,,,0.533,0.467,0,0.103,0.173,0,0.121,0.004,0.876,0.077,0.827,0.004,0.496,0.419,0.018,0,0.048,N<5,N<5,N<5,N<5,N<5,N<5,5.8,0.072,0.205,0.587,0.009,0.003,0.102,0.015,0.531,0.371,0.022,0.003,0.04,,,N<15,N<15,,N/A,N/A,N/A,N/A,N/A,N/A
,,,84M358,Success Academy Charter School - Hudson Yards,Elementary,423,0.82,0.82,Excellent,,,,,,,,,,,,,,0.475,0.525,0,0.106,0.241,0,0.175,0.012,0.669,0.095,0.6,0.142,0.194,0.366,0.021,0.005,0.161,N<5,N<5,N<5,N<5,N<5,N<5,3.1,0.17,0.093,0.313,0.006,0.003,0.349,0.237,0.065,0.23,0.006,0.002,0.383,,,N<15,N<15,,N/A,N/A,N/A,N/A,N/A,N/A
,,,84M373,Zeta Charter Schools - Inwood,Elementary,664,0.78,0.72,Excellent,,,,,,,,,,,,,,0.512,0.488,0,0.14,0.176,0.014,0.096,0.011,0.861,0.16,0.8,0.009,0.139,0.816,0.009,0,0.023,N<5,N<5,N<5,N<5,N<5,N<5,1.5,0.016,0.155,0.763,0.006,0.003,0.043,0.009,0.082,0.809,0.004,0,0.072,,,N<15,N<15,,N/A,N/A,N/A,N/A,N/A,N/A
,,,84M380,Harlem Village Academy West 2 Charter School,Elementary,224,0.88,0.82,Excellent,,,,,,,,,,,,,,0.491,0.509,0,0.107,0.237,0.013,0.152,0.018,0.861,0.116,0.799,0,0.759,0.183,0.018,0,0.013,N<5,0.408,0.184,N<5,N<5,0.367,1.2,0.029,0.385,0.473,0.011,0.003,0.072,0.015,0.531,0.371,0.022,0.003,0.04,8,0.9,0.909,0.708,0.9,N/A,N/A,N/A,N/A,N/A,N/A
,,,84M382,DREAM Charter School East Harlem,K-8,534,0.55,0.58,Good,Good,Good,0.75,0.81,0.67,0.82,0.73,0.77,0.94,0.89,0.93,,,0.532,0.468,0,0.047,0.313,0.002,0.268,0.015,0.927,0.143,0.85,0.011,0.36,0.573,0.011,0.006,0.026,0,0.418,0.241,N<5,0,0.241,0.4,0.058,0.26,0.598,0.008,0.004,0.053,0.045,0.272,0.613,0.01,0.004,0.039,5,0.86,0.976,0.978,0.88,N/A,N/A,N/A,N/A,N/A,N/A
,,,84M383,Storefront Academy Harlem Charter School,Elementary,91,0.38,0.33,Fair,Good,Good,0.83,,0.9,0.91,1,0.89,0.95,0.88,0.93,,,0.44,0.56,0,0.099,0.264,0,0.22,0.011,> 95%,0.187,> 95%,0.011,0.407,0.297,0.286,0,0,N<5,0.519,0.407,N<5,N<5,N<5,0.9,0.02,0.436,0.457,0.012,0.003,0.047,0.015,0.531,0.371,0.022,0.003,0.04,5,0.9,0.858,0.4,0.9,N/A,N/A,N/A,N/A,N/A,N/A
,,,84M384,Success Academy Charter School - Harlem 2,Elementary,242,0.96,0.85,Excellent,,,,,,,,,,,,,,0.508,0.488,0.004,0.14,0.256,0,0.178,0.021,0.903,0.153,0.843,0.012,0.624,0.318,0.004,0,0.004,N<5,N<5,N<5,N<5,N<5,N<5,2.1,0.028,0.32,0.537,0.011,0.003,0.079,0.015,0.531,0.371,0.022,0.003,0.04,,,N<15,N<15,,N/A,N/A,N/A,N/A,N/A,N/A
,,,84M385,Success Academy Charter School - Harlem 3,K-8,680,0.97,0.89,Excellent,,,,,,,,,,,,,,0.535,0.465,0,0.051,0.213,0,0.179,0.003,0.864,0.121,0.791,0.028,0.541,0.369,0.019,0.004,0.022,N<5,N<5,N<5,N<5,N<5,N<5,1.6,0.083,0.229,0.402,0.008,0.004,0.23,0.045,0.272,0.613,0.01,0.004,0.039,,,N<15,N<15,,N/A,N/A,N/A,N/A,N/A,N/A
,,,84M386,Success Academy Charter School - Harlem 4,Elementary,227,0.84,0.77,Excellent,,,,,,,,,,,,,,0.507,0.493,0,0.075,0.198,0,0.119,0.004,0.846,0.123,0.789,0.04,0.533,0.317,0,0.009,0.062,N<5,N<5,N<5,N<5,N<5,N<5,0.7,0.045,0.365,0.4,0.009,0.003,0.143,0.075,0.154,0.352,0.005,0.001,0.35,,,N<15,N<15,,N/A,N/A,N/A,N/A,N/A,N/A
,,,84M388,St. HOPE Leadership Academy Charter School,Middle,187,0.49,0.43,Fair,Good,Good,0.81,0.99,0.88,0.89,0.86,0.91,0.95,0.9,0.95,2.47,2.35,0.513,0.487,0,0.128,0.262,0,0.219,0.016,0.935,0.246,0.888,0.016,0.449,0.487,0.011,0,0.027,N<5,0.231,0.346,N<5,N<5,0.385,1.5,0.022,0.37,0.529,0.007,0.004,0.049,0.032,0.479,0.372,0.013,0.005,0.071,5,0.91,0.88,0.508,0.97,N/A,N/A,N/A,N/A,N/A,N/A
,,,84M389,KIPP Beyond Charter School,Middle,275,0.73,0.77,Excellent,Good,Excellent,0.86,0.9,0.73,0.96,0.73,0.97,0.94,0.89,0.98,2.94,2.9,0.509,0.491,0,0.018,0.251,0.004,0.204,0.015,0.774,0.127,0.691,0.007,0.567,0.324,0.004,0,0.047,N<5,0.25,N<5,0,0,0.393,1.5,0.03,0.387,0.455,0.008,0.005,0.087,0.05,0.232,0.369,0.005,0.003,0.281,1,0.73,0.911,0.672,,N/A,N/A,N/A,N/A,N/A,N/A
,,,84M430,The Equity Project Charter School,K-8,1099,0.63,0.47,Good,Good,Excellent,0.8,0.91,0.61,0.78,0.72,0.78,0.96,0.94,0.96,,,0.518,0.482,0,0.248,0.253,0.001,0.182,0.013,0.866,0.147,0.811,0.005,0.033,0.932,0.003,0.002,0.01,0.038,0.298,0.282,0.076,0,0.252,1.1,0.01,0.117,0.791,0.004,0.001,0.057,0.009,0.076,0.829,0.004,0.001,0.06,12,1,0.931,0.764,0.959,N/A,N/A,N/A,N/A,N/A,N/A
,,,84M478,Inwood Academy for Leadership Charter School,Middle,435,0.44,0.38,Fair,Fair,Good,0.66,0.79,0.6,0.69,0.65,0.71,0.91,0.89,0.94,2.5,2.53,0.478,0.522,0,0.23,0.301,0,0.186,0.094,0.89,0.162,0.825,0.002,0.041,0.949,0,0,0.005,0.055,0.172,0.564,0,N<5,0.16,0.8,0.007,0.085,0.863,0.002,0.001,0.036,0.008,0.066,0.882,0.003,0,0.034,4,0.845,N<15,N<15,0.85,N/A,N/A,N/A,N/A,N/A,N/A
,,,84M481,Democracy Preparatory Harlem Charter School,K-8,653,0.3,0.35,Fair,,,,,,,,,,,,,,0.492,0.508,0,0.078,0.25,0.015,0.161,0.029,0.938,0.192,0.844,0.003,0.654,0.289,0.023,0.003,0.009,0.074,0.298,0.215,0,0,0.165,1.1,0.021,0.429,0.451,0.01,0.004,0.062,0.013,0.534,0.389,0.012,0.003,0.03,8,0.58,0.873,0.503,0.94,N/A,N/A,N/A,N/A,N/A,N/A
,,,84M482,Success Academy Charter School - Harlem 5,K-8,817,0.9,0.84,Excellent,,,,,,,,,,,,,,0.528,0.471,0.001,0.059,0.168,0,0.119,0.007,0.857,0.149,0.792,0.021,0.643,0.285,0.012,0.005,0.02,N<5,N<5,N<5,N<5,N<5,N<5,0.6,0.015,0.425,0.48,0.011,0.004,0.046,0.013,0.534,0.389,0.012,0.003,0.03,,,N<15,N<15,,N/A,N/A,N/A,N/A,N/A,N/A
,,,84M483,New York French-American Charter School,K-8,292,0.57,0.47,Good,Good,Good,0.74,0.76,0.6,0.71,0.53,0.75,0.92,0.89,0.95,,,0.486,0.514,0,0.199,0.182,0,0.154,0.01,0.794,0.178,0.709,0.014,0.712,0.185,0.007,0.003,0.058,N<5,N<5,N<5,N<5,N<5,N<5,1.5,0.033,0.363,0.472,0.009,0.004,0.09,0.076,0.24,0.351,0.006,0.002,0.269,0,0.91,0.942,0.851,0.96,N/A,N/A,N/A,N/A,N/A,N/A
,,,84M518,East Harlem Scholars Academy Charter School,K-8,541,0.32,0.31,Fair,,,,,,,,,,,,,,0.53,0.47,0,0.155,0.257,0.004,0.213,0.009,0.917,0.138,0.861,0.018,0.201,0.697,0.015,0.002,0.044,0.059,0.426,0.301,0,0,0.14,0.4,0.051,0.265,0.618,0.009,0.003,0.038,0.045,0.272,0.613,0.01,0.004,0.039,2,0.4,0.87,0.496,0.94,N/A,N/A,N/A,N/A,N/A,N/A
,,,84M523,Success Academy Charter School - Upper West,K-8,1042,0.86,0.97,Excellent,,,,,,,,,,,,,,0.511,0.489,0,0.029,0.158,0,0.121,0,0.592,0.083,0.52,0.171,0.194,0.368,0.023,0.001,0.19,N<5,N<5,N<5,N<5,N<5,N<5,2.2,0.096,0.198,0.378,0.007,0.003,0.269,0.076,0.24,0.351,0.006,0.002,0.269,,,N<15,N<15,,N/A,N/A,N/A,N/A,N/A,N/A
,,,84M702,Sisulu-Walker Charter School of Harlem,Elementary,155,0.62,0.6,Excellent,Excellent,Excellent,1,1,1,1,1,1,0.99,0.89,0.99,,,0.555,0.445,0,0.026,0.155,0,0.135,0.013,0.854,0.219,0.794,0,0.761,0.174,0.013,0.013,0.006,0,0.4,0.35,0,0,N<5,1.2,0.025,0.427,0.431,0.01,0.003,0.078,0.015,0.531,0.371,0.022,0.003,0.04,13,0.87,0.913,0.682,0.92,N/A,N/A,N/A,N/A,N/A,N/A
,,,84M704,Harbor Science and Arts Charter School,K-8,237,0.53,0.38,Fair,,,,,,,,,,,,,,0.473,0.527,0,0.312,0.236,0.017,0.194,0.004,0.896,0.374,0.756,0,0.371,0.612,0.008,0,0,N<5,0.24,0.4,N<5,N<5,0.32,0.7,0.044,0.326,0.544,0.01,0.004,0.048,0.045,0.272,0.613,0.01,0.004,0.039,2,0.81,0.828,0.106,0.95,N/A,N/A,N/A,N/A,N/A,N/A
,,,84M705,Amber Charter School East Harlem,Elementary,316,0.45,0.44,Fair,Fair,Good,0.76,,0.75,0.57,0.8,0.81,0.91,0.93,0.95,,,0.544,0.456,0,0.18,0.209,0.13,0.025,0.009,0.896,0.142,0.839,0.009,0.244,0.712,0.006,0,0.025,N<5,0.324,0.441,0,0,N<5,0.5,0.054,0.284,0.574,0.012,0.004,0.05,0.024,0.198,0.708,0.012,0.004,0.043,5,0.91,0.911,0.652,0.9,N/A,N/A,N/A,N/A,N/A,N/A
,,,84M708,Harlem Prep Charter School,K-8,365,0.47,0.37,Fair,Needs Improvement,Fair,0.67,0.74,0.55,0.72,0.61,0.63,0.88,0.82,0.89,,,0.485,0.515,0,0.071,0.299,0.014,0.145,0.107,0.909,0.167,0.844,0,0.562,0.4,0.011,0.005,0.014,0.047,0.252,0.159,0,0,0.243,1.5,0.028,0.366,0.516,0.009,0.003,0.056,0.045,0.272,0.613,0.01,0.004,0.039,7,0.53,0.854,0.453,0.95,N/A,N/A,N/A,N/A,N/A,N/A
,,,84M709,Harlem Village Academy West Charter School,K-8,440,0.66,0.76,Excellent,,,,,,,,,,,,,,0.532,0.468,0,0.032,0.207,0.011,0.127,0.005,0.879,0.146,0.789,0.002,0.766,0.198,0.005,0.002,0.005,0.057,0.438,0.133,0,0,0.371,1,0.014,0.4,0.514,0.009,0.004,0.041,0.013,0.534,0.389,0.012,0.003,0.03,4,0.93,0.911,0.698,0.9,N/A,N/A,N/A,N/A,N/A,N/A
,,,84M726,KIPP S.T.A.R. College Preparatory Charter School,K-8,680,0.5,0.61,Good,,,,,,,,,,,,,,0.518,0.481,0.001,0.057,0.262,0.009,0.169,0.019,0.861,0.154,0.8,0.009,0.531,0.404,0.007,0,0.019,N<5,0.407,0.321,0,0,0.16,1.3,0.028,0.396,0.447,0.009,0.004,0.087,0.013,0.534,0.389,0.012,0.003,0.03,12,0.78,0.894,0.585,,N/A,N/A,N/A,N/A,N/A,N/A
,,,84M861,Future Leaders Institute Charter School,K-8,299,0.49,0.38,Fair,Fair,Excellent,0.68,0.87,0.55,0.8,0.58,0.76,0.96,0.95,0.97,,,0.488,0.512,0,0.05,0.274,0.094,0.134,0.013,0.893,0.241,0.826,0.003,0.696,0.261,0.02,0.003,0.013,N<5,0.486,N<5,0,N<5,0.324,1.6,0.033,0.356,0.491,0.009,0.003,0.081,0.076,0.24,0.351,0.006,0.002,0.269,7,0.97,0.867,0.466,0.98,N/A,N/A,N/A,N/A,N/A,N/A
,,,84Q083,Central Queens Academy Charter School,K-8,806,0.68,0.71,Excellent,Good,Excellent,0.79,0.93,0.66,0.85,0.69,0.83,0.96,0.93,0.98,,,0.533,0.467,0,0.182,0.103,0,0.082,0.001,0.759,0.074,0.706,0.275,0.045,0.604,0.006,0.001,0.055,N<5,0.162,0.149,0,N<5,0.23,0.7,0.358,0.035,0.546,0.007,0.003,0.04,0.174,0.016,0.681,0.006,0.002,0.112,10,0.85,0.941,0.831,0.83,N/A,N/A,N/A,N/A,N/A,N/A
,,,84Q170,Peninsula Preparatory Academy Charter School,Elementary,317,0.81,0.75,Excellent,Excellent,Excellent,0.93,,0.88,0.91,0.96,0.93,0.99,0.96,0.98,,,0.549,0.451,0,0.186,0.183,0,0.129,0.009,0.777,0.076,0.716,0.022,0.517,0.407,0.003,0,0.022,N<5,N<5,N<5,N<5,N<5,N<5,0.5,0.013,0.434,0.502,0.012,0.003,0.019,0.215,0.177,0.479,0.065,0.008,0.041,,,N<15,N<15,,N/A,N/A,N/A,N/A,N/A,N/A
,,,84Q298,Middle Village Preparatory Charter School,Middle,453,0.54,0.7,Excellent,Good,Good,0.75,0.83,0.58,0.76,0.6,0.76,0.95,0.84,0.95,3.08,3.04,0.534,0.466,0,0.051,0.097,0.002,0.079,0,0.644,0.051,0.57,0.046,0.026,0.567,0.004,0.004,0.344,N<5,N<5,0.17,N<5,N<5,0.809,1,0.078,0.015,0.514,0.005,0.002,0.372,0.155,0.016,0.754,0.004,0.001,0.065,4,1,0.954,0.896,0.97,N/A,N/A,N/A,N/A,N/A,N/A
,,,84Q304,VOICE Charter School of New York,K-8,859,0.6,0.46,Good,Good,Good,0.76,0.9,0.74,0.82,0.75,0.84,0.95,0.9,0.95,,,0.534,0.466,0,0.395,0.169,0.017,0.125,0.003,0.868,0.318,0.804,0.071,0.147,0.692,0.017,0.001,0.052,N<5,0.093,0.081,N<5,0,0.419,1.4,0.163,0.097,0.351,0.009,0.004,0.324,0.187,0.061,0.543,0.009,0.003,0.168,12,0.89,0.891,0.549,0.92,N/A,N/A,N/A,N/A,N/A,N/A
,,,84Q321,Growing Up Green Charter School,K-8,772,0.4,0.42,Fair,Good,Good,0.69,0.85,0.71,0.72,0.71,0.71,0.93,0.89,0.93,,,0.457,0.543,0,0.241,0.211,0.009,0.155,0.019,0.711,0.177,0.627,0.065,0.168,0.509,0.013,0.003,0.18,0.07,0.193,0.228,0,0,0.456,1.1,0.166,0.124,0.462,0.011,0.005,0.194,0.187,0.061,0.543,0.009,0.003,0.168,1.5,0.61,0.908,0.666,0.95,N/A,N/A,N/A,N/A,N/A,N/A
,,,84Q337,Success Academy Charter School - Rosedale,K-8,1327,0.79,0.8,Excellent,,,,,,,,,,,,,,0.553,0.447,0,0.016,0.148,0.001,0.118,0.001,0.621,0.039,0.578,0.044,0.76,0.103,0.019,0.01,0.013,N<5,N<5,N<5,N<5,N<5,N<5,2.4,0.025,0.776,0.134,0.023,0.005,0.013,0.166,0.548,0.205,0.04,0.009,0.013,,,N<15,N<15,,N/A,N/A,N/A,N/A,N/A,N/A
,,,84Q339,Success Academy Charter School - Springfield Gardens - New York 6,K-8,984,0.92,0.87,Excellent,,,,,,,,,,,,,,0.527,0.473,0,0.011,0.168,0,0.126,0.008,0.567,0.052,0.513,0.019,0.878,0.045,0.029,0.005,0.005,N<5,N<5,N<5,N<5,N<5,N<5,1.2,0.023,0.794,0.119,0.025,0.007,0.011,0.166,0.548,0.205,0.04,0.009,0.013,,,N<15,N<15,,N/A,N/A,N/A,N/A,N/A,N/A
,,,84Q340,Challenge Preparatory Charter School,K-8,934,0.5,0.41,Fair,Fair,Good,0.76,0.82,0.54,0.83,0.64,0.84,0.93,0.88,0.92,,,0.518,0.482,0,0.087,0.177,0.046,0.084,0.03,0.853,0.115,0.783,0.009,0.682,0.253,0.016,0.003,0.015,0,0.044,0.106,0,0,0.033,0.7,0.015,0.509,0.418,0.015,0.004,0.022,0.186,0.227,0.425,0.054,0.008,0.082,6,0.85,0.892,0.572,0.9,N/A,N/A,N/A,N/A,N/A,N/A
,,,84Q341,Riverton Street Charter School,K-8,997,0.62,0.58,Good,,,,,,,,,,,,,,0.514,0.486,0,0.025,0.145,0.002,0.078,0.04,0.603,0.024,0.564,0.017,0.877,0.057,0.007,0.005,0.006,N<5,0.674,N<5,N<5,N<5,0.174,1.1,0.05,0.749,0.136,0.027,0.009,0.009,0.166,0.548,0.205,0.04,0.009,0.013,8,0.88,0.947,0.863,0.99,N/A,N/A,N/A,N/A,N/A,N/A
,,,84Q342,Rochdale Early Advantage Charter School,K-8,437,0.49,0.45,Fair,,,,,,,,,,,,,,0.517,0.483,0,0.018,0.158,0.014,0.103,0.014,0.668,0.071,0.618,0.002,0.888,0.076,0.014,0,0.005,N<5,0.842,N<5,0,0,N<5,0.6,0.046,0.733,0.153,0.03,0.005,0.011,0.268,0.182,0.335,0.04,0.009,0.133,,,0.94,0.831,,N/A,N/A,N/A,N/A,N/A,N/A
,,,84Q359,Academy of the City Charter School,K-8,737,0.41,0.47,Fair,Good,Excellent,0.76,0.89,0.6,0.82,0.68,0.76,0.93,0.94,0.97,,,0.507,0.493,0,0.166,0.1,0.042,0.039,0.003,0.682,0.068,0.604,0.247,0.056,0.567,0.009,0.001,0.115,0.051,0.162,0.273,N<5,0,0.293,1,0.32,0.027,0.465,0.009,0.003,0.151,0.187,0.061,0.543,0.009,0.003,0.168,5,,0.921,0.712,,N/A,N/A,N/A,N/A,N/A,N/A
,,,84Q372,Growing Up Green Charter School II,K-8,783,0.41,0.41,Fair,Good,Good,0.69,0.9,0.47,0.82,0.61,0.85,0.96,0.89,0.95,,,0.515,0.485,0,0.111,0.264,0.013,0.175,0.034,0.764,0.124,0.706,0.11,0.501,0.31,0.029,0.005,0.018,0.237,0.39,0.093,N<5,N<5,0.254,1.3,0.328,0.124,0.429,0.029,0.006,0.066,0.268,0.182,0.335,0.04,0.009,0.133,4.5,0.58,0.924,0.718,0.87,N/A,N/A,N/A,N/A,N/A,N/A
,,,84Q374,Success Academy Charter School - South Jamaica,Elementary,504,0.89,0.87,Excellent,,,,,,,,,,,,,,0.544,0.456,0,0.054,0.173,0,0.133,0.008,0.713,0.054,0.665,0.171,0.563,0.161,0.058,0.004,0.016,N<5,N<5,N<5,N<5,N<5,N<5,0.9,0.232,0.347,0.244,0.116,0.014,0.025,0.215,0.177,0.479,0.065,0.008,0.041,,,N<15,N<15,,N/A,N/A,N/A,N/A,N/A,N/A
,,,84Q375,Success Academy Charter School - Far Rockaway,K-8,751,0.9,0.76,Excellent,,,,,,,,,,,,,,0.558,0.442,0,0.047,0.165,0,0.116,0.015,0.789,0.097,0.727,0.004,0.722,0.185,0.015,0.004,0.016,N<5,N<5,N<5,N<5,N<5,N<5,1,0.013,0.478,0.454,0.015,0.004,0.023,0.186,0.227,0.425,0.054,0.008,0.082,,,N<15,N<15,,N/A,N/A,N/A,N/A,N/A,N/A
,,,84Q380,Forte Preparatory Academy Charter School,Middle,357,0.71,0.69,Excellent,Good,Good,0.76,0.88,0.74,0.79,0.7,0.75,0.88,0.9,0.94,2.79,2.82,0.504,0.496,0,0.182,0.207,0,0.151,0.034,0.818,0.119,0.737,0.064,0.109,0.81,0.003,0,0.014,0.129,0.323,0.113,0,0,0.419,1.2,0.257,0.023,0.636,0.005,0.003,0.067,0.155,0.016,0.754,0.004,0.001,0.065,6,0.73,0.959,0.898,0.95,N/A,N/A,N/A,N/A,N/A,N/A
,,,84Q385,Elm Community Charter School,Elementary,441,0.65,0.6,Excellent,Good,Good,0.75,0.62,0.7,0.71,0.81,0.76,0.95,0.93,0.94,,,0.524,0.476,0,0.345,0.152,0,0.127,0.007,0.811,0.143,0.751,0.138,0.073,0.694,0.011,0.002,0.066,0.262,0.213,0.262,0,0,0.164,1.2,0.325,0.021,0.563,0.007,0.002,0.066,0.152,0.016,0.733,0.007,0.001,0.084,6,0.77,0.919,0.736,0.71,N/A,N/A,N/A,N/A,N/A,N/A
,,,84Q386,Our World Neighborhood Charter School 2,Elementary,435,0.45,0.47,Fair,Fair,Excellent,0.82,0.64,0.73,0.82,0.81,0.83,0.98,0.94,0.96,,,0.556,0.444,0,0.076,0.149,0,0.108,0.021,0.772,0.069,0.731,0.044,0.476,0.407,0.023,0.005,0.025,0.21,0.371,0.21,0,0,0.21,1.1,0.268,0.233,0.391,0.025,0.006,0.061,0.215,0.177,0.479,0.065,0.008,0.041,2,0.717,0.875,0.477,0.93,N/A,N/A,N/A,N/A,N/A,N/A
,,,84Q387,Valence College Preparatory Charter School,Middle,442,0.69,0.65,Excellent,Excellent,Excellent,0.82,0.96,0.67,0.88,0.71,0.85,0.95,0.93,0.97,2.71,2.73,0.536,0.464,0,0.213,0.188,0.009,0.145,0.009,0.836,0.149,0.767,0.025,0.041,0.887,0,0,0.032,0.114,0.243,0.343,N<5,0,0.229,1.4,0.22,0.028,0.559,0.003,0.002,0.166,0.251,0.187,0.362,0.033,0.008,0.134,,,0.937,0.821,,N/A,N/A,N/A,N/A,N/A,N/A
,,,84Q414,Renaissance Charter School 2,K-8,491,0.49,0.5,Good,Good,Good,0.71,0.88,0.7,0.76,0.69,0.81,0.94,0.93,0.93,,,0.552,0.448,0,0.385,0.169,0,0.104,0.004,0.784,0.182,0.714,0.175,0.041,0.739,0.004,0.004,0.033,0.146,0.22,0.171,N<5,0,0.39,0.9,0.325,0.013,0.597,0.008,0.002,0.041,0.174,0.016,0.681,0.006,0.002,0.112,4,0.74,0.986,0.988,0.94,N/A,N/A,N/A,N/A,N/A,N/A
,,,84Q704,Merrick Academy - Queens Public Charter School,Elementary,606,0.51,0.51,Fair,Good,Good,0.79,0.88,0.77,0.86,0.78,0.85,0.96,0.93,0.95,,,0.48,0.52,0,0.02,0.203,0.01,0.117,0.05,0.694,0.078,0.655,0.002,0.868,0.079,0.015,0.003,0.008,0,0.553,0.064,0,0,0.383,1.4,0.029,0.764,0.139,0.022,0.006,0.012,0.235,0.476,0.208,0.041,0.008,0.012,,,0.926,0.744,,N/A,N/A,N/A,N/A,N/A,N/A
,,,84Q705,Renaissance Charter School,K-8,394,0.45,0.55,Good,Excellent,Good,0.79,0.83,0.73,0.83,0.71,0.87,0.96,0.89,0.93,,,0.536,0.464,0,0.16,0.135,0.018,0.076,0,0.72,0.064,0.655,0.18,0.03,0.716,0.008,0,0.051,0.215,0.123,0.231,0,0,0.431,0.6,0.306,0.007,0.595,0.007,0.001,0.064,0.187,0.061,0.543,0.009,0.003,0.168,,,0.943,0.824,,N/A,N/A,N/A,N/A,N/A,N/A
,,,84Q706,Our World Neighborhood Charter School,K-8,710,0.49,0.59,Good,Good,Fair,0.78,0.87,0.61,0.87,0.67,0.89,0.92,0.9,0.87,,,0.479,0.521,0,0.086,0.138,0.007,0.089,0.003,0.614,0.035,0.554,0.158,0.062,0.424,0.011,0.003,0.299,0.229,0.152,0.152,0,0,0.467,1,0.156,0.079,0.496,0.012,0.003,0.219,0.187,0.061,0.543,0.009,0.003,0.168,8,0.775,0.932,0.793,0.94,N/A,N/A,N/A,N/A,N/A,N/A
,,,84R067,John W. Lavelle Preparatory Charter School,K-8,729,0.31,0.31,Fair,Fair,Good,0.72,0.78,0.55,0.83,0.63,0.83,0.94,0.87,0.94,,,0.529,0.471,0,0.038,0.342,0,0.015,0.018,0.814,0.06,0.754,0.016,0.501,0.38,0.012,0.005,0.049,0.038,0.096,0.153,N<5,0,0.567,3.3,0.195,0.129,0.359,0.005,0.001,0.285,0.169,0.117,0.306,0.005,0.002,0.378,4,0.65,0.899,0.587,0.96,N/A,N/A,N/A,N/A,N/A,N/A
,,,84R070,Lois and Richard Nicotra Early College Charter School,Middle,31,0.32,0.33,Needs Improvement,Needs Improvement,Fair,0.71,0.7,0.6,0.67,0.64,0.68,0.91,0.83,0.9,2.43,2.3,0.613,0.387,0,0,0.419,0,0,0.065,0.745,0.09,0.678,0.032,0.258,0.387,0,0,0.258,0.09,0.119,0.134,0,0,0.537,3.8,0.188,0.112,0.347,0.005,0.001,0.322,0.163,0.106,0.294,0.005,0.002,0.407,1,0.6,0.857,0.455,0.96,N/A,N/A,N/A,N/A,N/A,N/A
,,,84R073,New World Preparatory Charter School,K-8,800,0.43,0.4,Fair,,,,,,,,,,,,,,0.53,0.47,0,0.165,0.26,0.001,0.203,0.006,0.866,0.056,0.816,0.015,0.269,0.664,0,0.001,0.044,N<5,0.067,0.404,0,0,0.423,1.6,0.076,0.172,0.516,0.006,0.001,0.202,0.169,0.117,0.306,0.005,0.002,0.378,5,0.65,0.938,0.798,0.92,N/A,N/A,N/A,N/A,N/A,N/A
,,,84R076,Bridge Preparatory Charter School,Elementary,241,0.33,0.31,Fair,,,,,,,,,,,,,,0.444,0.556,0,0.021,0.668,0,0.552,0.025,0.715,0.058,0.68,0.021,0.286,0.402,0.017,0,0.253,N<5,N<5,0.182,N<5,N<5,0.773,2.3,0.179,0.155,0.357,0.005,0.002,0.273,0.178,0.099,0.299,0.005,0.001,0.392,6,0.73,0.895,0.58,0.92,N/A,N/A,N/A,N/A,N/A,N/A
,,,84R077,Hellenic Classical Charter School - Staten Island,Elementary,398,0.49,0.62,Good,Excellent,Excellent,0.86,0.91,0.9,0.9,0.92,0.93,0.98,0.97,0.98,,,0.503,0.497,0,0.04,0.209,0.088,0.003,0.003,0.361,0.013,0.294,0.085,0.106,0.259,0.008,0,0.518,N<5,N<5,N<5,0,0,0.848,2.8,0.177,0.139,0.388,0.006,0.001,0.262,0.178,0.099,0.299,0.005,0.001,0.392,5,0.81,0.935,0.799,0.95,N/A,N/A,N/A,N/A,N/A,N/A
,,,84R083,Richmond Preparatory Charter School,Middle,324,0.4,0.48,Fair,Fair,Fair,0.74,0.63,0.54,0.78,0.61,0.76,0.9,0.84,0.87,2.78,2.64,0.37,0.63,0,0.015,0.361,0.006,0.028,0.012,0.659,0.043,0.599,0.077,0.272,0.395,0.009,0,0.21,N<5,0.111,0.097,0,0,0.667,3.4,0.193,0.127,0.358,0.005,0.001,0.289,0.163,0.106,0.294,0.005,0.002,0.407,1,0.5,0.913,0.648,0.99,N/A,N/A,N/A,N/A,N/A,N/A
,,,84X124,Children's Aid College Preparatory Charter School,K-8,623,0.65,0.59,Excellent,Good,Good,0.78,0.88,0.53,0.9,0.67,0.89,0.95,0.91,0.96,,,0.525,0.475,0,0.268,0.226,0.027,0.152,0.011,0.93,0.12,0.88,0.003,0.352,0.608,0.002,0.002,0.011,0,0,0.299,0,0,0,0.9,0.004,0.291,0.674,0.008,0.002,0.013,0.029,0.243,0.697,0.01,0.002,0.013,4,,0.892,0.674,0.99,N/A,N/A,N/A,N/A,N/A,N/A
,,,84X133,Icahn Charter School 6,K-8,322,0.73,0.86,Excellent,,,,,,,,,,,,,,0.488,0.512,0,0.099,0.143,0.09,0.025,0.003,0.91,0.155,0.854,0.019,0.453,0.497,0.006,0.003,0.009,N<5,0.265,0.5,N<5,0,0.176,0.9,0.004,0.311,0.656,0.008,0.002,0.012,0.008,0.301,0.661,0.008,0.003,0.012,4,0.95,0.908,0.618,0.97,N/A,N/A,N/A,N/A,N/A,N/A
,,,84X165,Grand Concourse Academy Charter School,K-8,699,0.55,0.59,Good,Good,Good,0.82,0.95,0.7,0.86,0.72,0.87,0.96,0.93,0.94,,,0.485,0.515,0,0.176,0.173,0.016,0.109,0.016,0.783,0.057,0.728,0.041,0.262,0.657,0.011,0.009,0.017,0,0.206,0.206,0,0,0.556,0.9,0.075,0.259,0.613,0.014,0.007,0.022,0.066,0.198,0.669,0.011,0.005,0.043,,,0.898,0.574,,N/A,N/A,N/A,N/A,N/A,N/A
,,,84X177,Mott Hall Charter School,Middle,183,0.34,0.32,Fair,Fair,Fair,0.77,0.9,0.55,0.84,0.68,0.84,0.93,0.81,0.9,2.52,2.36,0.464,0.536,0,0.164,0.213,0.005,0.18,0.005,> 95%,0.246,0.923,0.005,0.454,0.536,0,0,0.005,N<5,0.432,0.409,0,0,N<5,0.5,0.007,0.4,0.565,0.01,0.002,0.014,0.007,0.278,0.693,0.006,0.002,0.01,9,1,0.877,0.525,0.943,N/A,N/A,N/A,N/A,N/A,N/A
,,,84X185,Pharos Academy Charter School,K-8,450,0.8,0.66,Excellent,Good,Good,0.8,0.72,0.67,0.79,0.68,0.83,0.96,0.92,0.95,,,0.529,0.471,0,0.262,0.171,0.016,0.116,0.007,0.929,0.113,0.859,0.007,0.287,0.678,0.011,0.004,0.002,N<5,0.441,0.162,0,0,0.338,0.5,0.007,0.305,0.652,0.01,0.002,0.017,0.029,0.243,0.697,0.01,0.002,0.013,10,0.65,0.931,0.765,0.87,N/A,N/A,N/A,N/A,N/A,N/A
,,,84X233,Family Life Academy Charter School II,K-8,888,0.33,0.43,Fair,Needs Improvement,,,,,,,,,,,,,0.532,0.467,0.001,0.162,0.161,0.089,0.037,0.007,0.923,0.173,0.863,0.002,0.25,0.734,0.003,0.001,0.006,N<5,0.222,0.469,0,N<5,0.235,2.1,0.016,0.329,0.595,0.009,0.002,0.034,0.006,0.307,0.653,0.011,0.002,0.012,,,0.899,0.606,,N/A,N/A,N/A,N/A,N/A,N/A
,,,84X255,Bronx Charter School for Excellence,K-8,755,0.73,0.89,Excellent,Excellent,Excellent,0.82,0.92,0.65,0.87,0.67,0.9,0.96,0.91,0.97,,,0.513,0.487,0,0.107,0.082,0.001,0.056,0.001,0.804,0.054,0.721,0.521,0.211,0.262,0.004,0,0.003,0.119,0.429,0.167,0,0,0.214,0.4,0.355,0.159,0.42,0.021,0.008,0.029,0.104,0.363,0.417,0.012,0.004,0.088,,,0.95,0.873,,N/A,N/A,N/A,N/A,N/A,N/A
,,,84X309,South Bronx Charter School for International Cultures and the Arts,K-8,384,0.6,0.62,Good,Fair,Good,0.76,0.68,0.61,0.83,0.62,0.79,0.95,0.91,0.94,,,0.534,0.466,0,0.388,0.159,0.089,0.049,0.005,0.934,0.23,0.861,0.003,0.099,0.883,0.003,0.003,0.008,0,0.313,0.521,0,0,0.167,1.9,0.019,0.344,0.565,0.01,0.003,0.043,0.006,0.307,0.653,0.011,0.002,0.012,20,0.85,,N<15,0.8,N/A,N/A,N/A,N/A,N/A,N/A
,,,84X345,Leaders In Our Neighborhood Charter School,K-8,667,0.48,0.29,Fair,Good,Good,0.71,0.86,0.65,0.77,0.7,0.68,0.95,0.93,0.94,,,0.475,0.525,0,0.313,0.226,0.016,0.181,0.003,0.907,0.155,0.834,0.007,0.253,0.724,0.006,0.003,0.004,0.057,0.347,0.369,N<5,N<5,0.176,0.4,0.003,0.262,0.712,0.003,0.002,0.01,0.066,0.198,0.669,0.011,0.005,0.043,5,0.78,0.924,0.757,0.9,N/A,N/A,N/A,N/A,N/A,N/A
,,,84X346,South Bronx Classical Charter School,K-8,519,0.78,0.87,Excellent,,Good,,,,,,,0.95,0.9,0.93,,,0.491,0.509,0,0.123,0.137,0.094,0,0.006,0.899,0.075,0.838,0.021,0.372,0.572,0.004,0.006,0.021,N<5,0.371,0.186,0,0,0.371,1,0.007,0.301,0.657,0.011,0.002,0.015,0.029,0.243,0.697,0.01,0.002,0.013,1,0.49,N<15,N<15,0.964,N/A,N/A,N/A,N/A,N/A,N/A
,,,84X347,International Leadership Charter High School,Middle,40,0.55,0.51,Excellent,,,,,,,,,,,,2.79,2.83,0.525,0.475,0,0.2,0.2,0.15,0.025,0,0.757,0.184,0.751,0.025,0.275,0.625,0,0.025,0.025,N<5,0.44,0.24,0,0,0.24,1.4,0.025,0.1,0.807,0.004,0.001,0.053,0.033,0.139,0.777,0.007,0.002,0.037,16,0.8,0.942,0.85,0.9,N/A,N/A,N/A,N/A,N/A,N/A
,,,84X362,Icahn Charter School 7,K-8,302,0.6,0.64,Good,,,,,,,,,,,,,,0.556,0.444,0,0.096,0.106,0.083,0.01,0,0.828,0.066,0.752,0.026,0.411,0.526,0.003,0.003,0.013,0,0.25,N<5,N<5,0,N<5,0.9,0.024,0.233,0.71,0.01,0.003,0.012,0.066,0.198,0.669,0.011,0.005,0.043,18,0.84,0.92,0.712,0.94,N/A,N/A,N/A,N/A,N/A,N/A
,,,84X364,South Bronx Classical Charter School II,K-8,302,0.88,0.85,Excellent,,Excellent,,,,,,,0.97,0.92,0.96,,,0.526,0.474,0,0.119,0.179,0.146,0,0,0.904,0.139,0.841,0.003,0.503,0.447,0.02,0,0.017,N<5,0.311,0.156,0,0,0.378,2.2,0.02,0.321,0.583,0.009,0.003,0.049,0.006,0.307,0.653,0.011,0.002,0.012,1,0.35,N<15,N<15,0.96,N/A,N/A,N/A,N/A,N/A,N/A
,,,84X378,Icahn Charter School 2,K-8,345,0.74,0.87,Excellent,,,,,,,,,,,,,,0.557,0.443,0,0.058,0.078,0.058,0.003,0,0.671,0.081,0.559,0.128,0.333,0.487,0.009,0.003,0.035,0,N<5,0.415,0,0,N<5,1.1,0.192,0.146,0.542,0.013,0.004,0.094,0.104,0.363,0.417,0.012,0.004,0.088,,,0.929,0.768,,N/A,N/A,N/A,N/A,N/A,N/A
,,,84X380,Success Academy Charter School - Bronx 3,K-8,1019,0.88,0.84,Excellent,,,,,,,,,,,,,,0.526,0.473,0.001,0.049,0.208,0.001,0.157,0.003,0.88,0.103,0.788,0.019,0.561,0.383,0.015,0.002,0.013,N<5,N<5,N<5,N<5,N<5,N<5,1.2,0.008,0.314,0.644,0.01,0.002,0.014,0.008,0.301,0.661,0.008,0.003,0.012,,,N<15,N<15,,N/A,N/A,N/A,N/A,N/A,N/A
,,,84X387,Brilla College Preparatory Charter School,K-8,688,0.51,0.44,Good,Good,Excellent,0.69,0.88,0.5,0.77,0.65,0.69,0.95,0.91,0.96,,,0.48,0.519,0.001,0.253,0.225,0.019,0.156,0.023,0.926,0.166,0.876,0.006,0.206,0.759,0.009,0.001,0.013,N<5,N<5,N<5,N<5,N<5,N<5,0.5,0.004,0.267,0.698,0.009,0.001,0.014,0.006,0.307,0.653,0.011,0.002,0.012,2,0.48,0.922,0.736,0.92,N/A,N/A,N/A,N/A,N/A,N/A
,,,84X389,Bronx Global Learning Institute for Girls Charter School,K-8,302,0.54,0.4,Good,,,,,,,,,,,,,,1,0,0,0.199,0.189,0.096,0.05,0.02,0.935,0.222,0.884,0.01,0.298,0.659,0.003,0.003,0.026,0,N<5,0.463,0,0,0,0.8,0.009,0.333,0.621,0.011,0.002,0.016,0.006,0.307,0.653,0.011,0.002,0.012,5,0.4,0.869,0.473,0.87,N/A,N/A,N/A,N/A,N/A,N/A
,,,84X394,Mott Haven Charter School,K-8,437,0.43,0.39,Fair,Fair,Excellent,0.76,0.88,0.53,0.85,0.68,0.82,0.98,0.95,0.97,,,0.522,0.478,0,0.13,0.311,0.009,0.247,0.009,> 95%,0.208,0.911,0.005,0.229,0.735,0.007,0.002,0.011,0.076,0.364,0.197,0,N<5,0.333,0.8,0.004,0.302,0.658,0.009,0.001,0.017,0.006,0.307,0.653,0.011,0.002,0.012,12,0.94,0.885,0.58,0.96,N/A,N/A,N/A,N/A,N/A,N/A
,,,84X398,Bronx Community Charter School,K-8,473,0.46,0.45,Good,Excellent,Excellent,0.83,0.92,0.66,0.83,0.76,0.78,0.96,0.93,0.96,,,0.516,0.484,0,0.188,0.296,0.04,0.173,0.049,0.841,0.061,0.774,0.057,0.15,0.734,0,0.008,0.04,N<5,0.333,0.449,N<5,N<5,0.205,0.6,0.068,0.173,0.693,0.01,0.006,0.042,0.035,0.138,0.763,0.007,0.003,0.044,16,0.98,0.915,0.684,0.96,N/A,N/A,N/A,N/A,N/A,N/A
,,,84X407,Bronx Charter School for Children,K-8,498,0.46,0.45,Fair,Fair,Good,0.74,0.86,0.55,0.81,0.67,0.73,0.95,0.9,0.94,,,0.542,0.458,0,0.283,0.191,0.022,0.131,0.008,> 95%,0.219,0.91,0.002,0.257,0.711,0.008,0.002,0.006,N<5,0.484,0.281,N<5,N<5,0.203,0.4,0.004,0.272,0.696,0.008,0.002,0.013,0.006,0.307,0.653,0.011,0.002,0.012,1,0.87,0.901,0.627,0.907,N/A,N/A,N/A,N/A,N/A,N/A
,,,84X419,Bronx Academy of Promise Charter School,K-8,577,0.49,0.5,Good,Good,Excellent,0.81,0.92,0.59,0.85,0.69,0.84,0.96,0.93,0.96,,,0.516,0.484,0,0.345,0.239,0.017,0.18,0.012,> 95%,0.127,0.913,0.016,0.329,0.615,0.016,0.01,0.014,N<5,0.227,0.288,0,0,0.409,0.4,0.011,0.234,0.726,0.011,0.004,0.008,0.008,0.301,0.661,0.008,0.003,0.012,5,0.85,,,0.93,N/A,N/A,N/A,N/A,N/A,N/A
,,,84X422,Icahn Charter School 3,K-8,331,0.56,0.79,Excellent,,Excellent,,,,,,,0.98,0.91,0.98,,,0.498,0.502,0,0.024,0.063,0.033,0.003,0.003,0.601,0.039,0.514,0.063,0.583,0.308,0.009,0.003,0.012,N<5,N<5,0.273,0,0,0.545,1.4,0.118,0.24,0.499,0.008,0.003,0.12,0.104,0.363,0.417,0.012,0.004,0.088,8,0.79,0.947,0.824,0.95,N/A,N/A,N/A,N/A,N/A,N/A
,,,84X460,Atmosphere Academy Public Charter School,Middle,799,0.53,0.53,Good,Good,Good,0.74,0.84,0.59,0.76,0.65,0.75,0.92,0.86,0.93,2.68,2.58,0.528,0.472,0,0.074,0.212,0.001,0.141,0.049,0.823,0.147,0.758,0.025,0.189,0.766,0.001,0,0.016,0.06,0.393,0.279,N<5,0,0.219,1.2,0.021,0.102,0.817,0.003,0.001,0.046,0.033,0.139,0.777,0.007,0.002,0.037,16,0.86,0.929,0.753,0.97,N/A,N/A,N/A,N/A,N/A,N/A
,,,84X461,Nuasin Next Generation Charter School,K-8,486,0.66,0.54,Excellent,Good,Excellent,0.76,0.85,0.69,0.78,0.72,0.73,0.95,0.9,0.97,,,0.519,0.481,0,0.218,0.169,0.004,0.134,0.004,> 95%,0.105,0.912,0,0.21,0.774,0.006,0.002,0.006,N<5,0.378,0.27,0,0,0.297,0.2,0.002,0.294,0.677,0.005,0.001,0.016,0.008,0.301,0.661,0.008,0.003,0.012,6,0.8,0.915,0.727,0.85,N/A,N/A,N/A,N/A,N/A,N/A
,,,84X464,Success Academy Charter School - Bronx 4,Elementary,632,0.94,0.87,Excellent,,,,,,,,,,,,,,0.546,0.454,0,0.09,0.155,0,0.104,0.003,0.845,0.098,0.791,0.027,0.456,0.445,0.011,0.011,0.014,N<5,N<5,N<5,N<5,N<5,N<5,0.9,0.14,0.205,0.598,0.017,0.008,0.021,0.074,0.194,0.663,0.012,0.005,0.041,,,N<15,N<15,,N/A,N/A,N/A,N/A,N/A,N/A
,,,84X465,Boys Preparatory Charter School of New York,K-8,561,0.54,0.45,Fair,Fair,,0.7,0.81,0.5,0.74,0.64,0.65,,,,,,0.004,0.996,0,0.066,0.305,0.023,0.196,0.029,0.907,0.16,0.855,0.014,0.48,0.469,0.012,0.004,0.014,N<5,0.408,0.378,N<5,N<5,0.173,1.6,0.011,0.328,0.613,0.009,0.003,0.025,0.006,0.307,0.653,0.011,0.002,0.012,2,0.63,0.879,0.535,,N/A,N/A,N/A,N/A,N/A,N/A
,,,84X471,American Dream Charter School,Middle,256,0.41,0.42,Fair,Excellent,Excellent,0.81,0.87,0.75,0.85,0.76,0.88,0.96,0.9,0.96,2.59,2.37,0.52,0.48,0,0.18,0.195,0,0.152,0.016,0.93,0.184,0.854,0.008,0.086,0.898,0,0.004,0.004,N<5,0.121,0.681,N<5,N<5,0.154,0.4,0.003,0.242,0.726,0.01,0.001,0.013,0.005,0.286,0.681,0.008,0.004,0.012,8,0.65,0.929,0.742,0.92,N/A,N/A,N/A,N/A,N/A,N/A
,,,84X472,Family Life Academy Charter School III,Elementary,200,0.43,0.4,Fair,Fair,,,,,,,,,,,,,0.51,0.49,0,0.28,0.145,0.055,0.01,0.02,0.946,0.28,0.875,0,0.23,0.77,0,0,0,N<5,0.217,0.652,N<5,N<5,N<5,1.8,0.015,0.334,0.588,0.011,0.002,0.034,0.007,0.294,0.659,0.018,0.001,0.012,,,0.893,0.537,,N/A,N/A,N/A,N/A,N/A,N/A
,,,84X482,Dr. Richard Izquierdo Health and Science Charter School,Middle,294,0.19,0.24,Needs Improvement,Fair,Fair,0.71,0.86,0.58,0.84,0.61,0.76,0.9,0.85,0.89,2.73,2.65,0.527,0.473,0,0.184,0.248,0,0.218,0.014,0.946,0.128,0.877,0,0.211,0.772,0.01,0,0.003,0.043,0.383,0.357,N<5,0,0.148,0.5,0.009,0.355,0.609,0.009,0.002,0.013,0.014,0.244,0.709,0.013,0.003,0.014,5,0.95,0.859,0.495,0.89,N/A,N/A,N/A,N/A,N/A,N/A
,,,84X484,Bronx Charter School for Better Learning II,Elementary,441,0.47,0.49,Fair,Good,Excellent,0.77,1,0.62,0.83,0.8,0.86,0.96,0.97,0.97,,,0.438,0.562,0,0.027,0.093,0.011,0.063,0,0.746,0.082,0.687,0.02,0.83,0.129,0.005,0.002,0.007,N<5,0.466,0.172,N<5,N<5,0.345,1.2,0.076,0.457,0.36,0.009,0.005,0.079,0.081,0.409,0.414,0.014,0.006,0.065,5,0.5,0.913,0.703,0.91,N/A,N/A,N/A,N/A,N/A,N/A
,,,84X486,Rosalyn Yalow Charter School,Elementary,437,0.6,0.53,Good,Fair,Good,0.83,0.79,0.87,0.78,0.72,0.79,0.93,0.9,0.94,,,0.535,0.465,0,0.382,0.137,0.018,0.076,0.016,0.943,0.231,0.895,0.011,0.421,0.551,0.005,0,0.007,N<5,0.323,0.277,0,0,0.323,1.5,0.01,0.339,0.601,0.011,0.002,0.024,0.007,0.294,0.659,0.018,0.001,0.012,,,0.882,0.514,,N/A,N/A,N/A,N/A,N/A,N/A
,,,84X487,Girls Preparatory Charter School of the Bronx,K-8,570,0.62,0.51,Good,Fair,,0.77,0.72,0.58,0.63,0.66,0.69,,,,,,0.991,0.009,0,0.081,0.168,0.021,0.125,0.011,0.893,0.16,0.837,0.007,0.396,0.547,0.009,0.014,0.014,N<5,0.457,0.351,0,N<5,0.149,1,0.006,0.31,0.649,0.011,0.002,0.015,0.066,0.198,0.669,0.011,0.005,0.043,3,0.56,0.894,0.587,,N/A,N/A,N/A,N/A,N/A,N/A
,,,84X488,The Equality Charter School,Middle,263,0.55,0.55,Good,Good,Good,0.71,0.87,0.62,0.77,0.68,0.74,0.9,0.87,0.97,2.64,2.43,0.494,0.506,0,0.034,0.221,0.023,0.179,0.011,0.69,0.096,0.662,0.019,0.7,0.259,0.011,0,0,0.064,0.416,0.192,0,0,0.272,1.5,0.059,0.46,0.403,0.006,0.003,0.063,0.072,0.463,0.405,0.014,0.004,0.036,12.5,0.845,0.92,0.773,0.067,N/A,N/A,N/A,N/A,N/A,N/A
,,,84X489,South Bronx Classical Charter School III,K-8,501,0.76,0.86,Excellent,,Good,,,,,,,0.89,0.89,0.95,,,0.511,0.489,0,0.19,0.152,0.094,0.004,0,0.934,0.082,0.876,0.008,0.541,0.407,0.01,0.002,0.01,N<5,0.264,0.375,0,0,0.278,0.6,0.006,0.382,0.578,0.008,0.002,0.016,0.008,0.301,0.661,0.008,0.003,0.012,2,0.34,N<15,N<15,0.96,N/A,N/A,N/A,N/A,N/A,N/A
,,,84X491,Academic Leadership Charter School,K-8,383,0.86,0.78,Excellent,Good,Good,0.85,0.86,0.62,0.84,0.75,0.81,0.96,0.89,0.97,,,0.546,0.454,0,0.123,0.11,0.029,0.057,0.003,0.946,0.175,0.903,0.005,0.436,0.512,0.01,0,0.026,N<5,N<5,0.45,0,0,0.25,1.5,0.008,0.32,0.632,0.01,0.002,0.017,0.006,0.307,0.653,0.011,0.002,0.012,8,0.8,0.911,0.681,0.97,N/A,N/A,N/A,N/A,N/A,N/A
,,,84X492,South Bronx Early College Academy Charter School,Middle,268,0.42,0.4,Fair,Fair,Excellent,0.75,0.9,0.51,0.86,0.63,0.85,0.96,0.94,0.99,2.51,2.48,0.47,0.53,0,0.157,0.224,0,0.213,0.004,0.946,0.231,0.892,0.011,0.198,0.78,0.004,0,0.007,N<5,0.406,0.359,N<5,N<5,0.188,0.4,0.007,0.293,0.676,0.003,0,0.013,0.062,0.181,0.703,0.012,0.003,0.034,15,0.7,0.874,0.497,0.948,N/A,N/A,N/A,N/A,N/A,N/A
,,,84X493,Success Academy Charter School - Bronx 1,Elementary,455,0.87,0.78,Excellent,,,,,,,,,,,,,,0.53,0.47,0,0.086,0.182,0,0.158,0.009,0.901,0.127,0.833,0.024,0.648,0.286,0.015,0,0.009,N<5,N<5,N<5,N<5,N<5,N<5,1.2,0.01,0.371,0.562,0.014,0.002,0.026,0.007,0.294,0.659,0.018,0.001,0.012,,,N<15,N<15,,N/A,N/A,N/A,N/A,N/A,N/A
,,,84X494,Success Academy Charter School - Bronx 2,K-8,998,0.9,0.85,Excellent,,,,,,,,,,,,,,0.518,0.478,0.004,0.064,0.188,0.001,0.152,0.002,0.909,0.129,0.847,0.003,0.603,0.336,0.007,0.008,0.013,N<5,N<5,N<5,N<5,N<5,N<5,0.9,0.007,0.316,0.647,0.008,0.002,0.013,0.008,0.301,0.661,0.008,0.003,0.012,,,N<15,N<15,,N/A,N/A,N/A,N/A,N/A,N/A
,,,84X496,Icahn Charter School 4,K-8,346,0.93,1.07,Excellent,Excellent,Good,0.85,0.99,0.9,0.89,0.78,0.88,0.97,0.88,0.94,,,0.512,0.488,0,0.012,0.104,0.061,0.009,0.003,0.626,0.035,0.54,0.066,0.561,0.344,0.006,0.003,0.009,N<5,0.324,0.294,N<5,0,0.324,1.4,0.12,0.239,0.495,0.008,0.003,0.122,0.104,0.363,0.417,0.012,0.004,0.088,,,0.937,0.804,,N/A,N/A,N/A,N/A,N/A,N/A
,,,84X497,Storefront Academy Charter School,Elementary,276,0.7,0.6,Excellent,Good,Good,0.84,0.93,0.75,0.9,0.89,0.93,0.95,0.91,0.95,,,0.533,0.467,0,0.232,0.232,0.022,0.156,0.018,0.943,0.185,0.895,0,0.301,0.663,0.025,0.004,0.004,N<5,0.291,0.527,0,0,N<5,0.4,0.008,0.277,0.667,0.024,0.002,0.015,0.007,0.294,0.659,0.018,0.001,0.012,5,0.53,0.876,0.503,0.85,N/A,N/A,N/A,N/A,N/A,N/A
,,,84X538,Icahn Charter School 5,K-8,328,0.59,0.75,Excellent,,Good,,,,,,,0.94,0.89,0.92,,,0.466,0.534,0,0.018,0.085,0.067,0,0,0.624,0.052,0.521,0.088,0.558,0.308,0.009,0.003,0.021,N<5,N<5,0.273,0,0,0.455,1.4,0.118,0.24,0.499,0.008,0.003,0.119,0.104,0.363,0.417,0.012,0.004,0.088,,,0.944,0.85,,N/A,N/A,N/A,N/A,N/A,N/A
,,,84X554,Choice Charter School,Elementary,203,0.35,0.29,Fair,Excellent,Good,0.84,1,0.81,0.9,0.97,0.93,0.98,0.88,0.95,,,0.414,0.586,0,0.192,0.31,0.01,0.133,0.158,0.899,0.197,0.837,0.005,0.34,0.611,0.015,0,0.025,0,0.167,0.5,0,0,0.083,0.5,0.004,0.3,0.656,0.01,0.001,0.017,0.007,0.294,0.659,0.018,0.001,0.012,15,0.43,N<15,N<15,0.89,N/A,N/A,N/A,N/A,N/A,N/A
,,,84X579,Bronx Charter School for Excellence 2,K-8,476,0.68,0.82,Excellent,Excellent,Good,0.87,0.96,0.74,0.85,0.75,0.9,0.97,0.89,0.95,,,0.473,0.527,0,0.099,0.116,0,0.082,0.004,0.755,0.057,0.674,0.221,0.363,0.389,0.008,0,0.013,N<5,0.564,0.205,0,0,N<5,0.9,0.169,0.165,0.531,0.01,0.004,0.112,0.104,0.363,0.417,0.012,0.004,0.088,,,0.957,0.89,,N/A,N/A,N/A,N/A,N/A,N/A
,,,84X585,Legacy College Preparatory Charter School,Middle,293,0.48,0.46,Fair,Fair,Fair,0.72,0.83,0.51,0.76,0.62,0.76,0.9,0.83,0.89,2.55,2.36,0.584,0.416,0,0.123,0.198,0,0.15,0.027,> 95%,0.166,0.866,0,0.311,0.676,0,0.003,0.01,N<5,0.492,0.365,0,0,0.079,0.6,0.005,0.286,0.683,0.006,0.001,0.014,0.005,0.286,0.681,0.008,0.004,0.012,3,0.42,0.897,0.662,,N/A,N/A,N/A,N/A,N/A,N/A
,,,84X586,Brilla Veritas Charter School,Elementary,504,0.59,0.53,Good,Fair,Good,0.68,0.58,0.56,0.68,0.72,0.71,0.93,0.92,0.95,,,0.518,0.482,0,0.252,0.222,0.018,0.141,0.016,0.912,0.123,0.859,0.004,0.274,0.683,0.02,0.002,0.008,N<5,0.113,0.521,N<5,N<5,0.324,0.6,0.006,0.325,0.624,0.016,0.002,0.017,0.007,0.294,0.659,0.018,0.001,0.012,2,0.8,0.923,0.712,0.89,N/A,N/A,N/A,N/A,N/A,N/A
,,,84X588,South Bronx Classical Charter School IV,K-8,394,0.86,0.83,Excellent,,,,,,,,,,,,,,0.495,0.505,0,0.14,0.152,0.096,0.005,0.003,0.866,0.063,0.789,0.005,0.47,0.477,0.003,0.003,0.013,N<5,0.507,0.254,0,0,0.197,0.8,0.011,0.333,0.62,0.01,0.002,0.016,0.006,0.307,0.653,0.011,0.002,0.012,1,0.33,N<15,N<15,0.96,N/A,N/A,N/A,N/A,N/A,N/A
,,,84X589,Bronx Charter School for Excellence 3,K-8,473,0.56,0.65,Excellent,,Good,,,,,,,0.94,0.87,0.96,,,0.564,0.436,0,0.027,0.099,0,0.051,0,0.797,0.095,0.727,0.017,0.732,0.249,0,0.002,0,N<5,0.5,N<5,0,0,0.214,0.7,0.014,0.506,0.429,0.015,0.007,0.021,0.104,0.363,0.417,0.012,0.004,0.088,,,0.955,0.886,,N/A,N/A,N/A,N/A,N/A,N/A
,,,84X592,Amber Charter School Kingsbridge,K-8,715,0.27,0.4,Fair,Good,Excellent,0.71,0.85,0.51,0.85,0.64,0.86,0.97,0.94,0.96,,,0.506,0.494,0,0.102,0.196,0.11,0.035,0.001,0.839,0.101,0.765,0.008,0.115,0.841,0.001,0.007,0.015,N<5,0.118,0.494,N<5,0,0.259,0.6,0.029,0.111,0.74,0.003,0.002,0.094,0.035,0.138,0.763,0.007,0.003,0.044,7.5,0.63,0.931,0.783,0.94,N/A,N/A,N/A,N/A,N/A,N/A
,,,84X598,KIPP Freedom Charter School,Middle,464,0.58,0.61,Good,,,,,,,,,,,,2.7,2.69,0.484,0.516,0,0.059,0.191,0.004,0.145,0.016,0.881,0.149,0.853,0.016,0.434,0.531,0.004,0,0.012,N<5,0.344,0.469,0,0,N<5,1.1,0.006,0.286,0.684,0.008,0.002,0.011,0.014,0.244,0.709,0.013,0.003,0.014,6,0.55,0.916,0.686,0.8,N/A,N/A,N/A,N/A,N/A,N/A
,,,84X599,Cardinal McCloskey Community Charter School,Elementary,466,0.46,0.4,Fair,,,,,,,,,,,,,,0.526,0.474,0,0.238,0.206,0,0.165,0.013,0.93,0.116,0.888,0.006,0.197,0.758,0.011,0.006,0.013,N<5,0.244,0.378,N<5,N<5,0.289,0.4,0.006,0.246,0.711,0.008,0.003,0.019,0.038,0.129,0.753,0.008,0.003,0.057,9,0.14,0.865,0.463,0.95,N/A,N/A,N/A,N/A,N/A,N/A
,,,84X606,Emblaze Academy Charter School,Middle,202,0.6,0.51,Good,,,,,,,,,,,,2.48,2.17,0.465,0.535,0,0.129,0.322,0.045,0.233,0.02,> 95%,0.198,0.901,0.015,0.292,0.673,0,0.005,0,N<5,0.579,0.211,N<5,0,N<5,1,0.009,0.26,0.704,0.009,0.001,0.011,0.062,0.181,0.703,0.012,0.003,0.034,4,0.52,0.864,0.507,0.93,N/A,N/A,N/A,N/A,N/A,N/A
,,,84X608,Bronx Charter School for Excellence 4,Elementary,349,0.82,0.77,Excellent,,Excellent,,,,,,,0.98,0.89,0.97,,,0.519,0.481,0,0.032,0.126,0,0.092,0.006,0.792,0.092,0.725,0.023,0.831,0.14,0,0,0,N<5,0.682,N<5,N<5,N<5,0.227,1.4,0.018,0.522,0.384,0.02,0.006,0.035,0.081,0.409,0.414,0.014,0.006,0.065,,,0.948,0.855,,N/A,N/A,N/A,N/A,N/A,N/A
,,,84X609,Zeta Charter Schools - South Bronx,Elementary,762,0.75,0.69,Excellent,,,,,,,,,,,,,,0.541,0.459,0,0.118,0.196,0.021,0.125,0.005,0.93,0.151,0.883,0.005,0.358,0.605,0.013,0.003,0.009,N<5,N<5,N<5,N<5,N<5,N<5,0.7,0.006,0.31,0.643,0.014,0.002,0.015,0.007,0.294,0.659,0.018,0.001,0.012,,,N<15,N<15,,N/A,N/A,N/A,N/A,N/A,N/A
,,,84X612,Creo College Preparatory Charter School,Middle,383,0.62,0.49,Excellent,,Excellent,,,,,,,0.98,0.94,0.99,2.45,2.29,0.446,0.554,0,0.144,0.287,0.037,0.206,0.016,0.919,0.243,0.843,0.003,0.334,0.621,0.016,0.008,0.013,N<5,0.297,0.473,N<5,N<5,0.176,1.4,0.01,0.347,0.608,0.007,0.002,0.018,0.005,0.286,0.681,0.008,0.004,0.012,6,0.61,0.889,0.587,0.95,N/A,N/A,N/A,N/A,N/A,N/A
,,,84X613,Bold Charter School,Elementary,404,0.78,0.69,Excellent,Fair,Good,0.74,,0.84,0.7,0.73,0.76,0.96,0.92,0.96,,,0.475,0.525,0,0.329,0.233,0,0.168,0.01,0.924,0.099,0.869,0.015,0.248,0.688,0.015,0.005,0.012,N<5,0.13,0.304,0,0,0.435,0.6,0.011,0.216,0.736,0.011,0.003,0.014,0.074,0.194,0.663,0.012,0.005,0.041,6,0.7,0.891,0.62,0.9,N/A,N/A,N/A,N/A,N/A,N/A
,,,84X614,Dream Charter School Mott Haven,K-8,652,0.64,0.56,Excellent,,Good,,,,,,,0.94,0.91,0.95,,,0.5,0.5,0,0.075,0.244,0.005,0.207,0.009,0.887,0.155,0.824,0.003,0.376,0.575,0.009,0.006,0.011,0.05,0.357,0.35,0,0,0.157,1.6,0.019,0.36,0.553,0.011,0.003,0.038,0.006,0.307,0.653,0.011,0.002,0.012,4,0.89,0.885,0.52,0.88,N/A,N/A,N/A,N/A,N/A,N/A
,,,84X615,University Prep Charter Middle School,Middle,382,0.49,0.48,Good,Good,Excellent,0.8,0.84,0.49,0.95,0.65,0.9,0.97,0.92,0.95,2.82,2.5,0.55,0.45,0,0.084,0.215,0,0.199,0.008,0.857,0.149,0.783,0.003,0.401,0.565,0.013,0.003,0.008,N<5,N<5,0.361,0,0,N<5,1.8,0.01,0.337,0.62,0.007,0.002,0.016,0.005,0.286,0.681,0.008,0.004,0.012,4,0.8,0.954,0.887,0.97,N/A,N/A,N/A,N/A,N/A,N/A
,,,84X616,KIPP Bronx Charter School II,K-8,974,0.54,0.48,Fair,Good,,0.66,0.58,0.51,0.81,0.62,0.67,,,,,,0.533,0.466,0.001,0.108,0.216,0.01,0.164,0.01,0.885,0.147,0.82,0.007,0.317,0.652,0.007,0.004,0.006,N<5,0.439,0.407,0,0,0.065,1.2,0.027,0.149,0.779,0.006,0.003,0.028,0.035,0.138,0.763,0.007,0.003,0.044,1,0.62,0.908,0.662,,N/A,N/A,N/A,N/A,N/A,N/A
,,,84X617,KIPP Bronx Charter School III,K-8,790,0.62,0.53,Good,,,,,,,,,,,,,,0.5,0.499,0.001,0.085,0.219,0.016,0.178,0.005,0.901,0.143,0.847,0.005,0.343,0.625,0.009,0,0.011,0.033,0.273,0.349,0,0,0.283,2.1,0.015,0.32,0.61,0.009,0.003,0.031,0.006,0.307,0.653,0.011,0.002,0.012,5,0.59,0.908,0.669,,N/A,N/A,N/A,N/A,N/A,N/A
,,,84X619,Bronx Arts and Science Charter School,Elementary,354,0.41,0.45,Fair,Fair,,,,,,,,,,,,,0.514,0.486,0,0.102,0.099,0,0.068,0.003,0.779,0.107,0.718,0.04,0.215,0.692,0.014,0.003,0.028,0.102,0.186,0.356,N<5,N<5,0.339,1.5,0.197,0.169,0.558,0.014,0.006,0.047,0.074,0.194,0.663,0.012,0.005,0.041,4,0.95,0.887,0.558,,N/A,N/A,N/A,N/A,N/A,N/A
,,,84X620,Bronx Charter School for Excellence 5,Elementary,269,0.84,0.75,Excellent,Excellent,Excellent,0.82,1,0.8,0.89,0.85,0.96,0.97,0.93,0.97,,,0.502,0.498,0,0.268,0.204,0,0.152,0.026,0.918,0.149,0.881,0.011,0.301,0.684,0.004,0,0,0,N<5,0.533,0,0,N<5,0.8,0.005,0.27,0.694,0.008,0.003,0.012,0.008,0.243,0.717,0.008,0.002,0.015,,,0.921,0.717,,N/A,N/A,N/A,N/A,N/A,N/A
,,,84X623,Neighborhood Charter School: Bronx,Elementary,416,0.76,0.65,Excellent,Fair,Good,0.74,,0.71,0.66,0.87,0.53,0.91,0.94,0.96,,,0.447,0.553,0,0.166,0.394,0,0.308,0.014,0.855,0.082,0.791,0.002,0.252,0.702,0.01,0.002,0.005,N<5,0.298,0.266,0,0,0.287,1.2,0.006,0.31,0.645,0.013,0.001,0.016,0.007,0.294,0.659,0.018,0.001,0.012,4,0.49,N<15,N<15,0.86,N/A,N/A,N/A,N/A,N/A,N/A
,,,84X627,Capital Preparatory Bronx Charter School,Middle,317,0.44,0.53,Good,Fair,Fair,0.73,0.73,0.46,0.77,0.62,0.7,0.91,0.83,0.88,2.88,2.71,0.521,0.479,0,0.006,0.104,0,0.098,0,0.683,0.055,0.601,0.006,0.845,0.129,0.003,0.003,0.013,N<5,0.442,0.326,0,0,N<5,1.3,0.009,0.653,0.306,0.006,0.002,0.018,0.072,0.463,0.405,0.014,0.004,0.036,,,0.96,0.947,,N/A,N/A,N/A,N/A,N/A,N/A
,,,84X633,Wildflower New York Charter School,Elementary,49,,,,,,,,,,,,,,,,,0.347,0.653,0,0.224,0.224,0.02,0.143,0.02,0.88,0.163,0.816,0,0.408,0.51,0,0,0,0,N<5,N<5,0,0,0,0.6,0.005,0.395,0.56,0.009,0.001,0.018,0.008,0.243,0.717,0.008,0.002,0.015,2,1,0.974,0.978,1,N/A,N/A,N/A,N/A,N/A,N/A
,,,84X638,Success Academy Charter School - Bronx 5 Upper,Elementary,97,0.95,0.82,Excellent,,,,,,,,,,,,,,0.546,0.454,0,0.103,0.216,0,0.186,0.01,0.93,0.258,0.876,0,0.381,0.567,0.01,0,0,N<5,N<5,N<5,N<5,N<5,N<5,0.8,0.005,0.292,0.664,0.012,0.001,0.016,0.007,0.294,0.659,0.018,0.001,0.012,,,N<15,N<15,,N/A,N/A,N/A,N/A,N/A,N/A
,,,84X703,Bronx Preparatory Charter School,Middle,413,0.5,0.53,Good,Good,,0.74,0.82,0.59,0.85,0.65,0.88,,,,2.72,2.57,0.506,0.494,0,0.08,0.184,0.012,0.121,0.036,0.882,0.121,0.822,0.002,0.487,0.479,0.012,0.002,0.01,0.058,0.442,0.115,0,0,0.212,1,0.005,0.313,0.659,0.007,0.002,0.011,0.007,0.278,0.693,0.006,0.002,0.01,7.5,0.6,0.912,0.697,0.95,N/A,N/A,N/A,N/A,N/A,N/A
,,,84X704,KIPP Academy Charter School,K-8,850,0.59,0.61,Good,,,,,,,,,,,,,,0.531,0.469,0,0.141,0.184,0.064,0.086,0.006,0.899,0.122,0.814,0.001,0.429,0.541,0.006,0,0.006,0.037,0.317,0.32,N<5,0,0.24,0.4,0.008,0.321,0.635,0.008,0.001,0.016,0.006,0.307,0.653,0.011,0.002,0.012,3,0.75,0.913,0.659,,N/A,N/A,N/A,N/A,N/A,N/A
,,,84X705,Family Life Academy Charter School,Elementary,409,0.43,0.39,Fair,Excellent,,,,,,,,,,,,,0.506,0.494,0,0.384,0.13,0.056,0.007,0.012,> 95%,0.149,0.91,0.002,0.159,0.822,0.005,0.002,0,N<5,0.219,0.563,N<5,N<5,0.188,0.4,0.008,0.239,0.719,0.014,0.005,0.008,0.008,0.243,0.717,0.008,0.002,0.015,,,0.913,0.67,,N/A,N/A,N/A,N/A,N/A,N/A
,,,84X706,Harriet Tubman Charter School,K-8,491,0.67,0.59,Good,Good,Excellent,0.76,0.92,0.5,0.87,0.61,0.87,0.99,0.99,0.99,,,0.503,0.497,0,0.134,0.126,0.016,0.1,0.002,0.934,0.147,0.87,0,0.593,0.379,0.008,0,0.01,N<5,0.514,0.229,N<5,N<5,0.229,0.4,0.006,0.4,0.564,0.006,0.001,0.016,0.008,0.301,0.661,0.008,0.003,0.012,32,0.9,,,0.94,N/A,N/A,N/A,N/A,N/A,N/A
,,,84X717,Icahn Charter School 1,K-8,337,0.56,0.8,Excellent,,,,,,,,,,,,,,0.555,0.445,0,0.045,0.074,0.056,0,0,0.902,0.098,0.834,0.021,0.546,0.409,0.006,0.003,0.003,N<5,0.323,0.258,N<5,N<5,0.387,0.7,0.005,0.307,0.661,0.007,0.002,0.011,0.008,0.301,0.661,0.008,0.003,0.012,4,0.92,0.94,0.82,0.95,N/A,N/A,N/A,N/A,N/A,N/A
,,,84X718,Bronx Charter School for Better Learning,Elementary,532,0.53,0.55,Good,Good,Excellent,0.86,0.88,0.84,0.86,0.88,0.83,0.96,0.94,0.96,,,0.492,0.508,0,0.013,0.113,0.009,0.077,0.002,0.723,0.032,0.66,0.013,0.861,0.085,0.011,0.004,0.006,N<5,0.603,0.082,0,0,0.274,0.8,0.01,0.629,0.317,0.011,0.005,0.015,0.081,0.409,0.414,0.014,0.006,0.065,2,0.72,0.936,0.804,0.93,N/A,N/A,N/A,N/A,N/A,N/A
,,,84X730,Bronx Charter School for the Arts,K-8,624,0.57,0.46,Good,Fair,Good,0.77,0.81,0.56,0.81,0.63,0.73,0.95,0.89,0.94,,,0.58,0.42,0,0.131,0.212,0.034,0.123,0.024,0.921,0.184,0.856,0.002,0.264,0.712,0.005,0.002,0.011,N<5,0.294,0.382,0,0,0.235,0.9,0.009,0.261,0.697,0.01,0.002,0.013,0.066,0.198,0.669,0.011,0.005,0.043,3.5,0.7,0.867,0.546,0.95,N/A,N/A,N/A,N/A,N/A,N/A
